student_id,source_dataset,cognitive_rating,coding_technical_rating,experiential_exposure,communication_soft_skills,self_learning_capability,team_collaboration,track_technical,target_role,canonical_domain
STU_001,EduPathAI_Core,6.77,6.98,4.0,5.0,0,0,1,Cybersecurity Analyst,Cybersecurity & Cloud
STU_002,EduPathAI_Core,7.03,7.525,4.0,5.0,0,0,1,Cybersecurity Analyst,Cybersecurity & Cloud
STU_003,EduPathAI_Core,4.87,4.800000000000001,4.0,5.0,0,0,1,Cybersecurity Analyst,Cybersecurity & Cloud
STU_004,EduPathAI_Core,5.18,4.8,5.2,5.0,0,0,1,Cybersecurity Analyst,Cybersecurity & Cloud
STU_005,EduPathAI_Core,8.03,7.039999999999999,6.4,7.5,0,1,1,Frontend Developer,Software & Web Development
STU_006,EduPathAI_Core,8.39,7.1,6.4,7.5,0,1,1,Backend Developer,Software & Web Development
STU_007,EduPathAI_Core,5.8,4.433333333333334,5.2,5.0,0,0,1,Data Analyst,Data Science & AI
STU_008,EduPathAI_Core,6.7,7.266666666666666,6.4,5.0,0,0,1,Database Administrator,Cybersecurity & Cloud
STU_009,EduPathAI_Core,8.08,7.000000000000001,5.2,7.5,0,0,1,Data Analyst,Data Science & AI
STU_010,EduPathAI_Core,7.3,7.116666666666665,7.6,7.5,1,1,1,Full-Stack Developer,Software & Web Development
STU_011,EduPathAI_Core,8.59,9.233333333333334,7.6,7.5,1,1,1,AI Engineer,Data Science & AI
STU_012,EduPathAI_Core,7.14,6.825,5.2,5.0,0,0,1,Database Administrator,Cybersecurity & Cloud
STU_013,EduPathAI_Core,5.74,4.933333333333334,4.0,5.0,0,0,1,Cybersecurity Analyst,Cybersecurity & Cloud
STU_014,EduPathAI_Core,6.14,4.75,5.2,5.0,0,0,1,Database Administrator,Cybersecurity & Cloud
STU_015,EduPathAI_Core,9.25,9.414285714285715,8.8,7.5,1,1,1,AI Engineer,Data Science & AI
STU_016,EduPathAI_Core,7.49,7.200000000000001,6.4,7.5,0,0,1,Cybersecurity Analyst,Cybersecurity & Cloud
STU_017,EduPathAI_Core,7.57,7.775,6.4,7.5,0,1,1,Frontend Developer,Software & Web Development
STU_018,EduPathAI_Core,7.0,7.359999999999999,7.6,7.5,0,1,1,Data Scientist,Data Science & AI
STU_019,EduPathAI_Core,7.71,7.428571428571428,8.8,7.5,0,1,1,Full-Stack Developer,Software & Web Development
STU_020,EduPathAI_Core,9.7,9.48888888888889,8.8,7.5,1,1,1,Full-Stack Developer,Software & Web Development
STU_021,EduPathAI_Core,7.26,6.98,7.6,7.5,0,1,1,Frontend Developer,Software & Web Development
STU_022,EduPathAI_Core,7.33,7.275,4.0,7.5,0,0,1,Cybersecurity Analyst,Cybersecurity & Cloud
STU_023,EduPathAI_Core,8.25,7.875,4.0,7.5,0,0,1,Cybersecurity Analyst,Cybersecurity & Cloud
STU_024,EduPathAI_Core,6.08,4.9,4.0,7.5,0,0,1,Cybersecurity Analyst,Cybersecurity & Cloud
STU_025,EduPathAI_Core,6.01,4.699999999999999,4.0,7.5,0,0,1,Cybersecurity Analyst,Cybersecurity & Cloud
STU_026,EduPathAI_Core,5.78,4.666666666666666,5.2,5.0,0,0,1,Cybersecurity Analyst,Cybersecurity & Cloud
STU_027,EduPathAI_Core,7.59,7.075,5.2,5.0,0,0,1,Cybersecurity Analyst,Cybersecurity & Cloud
STU_028,EduPathAI_Core,5.48,4.5,5.2,5.0,0,0,0,Digital Marketing Specialist,Business & Analytics
STU_029,EduPathAI_Core,7.54,7.483333333333334,10.0,7.5,1,1,1,Data Analyst,Data Science & AI
STU_030,EduPathAI_Core,7.84,6.975,6.4,5.0,1,0,0,UI/UX Designer,UI/UX & Product Design
STU_031,EduPathAI_Core,9.61,9.65,7.6,7.5,1,1,0,Product Manager,UI/UX & Product Design
STU_032,EduPathAI_Core,5.72,4.266666666666667,5.2,5.0,0,0,1,Cybersecurity Analyst,Cybersecurity & Cloud
STU_033,EduPathAI_Core,5.93,4.533333333333333,4.0,7.5,0,0,1,Cybersecurity Analyst,Cybersecurity & Cloud
STU_034,EduPathAI_Core,4.58,3.7333333333333334,4.0,5.0,0,0,0,Digital Marketing Specialist,Business & Analytics
STU_035,EduPathAI_Core,5.38,4.266666666666666,4.0,5.0,0,0,1,Data Analyst,Data Science & AI
STU_036,EduPathAI_Core,4.71,4.666666666666666,5.2,5.0,0,0,0,Digital Marketing Specialist,Business & Analytics
STU_037,EduPathAI_Core,5.62,4.933333333333334,4.0,5.0,0,0,1,Data Analyst,Data Science & AI
STU_038,EduPathAI_Core,6.63,6.949999999999999,6.4,7.5,0,1,1,Backend Developer,Software & Web Development
STU_039,EduPathAI_Core,5.33,4.75,4.0,5.0,0,0,1,Cybersecurity Analyst,Cybersecurity & Cloud
STU_040,EduPathAI_Core,6.85,7.55,7.6,7.5,1,1,1,BI Developer,Data Science & AI
STU_041,EduPathAI_Core,4.92,4.699999999999999,4.0,7.5,0,0,1,Cybersecurity Analyst,Cybersecurity & Cloud
STU_042,EduPathAI_Core,7.01,7.475,5.2,7.5,0,0,1,Cybersecurity Analyst,Cybersecurity & Cloud
STU_043,EduPathAI_Core,5.06,4.425,4.0,5.0,0,0,1,Cybersecurity Analyst,Cybersecurity & Cloud
STU_044,EduPathAI_Core,7.59,7.433333333333333,6.4,7.5,0,0,1,Cybersecurity Analyst,Cybersecurity & Cloud
STU_045,EduPathAI_Core,8.3,7.199999999999999,6.4,7.5,0,1,1,Cybersecurity Analyst,Cybersecurity & Cloud
STU_046,EduPathAI_Core,5.68,4.666666666666666,5.2,7.5,0,0,0,Business Analyst,Business & Analytics
STU_047,EduPathAI_Core,4.8,4.066666666666667,4.0,5.0,0,0,0,Marketing Analyst,Business & Analytics
STU_048,EduPathAI_Core,9.31,9.571428571428571,8.8,7.5,1,1,0,Product Manager,UI/UX & Product Design
STU_049,EduPathAI_Core,8.8,9.516666666666666,6.4,7.5,1,0,0,Product Manager,UI/UX & Product Design
STU_050,EduPathAI_Core,7.44,6.9,7.6,7.5,0,0,0,Product Manager,UI/UX & Product Design
STU_051,EduPathAI_Core,5.29,4.6499999999999995,5.2,7.5,0,0,0,Product Manager,UI/UX & Product Design
STU_052,EduPathAI_Core,5.01,4.5,6.4,7.5,0,1,0,Digital Marketing Specialist,Business & Analytics
STU_053,EduPathAI_Core,7.55,7.400000000000001,6.4,5.0,1,1,0,UI/UX Designer,UI/UX & Product Design
STU_054,EduPathAI_Core,8.86,9.628571428571428,6.4,7.5,1,1,1,Data Scientist,Data Science & AI
STU_055,EduPathAI_Core,4.94,4.7,4.0,5.0,0,0,0,Marketing Analyst,Business & Analytics
STU_056,EduPathAI_Core,6.33,4.533333333333333,4.0,5.0,0,0,1,Database Administrator,Cybersecurity & Cloud
STU_057,EduPathAI_Core,4.77,4.699999999999999,4.0,5.0,0,0,1,Data Analyst,Data Science & AI
STU_058,EduPathAI_Core,6.16,4.6000000000000005,4.0,5.0,0,0,1,Database Administrator,Cybersecurity & Cloud
STU_059,EduPathAI_Core,8.22,7.733333333333333,5.2,7.5,0,0,1,Data Analyst,Data Science & AI
STU_060,EduPathAI_Core,6.77,7.08,5.2,5.0,0,0,1,Database Administrator,Cybersecurity & Cloud
STU_061,EduPathAI_Core,6.11,4.425,5.2,5.0,0,0,0,Marketing Analyst,Business & Analytics
STU_062,EduPathAI_Core,7.98,7.420000000000001,7.6,5.0,1,1,1,Cloud DevOps Engineer,Cybersecurity & Cloud
STU_063,EduPathAI_Core,9.68,9.385714285714284,10.0,7.5,1,1,1,Full-Stack Developer,Software & Web Development
STU_064,EduPathAI_Core,7.88,7.749999999999999,5.2,5.0,0,0,1,Cybersecurity Analyst,Cybersecurity & Cloud
STU_065,EduPathAI_Core,4.94,4.625,4.0,5.0,0,0,1,Cybersecurity Analyst,Cybersecurity & Cloud
STU_066,EduPathAI_Core,4.59,4.4,5.2,5.0,0,0,0,Digital Marketing Specialist,Business & Analytics
STU_067,EduPathAI_Core,7.67,7.0200000000000005,5.2,5.0,0,0,0,Marketing Analyst,Business & Analytics
STU_068,EduPathAI_Core,9.52,9.399999999999999,7.6,7.5,1,1,0,Product Manager,UI/UX & Product Design
STU_069,EduPathAI_Core,9.05,9.459999999999999,8.8,5.0,1,0,1,Cloud DevOps Engineer,Cybersecurity & Cloud
STU_070,EduPathAI_Core,8.23,7.140000000000001,6.4,5.0,0,1,1,Backend Developer,Software & Web Development
STU_071,EduPathAI_Core,4.72,4.425,5.2,5.0,0,0,1,Cybersecurity Analyst,Cybersecurity & Cloud
STU_072,EduPathAI_Core,7.21,7.399999999999999,5.2,5.0,0,0,1,Cybersecurity Analyst,Cybersecurity & Cloud
STU_073,EduPathAI_Core,5.64,4.6499999999999995,4.0,5.0,0,0,1,Data Analyst,Data Science & AI
STU_074,EduPathAI_Core,8.11,7.125,5.2,5.0,0,0,0,Digital Marketing Specialist,Business & Analytics
STU_075,EduPathAI_Core,6.15,4.5,4.0,5.0,0,0,1,Cybersecurity Analyst,Cybersecurity & Cloud
STU_076,EduPathAI_Core,6.8,6.86,7.6,7.5,1,1,0,Business Analyst,Business & Analytics
STU_077,EduPathAI_Core,6.72,6.725,6.4,7.5,0,0,1,Cloud DevOps Engineer,Cybersecurity & Cloud
STU_078,EduPathAI_Core,7.45,6.720000000000001,6.4,5.0,0,0,1,Cloud DevOps Engineer,Cybersecurity & Cloud
STU_079,EduPathAI_Core,5.59,4.533333333333333,4.0,5.0,0,0,0,Financial Analyst,Business & Analytics
STU_080,EduPathAI_Core,9.01,9.214285714285714,10.0,7.5,1,1,1,AI Engineer,Data Science & AI
STU_081,EduPathAI_Core,6.31,5.066666666666667,4.0,5.0,0,0,1,Data Analyst,Data Science & AI
STU_082,EduPathAI_Core,5.34,4.233333333333333,4.0,7.5,0,0,1,Cybersecurity Analyst,Cybersecurity & Cloud
STU_083,EduPathAI_Core,5.2,4.9,4.0,7.5,0,0,1,Cybersecurity Analyst,Cybersecurity & Cloud
STU_084,EduPathAI_Core,7.11,7.666666666666666,4.0,7.5,0,0,1,Cybersecurity Analyst,Cybersecurity & Cloud
STU_085,EduPathAI_Core,8.98,9.7,8.8,5.0,1,0,1,Cloud DevOps Engineer,Cybersecurity & Cloud
STU_086,EduPathAI_Core,4.65,4.166666666666667,4.0,5.0,0,0,1,Cybersecurity Analyst,Cybersecurity & Cloud
STU_087,EduPathAI_Core,9.56,9.416666666666668,8.8,7.5,1,1,1,Frontend Developer,Software & Web Development
STU_088,EduPathAI_Core,6.17,4.85,4.0,7.5,0,0,1,Cloud DevOps Engineer,Cybersecurity & Cloud
STU_089,EduPathAI_Core,4.58,4.933333333333334,4.0,5.0,0,0,1,Cybersecurity Analyst,Cybersecurity & Cloud
STU_090,EduPathAI_Core,5.09,4.95,4.0,7.5,0,0,1,Cybersecurity Analyst,Cybersecurity & Cloud
STU_091,EduPathAI_Core,5.46,4.966666666666667,4.0,7.5,0,0,1,Cybersecurity Analyst,Cybersecurity & Cloud
STU_092,EduPathAI_Core,9.08,9.425,10.0,5.0,1,0,1,Cloud DevOps Engineer,Cybersecurity & Cloud
STU_093,EduPathAI_Core,9.34,9.525,6.4,5.0,1,0,1,Cloud DevOps Engineer,Cybersecurity & Cloud
STU_094,EduPathAI_Core,9.33,9.466666666666667,7.6,5.0,1,1,1,Cloud DevOps Engineer,Cybersecurity & Cloud
STU_095,EduPathAI_Core,6.16,4.75,6.4,5.0,0,0,1,Frontend Developer,Software & Web Development
STU_096,EduPathAI_Core,9.46,9.357142857142858,8.8,7.5,1,1,1,Full-Stack Developer,Software & Web Development
STU_097,EduPathAI_Core,9.21,9.75,5.2,7.5,1,0,1,Cybersecurity Analyst,Cybersecurity & Cloud
STU_098,EduPathAI_Core,7.01,6.733333333333333,5.2,5.0,0,0,1,Cybersecurity Analyst,Cybersecurity & Cloud
STU_099,EduPathAI_Core,7.27,7.26,4.0,5.0,0,0,1,Cybersecurity Analyst,Cybersecurity & Cloud
STU_100,EduPathAI_Core,7.51,7.466666666666666,6.4,7.5,0,1,1,Backend Developer,Software & Web Development
STU_101,EduPathAI_Core,7.35,7.14,7.6,7.5,1,1,1,Cloud DevOps Engineer,Cybersecurity & Cloud
STU_102,EduPathAI_Core,9.22,9.34,8.8,5.0,1,0,1,Cloud DevOps Engineer,Cybersecurity & Cloud
STU_103,EduPathAI_Core,6.17,4.325,4.0,5.0,0,0,1,Cybersecurity Analyst,Cybersecurity & Cloud
STU_104,EduPathAI_Core,4.81,4.8,4.0,5.0,0,0,1,Cybersecurity Analyst,Cybersecurity & Cloud
STU_105,EduPathAI_Core,7.67,7.66,4.0,5.0,0,0,1,Cybersecurity Analyst,Cybersecurity & Cloud
STU_106,EduPathAI_Core,5.67,4.55,4.0,7.5,0,0,1,Cybersecurity Analyst,Cybersecurity & Cloud
STU_107,EduPathAI_Core,7.81,7.675,4.0,5.0,0,0,1,Cybersecurity Analyst,Cybersecurity & Cloud
STU_108,EduPathAI_Core,9.08,9.45,8.8,5.0,1,1,1,Cloud DevOps Engineer,Cybersecurity & Cloud
STU_109,EduPathAI_Core,8.34,7.025,4.0,5.0,0,0,1,Cybersecurity Analyst,Cybersecurity & Cloud
STU_110,EduPathAI_Core,7.2,7.533333333333333,8.8,5.0,1,0,1,Cloud DevOps Engineer,Cybersecurity & Cloud
STU_111,EduPathAI_Core,8.94,9.24,10.0,5.0,1,1,1,Cloud DevOps Engineer,Cybersecurity & Cloud
STU_112,EduPathAI_Core,7.07,7.483333333333332,10.0,7.5,1,1,1,Full-Stack Developer,Software & Web Development
STU_113,EduPathAI_Core,5.61,4.85,4.0,7.5,0,0,1,Cybersecurity Analyst,Cybersecurity & Cloud
STU_114,EduPathAI_Core,5.59,3.95,5.2,7.5,0,0,1,Cybersecurity Analyst,Cybersecurity & Cloud
STU_115,EduPathAI_Core,5.45,4.6499999999999995,4.0,7.5,0,0,1,Cybersecurity Analyst,Cybersecurity & Cloud
STU_116,EduPathAI_Core,5.57,4.6,4.0,7.5,0,0,1,Cybersecurity Analyst,Cybersecurity & Cloud
STU_117,EduPathAI_Core,7.87,8.3,7.6,5.0,1,0,1,Cloud DevOps Engineer,Cybersecurity & Cloud
STU_118,EduPathAI_Core,9.74,9.516666666666666,6.4,5.0,1,0,1,Cybersecurity Analyst,Cybersecurity & Cloud
STU_119,EduPathAI_Core,7.86,7.5,5.2,5.0,0,0,1,Cybersecurity Analyst,Cybersecurity & Cloud
STU_120,EduPathAI_Core,7.87,7.48,6.4,7.5,0,1,1,Backend Developer,Software & Web Development
STU_121,EduPathAI_Core,7.72,7.424999999999999,4.0,7.5,0,0,1,Cybersecurity Analyst,Cybersecurity & Cloud
STU_122,EduPathAI_Core,5.66,4.633333333333334,4.0,5.0,0,0,1,Cybersecurity Analyst,Cybersecurity & Cloud
STU_123,EduPathAI_Core,6.51,6.925,8.8,5.0,1,0,1,Cloud DevOps Engineer,Cybersecurity & Cloud
STU_124,EduPathAI_Core,8.25,7.974999999999999,7.6,5.0,1,0,1,Cloud DevOps Engineer,Cybersecurity & Cloud
STU_125,EduPathAI_Core,5.79,4.8,4.0,5.0,0,0,1,Cybersecurity Analyst,Cybersecurity & Cloud
STU_126,EduPathAI_Core,6.07,4.833333333333333,4.0,5.0,0,0,1,Cybersecurity Analyst,Cybersecurity & Cloud
STU_127,EduPathAI_Core,7.35,7.066666666666666,4.0,7.5,0,0,1,Cybersecurity Analyst,Cybersecurity & Cloud
STU_128,EduPathAI_Core,5.6,4.45,6.4,5.0,0,0,1,Backend Developer,Software & Web Development
STU_129,EduPathAI_Core,4.56,4.6,5.2,5.0,0,0,1,Cybersecurity Analyst,Cybersecurity & Cloud
STU_130,EduPathAI_Core,5.21,4.3,6.4,5.0,0,0,1,Cloud DevOps Engineer,Cybersecurity & Cloud
STU_131,EduPathAI_Core,6.09,4.966666666666667,4.0,5.0,0,0,1,Cybersecurity Analyst,Cybersecurity & Cloud
STU_132,EduPathAI_Core,8.28,7.016666666666667,8.8,7.5,0,1,1,Backend Developer,Software & Web Development
STU_133,EduPathAI_Core,4.91,5.075000000000001,4.0,5.0,0,0,1,Cybersecurity Analyst,Cybersecurity & Cloud
STU_134,EduPathAI_Core,6.16,4.966666666666667,4.0,7.5,0,0,1,Cybersecurity Analyst,Cybersecurity & Cloud
STU_135,EduPathAI_Core,9.52,9.266666666666666,7.6,7.5,1,1,0,Financial Analyst,Business & Analytics
STU_136,EduPathAI_Core,9.6,9.357142857142858,10.0,7.5,1,1,0,Financial Analyst,Business & Analytics
STU_137,EduPathAI_Core,8.92,9.299999999999999,10.0,7.5,1,1,0,Financial Analyst,Business & Analytics
STU_138,EduPathAI_Core,7.22,7.399999999999999,8.8,5.0,1,1,1,BI Developer,Data Science & AI
STU_139,EduPathAI_Core,9.04,9.183333333333334,10.0,7.5,1,1,0,Financial Analyst,Business & Analytics
STU_140,EduPathAI_Core,8.23,7.133333333333333,10.0,7.5,1,1,0,Business Analyst,Business & Analytics
STU_141,EduPathAI_Core,5.74,4.1499999999999995,4.0,5.0,0,0,0,Financial Analyst,Business & Analytics
STU_142,EduPathAI_Core,5.99,5.0,6.4,5.0,0,0,1,BI Developer,Data Science & AI
STU_143,EduPathAI_Core,7.57,7.499999999999999,6.4,5.0,0,0,0,Financial Analyst,Business & Analytics
STU_144,EduPathAI_Core,8.94,9.6,10.0,5.0,1,0,0,Financial Analyst,Business & Analytics
STU_145,EduPathAI_Core,4.79,4.033333333333333,5.2,5.0,0,0,0,Financial Analyst,Business & Analytics
STU_146,EduPathAI_Core,6.86,7.4399999999999995,10.0,5.0,1,0,1,BI Developer,Data Science & AI
STU_147,EduPathAI_Core,8.58,9.25,10.0,7.5,1,1,0,Financial Analyst,Business & Analytics
STU_148,EduPathAI_Core,8.06,7.880000000000001,5.2,5.0,0,0,1,BI Developer,Data Science & AI
STU_149,EduPathAI_Core,7.54,7.779999999999999,7.6,5.0,0,1,0,Financial Analyst,Business & Analytics
STU_150,EduPathAI_Core,9.53,9.357142857142856,10.0,7.5,1,1,0,Financial Analyst,Business & Analytics
STU_151,EduPathAI_Core,9.8,9.45,10.0,7.5,1,1,0,Financial Analyst,Business & Analytics
STU_152,EduPathAI_Core,6.72,7.525,7.6,7.5,0,0,1,BI Developer,Data Science & AI
STU_153,EduPathAI_Core,8.86,9.32,10.0,5.0,1,1,1,Data Scientist,Data Science & AI
STU_154,EduPathAI_Core,5.17,4.633333333333334,6.4,5.0,0,0,1,Database Administrator,Cybersecurity & Cloud
STU_155,EduPathAI_Core,6.72,6.92,8.8,7.5,0,1,0,Marketing Analyst,Business & Analytics
STU_156,EduPathAI_Core,9.63,9.416666666666668,10.0,7.5,1,1,1,AI Engineer,Data Science & AI
STU_157,EduPathAI_Core,6.82,7.039999999999999,8.8,7.5,0,1,0,Marketing Analyst,Business & Analytics
STU_158,EduPathAI_Core,7.35,7.4,8.8,5.0,0,1,1,Data Analyst,Data Science & AI
STU_159,EduPathAI_Core,5.17,4.266666666666667,6.4,5.0,0,0,1,AI Engineer,Data Science & AI
STU_160,EduPathAI_Core,8.39,7.380000000000001,8.8,7.5,1,1,1,BI Developer,Data Science & AI
STU_161,EduPathAI_Core,9.09,9.357142857142858,10.0,7.5,1,1,1,Data Scientist,Data Science & AI
STU_162,EduPathAI_Core,7.95,7.8999999999999995,10.0,7.5,1,1,1,BI Developer,Data Science & AI
STU_163,EduPathAI_Core,9.02,9.2625,6.4,7.5,1,1,0,Product Manager,UI/UX & Product Design
STU_164,EduPathAI_Core,6.76,7.119999999999999,10.0,7.5,1,1,0,UI/UX Designer,UI/UX & Product Design
STU_165,EduPathAI_Core,7.62,7.6,10.0,5.0,1,0,0,UI/UX Designer,UI/UX & Product Design
STU_166,EduPathAI_Core,9.53,9.416666666666666,10.0,7.5,1,1,0,Product Manager,UI/UX & Product Design
STU_167,EduPathAI_Core,6.58,7.071428571428572,8.8,7.5,1,1,0,UI/UX Designer,UI/UX & Product Design
STU_168,EduPathAI_Core,8.82,9.242857142857142,10.0,7.5,1,1,0,UI/UX Designer,UI/UX & Product Design
STU_169,EduPathAI_Core,9.43,9.399999999999999,7.6,5.0,1,1,0,UI/UX Designer,UI/UX & Product Design
STU_170,EduPathAI_Core,8.24,7.5,6.4,5.0,0,0,0,Digital Marketing Specialist,Business & Analytics
STU_171,EduPathAI_Core,8.59,9.5,8.8,5.0,1,1,0,UI/UX Designer,UI/UX & Product Design
STU_172,EduPathAI_Core,6.55,7.166666666666667,7.6,5.0,0,1,0,UI/UX Designer,UI/UX & Product Design
STU_173,EduPathAI_Core,6.35,4.699999999999999,6.4,5.0,0,0,0,Marketing Analyst,Business & Analytics
STU_174,EduPathAI_Core,5.05,4.4,5.2,5.0,0,0,0,UI/UX Designer,UI/UX & Product Design
STU_175,EduPathAI_Core,7.61,7.0,8.8,7.5,0,1,0,UI/UX Designer,UI/UX & Product Design
STU_176,EduPathAI_Core,4.91,4.6,4.0,7.5,0,0,0,Digital Marketing Specialist,Business & Analytics
STU_177,EduPathAI_Core,9.1,9.383333333333331,7.6,5.0,1,1,0,UI/UX Designer,UI/UX & Product Design
STU_178,EduPathAI_Core,6.6,6.983333333333333,7.6,5.0,0,0,0,UI/UX Designer,UI/UX & Product Design
STU_179,EduPathAI_Core,8.76,9.58,8.8,5.0,1,0,0,Marketing Analyst,Business & Analytics
STU_180,EduPathAI_Core,7.4,7.9,6.4,5.0,0,1,0,UI/UX Designer,UI/UX & Product Design
STU_181,EduPathAI_Core,9.41,9.325,8.8,7.5,1,1,0,Product Manager,UI/UX & Product Design
STU_182,EduPathAI_Core,4.78,5.0,6.4,5.0,0,1,0,UI/UX Designer,UI/UX & Product Design
STU_183,EduPathAI_Core,9.73,9.642857142857142,10.0,7.5,1,1,0,UI/UX Designer,UI/UX & Product Design
STU_184,EduPathAI_Core,8.34,7.866666666666666,6.4,7.5,0,0,0,Digital Marketing Specialist,Business & Analytics
STU_185,EduPathAI_Core,5.0,4.475,5.2,5.0,0,0,0,Marketing Analyst,Business & Analytics
STU_186,EduPathAI_Core,9.53,9.471428571428573,10.0,5.0,1,1,0,UI/UX Designer,UI/UX & Product Design
STU_187,EduPathAI_Core,7.32,6.983333333333333,8.8,7.5,0,1,0,Marketing Analyst,Business & Analytics
STU_188,EduPathAI_Core,7.69,7.133333333333334,10.0,7.5,1,1,0,UI/UX Designer,UI/UX & Product Design
STU_189,EduPathAI_Core,8.79,9.2875,10.0,7.5,1,1,0,UI/UX Designer,UI/UX & Product Design
STU_190,EduPathAI_Core,6.83,7.739999999999999,7.6,5.0,1,0,0,UI/UX Designer,UI/UX & Product Design
STU_191,EduPathAI_Core,5.37,4.566666666666666,6.4,7.5,0,0,0,Marketing Analyst,Business & Analytics
STU_192,EduPathAI_Core,5.57,4.8999999999999995,6.4,5.0,0,0,0,Digital Marketing Specialist,Business & Analytics
STU_193,EduPathAI_Core,7.67,7.171428571428571,10.0,7.5,1,1,0,UI/UX Designer,UI/UX & Product Design
STU_194,EduPathAI_Core,7.34,7.320000000000001,10.0,7.5,1,1,0,UI/UX Designer,UI/UX & Product Design
STU_195,EduPathAI_Core,7.27,7.5,10.0,5.0,1,0,0,UI/UX Designer,UI/UX & Product Design
STU_196,EduPathAI_Core,6.74,7.26,6.4,5.0,0,0,0,Digital Marketing Specialist,Business & Analytics
STU_197,EduPathAI_Core,9.51,9.333333333333332,10.0,7.5,1,1,0,UI/UX Designer,UI/UX & Product Design
STU_198,EduPathAI_Core,9.61,9.399999999999999,10.0,7.5,1,1,0,UI/UX Designer,UI/UX & Product Design
STU_199,EduPathAI_Core,5.75,5.066666666666667,6.4,7.5,0,0,0,Marketing Analyst,Business & Analytics
STU_200,EduPathAI_Core,7.75,7.6,6.4,5.0,1,0,0,UI/UX Designer,UI/UX & Product Design
STU_201,EduPathAI_Core,9.64,9.76,6.4,7.5,1,0,0,Product Manager,UI/UX & Product Design
STU_202,EduPathAI_Core,9.11,9.516666666666666,7.6,7.5,1,1,0,UI/UX Designer,UI/UX & Product Design
STU_203,EduPathAI_Core,7.1,6.916666666666668,5.2,5.0,0,0,0,Marketing Analyst,Business & Analytics
STU_204,EduPathAI_Core,7.94,6.874999999999999,6.4,5.0,0,0,0,UI/UX Designer,UI/UX & Product Design
STU_205,EduPathAI_Core,5.07,5.0,5.2,5.0,0,0,0,Marketing Analyst,Business & Analytics
STU_206,EduPathAI_Core,9.69,9.6,8.8,5.0,1,0,0,UI/UX Designer,UI/UX & Product Design
STU_207,EduPathAI_Core,6.59,6.966666666666667,8.8,5.0,0,0,0,Marketing Analyst,Business & Analytics
STU_208,EduPathAI_Core,6.76,6.475,6.4,5.0,0,0,1,AI Engineer,Data Science & AI
STU_209,EduPathAI_Core,6.8,7.05,7.6,5.0,0,0,1,Data Analyst,Data Science & AI
STU_210,EduPathAI_Core,7.0,7.05,8.8,7.5,1,1,1,Data Scientist,Data Science & AI
STU_211,EduPathAI_Core,9.59,9.725,8.8,5.0,1,0,1,Business Analyst,Business & Analytics
STU_212,EduPathAI_Core,7.34,7.54,6.4,5.0,0,0,1,BI Developer,Data Science & AI
STU_213,EduPathAI_Core,9.34,9.42,10.0,5.0,1,0,1,Frontend Developer,Software & Web Development
STU_214,EduPathAI_Core,5.35,4.2749999999999995,5.2,5.0,0,0,1,Backend Developer,Software & Web Development
STU_215,EduPathAI_Core,5.78,4.975,4.0,5.0,0,0,1,Full-Stack Developer,Software & Web Development
STU_216,EduPathAI_Core,4.69,4.725,5.2,5.0,0,0,1,Cloud DevOps Engineer,Cybersecurity & Cloud
STU_217,EduPathAI_Core,7.91,7.666666666666666,6.4,7.5,0,0,1,Cybersecurity Analyst,Cybersecurity & Cloud
STU_218,EduPathAI_Core,8.09,8.166666666666668,10.0,5.0,1,0,1,Database Administrator,Cybersecurity & Cloud
STU_219,EduPathAI_Core,9.04,9.51111111111111,10.0,7.5,1,1,1,Financial Analyst,Business & Analytics
STU_220,EduPathAI_Core,7.57,7.340000000000001,8.8,5.0,0,1,1,Digital Marketing Specialist,Business & Analytics
STU_221,EduPathAI_Core,7.06,7.675000000000001,8.8,5.0,1,0,1,Marketing Analyst,Business & Analytics
STU_222,EduPathAI_Core,8.0,7.9,8.8,5.0,0,0,1,Product Manager,UI/UX & Product Design
STU_223,EduPathAI_Core,8.37,7.350000000000001,10.0,5.0,0,1,1,UI/UX Designer,UI/UX & Product Design
STU_224,EduPathAI_Core,9.31,9.416666666666668,7.6,7.5,1,1,1,AI Engineer,Data Science & AI
STU_225,EduPathAI_Core,9.3,9.32857142857143,8.8,7.5,1,1,1,Data Analyst,Data Science & AI
STU_226,EduPathAI_Core,6.87,7.975000000000001,7.6,5.0,1,0,1,Data Scientist,Data Science & AI
STU_227,EduPathAI_Core,5.8,4.3,6.4,5.0,0,0,1,Business Analyst,Business & Analytics
STU_228,EduPathAI_Core,5.36,4.625,4.0,5.0,0,0,1,BI Developer,Data Science & AI
STU_229,EduPathAI_Core,8.87,9.483333333333334,10.0,7.5,1,1,1,AI Engineer,Data Science & AI
STU_230,EduPathAI_Core,6.16,4.6499999999999995,5.2,5.0,0,0,1,Backend Developer,Software & Web Development
STU_231,EduPathAI_Core,7.67,7.279999999999999,6.4,5.0,0,0,1,Full-Stack Developer,Software & Web Development
STU_232,EduPathAI_Core,4.74,4.25,5.2,5.0,0,0,1,Cloud DevOps Engineer,Cybersecurity & Cloud
STU_233,EduPathAI_Core,6.82,7.333333333333334,5.2,7.5,0,0,0,Business Analyst,Business & Analytics
STU_234,EduPathAI_Core,6.77,7.4,7.6,7.5,1,1,1,BI Developer,Data Science & AI
STU_235,EduPathAI_Core,7.4,7.1000000000000005,7.6,7.5,0,1,1,BI Developer,Data Science & AI
STU_236,EduPathAI_Core,5.35,4.8,5.2,5.0,0,0,1,Data Analyst,Data Science & AI
STU_237,EduPathAI_Core,5.95,4.5,6.4,5.0,0,0,1,AI Engineer,Data Science & AI
STU_238,EduPathAI_Core,7.12,7.216666666666667,10.0,7.5,1,1,1,BI Developer,Data Science & AI
STU_239,EduPathAI_Core,6.76,6.866666666666666,10.0,7.5,1,1,1,BI Developer,Data Science & AI
STU_240,EduPathAI_Core,9.25,9.6,10.0,7.5,1,1,1,Data Scientist,Data Science & AI
STU_241,EduPathAI_Core,8.72,9.15,10.0,7.5,1,1,1,Data Scientist,Data Science & AI
STU_242,EduPathAI_Core,6.84,7.06,10.0,7.5,1,1,1,BI Developer,Data Science & AI
STU_243,EduPathAI_Core,5.32,4.9,5.2,5.0,0,0,1,AI Engineer,Data Science & AI
STU_244,EduPathAI_Core,8.23,7.550000000000001,6.4,7.5,0,0,1,BI Developer,Data Science & AI
STU_245,EduPathAI_Core,9.3,9.366666666666667,10.0,7.5,1,1,1,Full-Stack Developer,Software & Web Development
STU_246,EduPathAI_Core,6.51,6.66,8.8,7.5,0,1,1,Backend Developer,Software & Web Development
STU_247,EduPathAI_Core,9.52,9.6,10.0,7.5,1,1,1,Data Scientist,Data Science & AI
STU_248,EduPathAI_Core,6.87,7.033333333333335,10.0,7.5,0,1,1,Data Scientist,Data Science & AI
STU_249,EduPathAI_Core,6.33,5.066666666666666,6.4,5.0,0,0,0,Financial Analyst,Business & Analytics
STU_250,EduPathAI_Core,7.17,7.15,10.0,5.0,1,1,1,Cloud DevOps Engineer,Cybersecurity & Cloud
STU_251,EduPathAI_Core,8.81,9.433333333333334,5.2,5.0,1,0,1,AI Engineer,Data Science & AI
STU_252,EduPathAI_Core,4.85,4.275,6.4,5.0,0,0,0,UI/UX Designer,UI/UX & Product Design
STU_253,EduPathAI_Core,6.73,6.783333333333333,10.0,7.5,1,1,1,BI Developer,Data Science & AI
STU_254,EduPathAI_Core,5.31,4.4,6.4,7.5,0,1,0,Digital Marketing Specialist,Business & Analytics
STU_255,EduPathAI_Core,9.22,9.183333333333334,8.8,7.5,1,1,0,Product Manager,UI/UX & Product Design
STU_256,EduPathAI_Core,9.08,9.483333333333334,4.0,5.0,1,0,0,Digital Marketing Specialist,Business & Analytics
STU_257,EduPathAI_Core,9.63,9.388888888888888,10.0,7.5,1,1,0,UI/UX Designer,UI/UX & Product Design
STU_258,EduPathAI_Core,6.65,6.48,10.0,7.5,1,1,0,Product Manager,UI/UX & Product Design
STU_259,EduPathAI_Core,7.34,7.383333333333333,10.0,7.5,1,1,0,Product Manager,UI/UX & Product Design
STU_260,EduPathAI_Core,6.23,4.866666666666666,6.4,5.0,0,0,0,Digital Marketing Specialist,Business & Analytics
STU_261,EduPathAI_Core,5.15,4.6,4.0,5.0,0,0,0,Marketing Analyst,Business & Analytics
STU_262,EduPathAI_Core,7.54,7.3166666666666655,10.0,7.5,1,1,0,Product Manager,UI/UX & Product Design
STU_263,EduPathAI_Core,6.71,6.816666666666667,6.4,5.0,0,0,0,Marketing Analyst,Business & Analytics
STU_264,EduPathAI_Core,7.99,7.55,7.6,5.0,1,0,1,Database Administrator,Cybersecurity & Cloud
STU_265,EduPathAI_Core,6.73,6.4750000000000005,8.8,5.0,1,1,0,UI/UX Designer,UI/UX & Product Design
STU_266,EduPathAI_Core,9.65,9.662500000000001,10.0,5.0,1,1,0,UI/UX Designer,UI/UX & Product Design
STU_267,EduPathAI_Core,7.83,7.4,5.2,5.0,0,0,0,UI/UX Designer,UI/UX & Product Design
STU_268,EduPathAI_Core,7.33,7.640000000000001,5.2,5.0,0,0,0,UI/UX Designer,UI/UX & Product Design
STU_269,EduPathAI_Core,8.18,7.460000000000001,4.0,5.0,0,0,0,Marketing Analyst,Business & Analytics
STU_270,EduPathAI_Core,6.63,7.040000000000001,6.4,5.0,0,0,0,Digital Marketing Specialist,Business & Analytics
STU_271,EduPathAI_Core,8.77,9.5,10.0,5.0,1,0,0,UI/UX Designer,UI/UX & Product Design
STU_272,EduPathAI_Core,7.51,7.949999999999999,8.8,5.0,1,1,0,UI/UX Designer,UI/UX & Product Design
STU_273,EduPathAI_Core,7.46,7.880000000000001,5.2,5.0,0,0,0,Marketing Analyst,Business & Analytics
STU_274,EduPathAI_Core,8.5,9.440000000000001,5.2,5.0,1,0,0,Digital Marketing Specialist,Business & Analytics
STU_275,EduPathAI_Core,8.98,9.242857142857142,10.0,7.5,1,1,0,Product Manager,UI/UX & Product Design
STU_276,EduPathAI_Core,9.06,9.657142857142857,10.0,7.5,1,1,0,UI/UX Designer,UI/UX & Product Design
STU_277,EduPathAI_Core,8.69,9.399999999999999,7.6,5.0,1,0,0,Marketing Analyst,Business & Analytics
STU_278,EduPathAI_Core,8.65,9.52,10.0,5.0,1,0,0,Digital Marketing Specialist,Business & Analytics
STU_279,EduPathAI_Core,8.12,7.066666666666666,10.0,5.0,0,0,0,Marketing Analyst,Business & Analytics
STU_280,EduPathAI_Core,6.9,7.324999999999999,8.8,5.0,0,0,0,Digital Marketing Specialist,Business & Analytics
STU_281,EduPathAI_Core,9.62,9.428571428571429,10.0,5.0,1,1,0,UI/UX Designer,UI/UX & Product Design
STU_282,EduPathAI_Core,9.56,9.342857142857143,10.0,5.0,1,1,0,UI/UX Designer,UI/UX & Product Design
STU_283,EduPathAI_Core,9.35,9.471428571428572,10.0,7.5,1,1,0,Product Manager,UI/UX & Product Design
STU_284,EduPathAI_Core,9.04,9.242857142857142,10.0,7.5,1,1,0,Product Manager,UI/UX & Product Design
STU_285,EduPathAI_Core,7.65,6.466666666666666,6.4,5.0,0,1,0,Marketing Analyst,Business & Analytics
STU_286,EduPathAI_Core,6.63,8.075,7.6,5.0,0,1,0,Digital Marketing Specialist,Business & Analytics
STU_287,EduPathAI_Core,8.56,9.333333333333334,10.0,7.5,1,1,0,Product Manager,UI/UX & Product Design
STU_288,EduPathAI_Core,9.51,9.299999999999999,10.0,7.5,1,1,0,Product Manager,UI/UX & Product Design
STU_289,EduPathAI_Core,8.35,7.283333333333334,10.0,7.5,1,1,0,Product Manager,UI/UX & Product Design
STU_290,EduPathAI_Core,8.32,7.642857142857142,10.0,7.5,1,1,0,Product Manager,UI/UX & Product Design
STU_291,EduPathAI_Core,4.85,4.3500000000000005,6.4,7.5,0,1,1,AI Engineer,Data Science & AI
STU_292,EduPathAI_Core,4.71,4.733333333333333,6.4,5.0,0,0,1,Data Analyst,Data Science & AI
STU_293,EduPathAI_Core,8.62,9.116666666666667,10.0,7.5,1,1,1,Data Scientist,Data Science & AI
STU_294,EduPathAI_Core,8.84,9.149999999999999,10.0,7.5,1,1,1,Data Scientist,Data Science & AI
STU_295,EduPathAI_Core,7.29,6.98,10.0,7.5,1,1,1,BI Developer,Data Science & AI
STU_296,EduPathAI_Core,8.25,7.516666666666666,10.0,7.5,1,1,1,BI Developer,Data Science & AI
STU_297,EduPathAI_Core,9.76,9.442857142857141,10.0,7.5,1,1,1,Data Scientist,Data Science & AI
STU_298,EduPathAI_Core,9.69,9.414285714285715,10.0,7.5,1,1,1,Data Scientist,Data Science & AI
STU_299,EduPathAI_Core,7.81,7.039999999999999,5.2,5.0,0,0,1,Data Analyst,Data Science & AI
STU_300,EduPathAI_Core,7.02,7.0,6.4,5.0,0,0,1,AI Engineer,Data Science & AI
STU_301,EduPathAI_Core,5.34,4.699999999999999,5.2,5.0,0,0,1,Data Analyst,Data Science & AI
STU_302,EduPathAI_Core,5.13,4.525,5.2,5.0,0,0,1,Data Analyst,Data Science & AI
STU_303,EduPathAI_Core,7.85,6.959999999999999,5.2,5.0,0,0,1,AI Engineer,Data Science & AI
STU_304,EduPathAI_Core,8.11,7.220000000000001,5.2,5.0,0,0,1,Data Analyst,Data Science & AI
STU_305,EduPathAI_Core,8.35,7.7,5.2,7.5,0,0,1,Data Analyst,Data Science & AI
STU_306,EduPathAI_Core,8.06,7.749999999999999,6.4,7.5,0,1,1,BI Developer,Data Science & AI
STU_307,EduPathAI_Core,9.69,9.257142857142856,10.0,7.5,1,1,1,Data Scientist,Data Science & AI
STU_308,EduPathAI_Core,9.36,9.357142857142856,10.0,7.5,1,1,1,Data Scientist,Data Science & AI
STU_309,EduPathAI_Core,7.36,7.566666666666665,10.0,7.5,1,1,1,BI Developer,Data Science & AI
STU_310,EduPathAI_Core,7.89,7.183333333333333,10.0,7.5,1,1,1,BI Developer,Data Science & AI
STU_311,EduPathAI_Core,7.39,6.959999999999999,6.4,5.0,0,0,1,Data Analyst,Data Science & AI
STU_312,EduPathAI_Core,6.74,7.225,6.4,5.0,0,1,1,AI Engineer,Data Science & AI
STU_313,EduPathAI_Core,9.27,9.414285714285713,7.6,7.5,1,1,1,Data Scientist,Data Science & AI
STU_314,EduPathAI_Core,9.63,9.485714285714286,10.0,7.5,1,1,1,Data Scientist,Data Science & AI
STU_315,EduPathAI_Core,9.21,9.428571428571429,10.0,7.5,1,1,1,Data Scientist,Data Science & AI
STU_316,EduPathAI_Core,9.4,9.316666666666666,10.0,7.5,1,1,1,Data Scientist,Data Science & AI
STU_317,EduPathAI_Core,9.77,9.549999999999999,10.0,5.0,1,0,0,UI/UX Designer,UI/UX & Product Design
STU_318,EduPathAI_Core,9.17,9.433333333333334,10.0,5.0,1,0,0,UI/UX Designer,UI/UX & Product Design
STU_319,EduPathAI_Core,8.73,9.466666666666667,6.4,5.0,1,0,0,UI/UX Designer,UI/UX & Product Design
STU_320,EduPathAI_Core,9.52,9.566666666666666,6.4,5.0,1,0,0,UI/UX Designer,UI/UX & Product Design
STU_321,EduPathAI_Core,8.22,6.999999999999998,7.6,5.0,1,0,0,UI/UX Designer,UI/UX & Product Design
STU_322,EduPathAI_Core,7.79,7.2250000000000005,6.4,5.0,1,0,0,UI/UX Designer,UI/UX & Product Design
STU_323,EduPathAI_Core,4.96,4.466666666666666,4.0,5.0,0,0,0,Marketing Analyst,Business & Analytics
STU_324,EduPathAI_Core,4.65,4.5,6.4,5.0,0,0,0,Digital Marketing Specialist,Business & Analytics
STU_325,EduPathAI_Core,7.49,7.76,5.2,5.0,0,0,0,Marketing Analyst,Business & Analytics
STU_326,EduPathAI_Core,7.75,7.180000000000001,6.4,5.0,0,0,0,Digital Marketing Specialist,Business & Analytics
STU_327,EduPathAI_Core,5.91,4.85,4.0,5.0,0,0,0,Marketing Analyst,Business & Analytics
STU_328,EduPathAI_Core,5.92,4.6,6.4,5.0,0,0,0,Digital Marketing Specialist,Business & Analytics
STU_329,EduPathAI_Core,7.36,6.933333333333334,10.0,7.5,1,1,0,Product Manager,UI/UX & Product Design
STU_330,EduPathAI_Core,7.71,7.183333333333334,10.0,7.5,1,1,0,Product Manager,UI/UX & Product Design
STU_331,EduPathAI_Core,5.12,4.966666666666667,6.4,7.5,0,1,0,Marketing Analyst,Business & Analytics
STU_332,EduPathAI_Core,6.38,4.4,6.4,5.0,0,1,0,Digital Marketing Specialist,Business & Analytics
STU_333,EduPathAI_Core,7.93,7.180000000000001,5.2,5.0,1,0,0,UI/UX Designer,UI/UX & Product Design
STU_334,EduPathAI_Core,8.16,7.6,6.4,5.0,0,0,0,UI/UX Designer,UI/UX & Product Design
STU_335,EduPathAI_Core,5.68,4.333333333333333,4.0,5.0,0,0,0,Marketing Analyst,Business & Analytics
STU_336,EduPathAI_Core,5.68,4.6000000000000005,5.2,5.0,0,0,0,Digital Marketing Specialist,Business & Analytics
STU_337,EduPathAI_Core,7.6,7.266666666666667,7.6,5.0,1,0,0,UI/UX Designer,UI/UX & Product Design
STU_338,EduPathAI_Core,7.51,7.975,7.6,5.0,1,0,0,UI/UX Designer,UI/UX & Product Design
STU_339,EduPathAI_Core,6.78,7.066666666666666,7.6,5.0,1,0,0,UI/UX Designer,UI/UX & Product Design
STU_340,EduPathAI_Core,8.09,7.324999999999999,7.6,5.0,1,0,0,UI/UX Designer,UI/UX & Product Design
STU_341,EduPathAI_Core,8.34,7.46,5.2,5.0,1,0,0,UI/UX Designer,UI/UX & Product Design
STU_342,EduPathAI_Core,7.59,7.14,5.2,5.0,0,0,0,UI/UX Designer,UI/UX & Product Design
STU_343,EduPathAI_Core,8.3,7.850000000000001,7.6,7.5,1,1,0,UI/UX Designer,UI/UX & Product Design
STU_344,EduPathAI_Core,7.89,6.733333333333333,6.4,5.0,1,1,0,UI/UX Designer,UI/UX & Product Design
STU_345,EduPathAI_Core,9.77,9.75,5.2,5.0,1,0,0,UI/UX Designer,UI/UX & Product Design
STU_346,EduPathAI_Core,8.71,9.514285714285712,5.2,5.0,1,0,0,UI/UX Designer,UI/UX & Product Design
STU_347,EduPathAI_Core,9.58,9.428571428571429,5.2,5.0,1,0,0,UI/UX Designer,UI/UX & Product Design
STU_348,EduPathAI_Core,9.77,9.5,5.2,5.0,1,0,0,UI/UX Designer,UI/UX & Product Design
STU_349,EduPathAI_Core,5.95,5.033333333333333,5.2,5.0,0,0,0,Marketing Analyst,Business & Analytics
STU_350,EduPathAI_Core,4.68,4.35,5.2,5.0,0,0,0,Digital Marketing Specialist,Business & Analytics
STU_351,EduPathAI_Core,4.79,4.933333333333334,4.0,5.0,0,0,0,Marketing Analyst,Business & Analytics
STU_352,EduPathAI_Core,5.37,4.566666666666667,4.0,5.0,0,0,0,Digital Marketing Specialist,Business & Analytics
STU_353,EduPathAI_Core,6.92,6.833333333333335,6.4,5.0,1,0,0,UI/UX Designer,UI/UX & Product Design
STU_354,EduPathAI_Core,6.58,6.779999999999999,5.2,5.0,1,0,0,UI/UX Designer,UI/UX & Product Design
STU_355,EduPathAI_Core,9.57,9.728571428571428,6.4,5.0,1,0,0,UI/UX Designer,UI/UX & Product Design
STU_356,EduPathAI_Core,8.64,9.450000000000001,7.6,5.0,1,0,0,UI/UX Designer,UI/UX & Product Design
STU_357,EduPathAI_Core,6.7,7.175000000000001,6.4,5.0,1,0,0,UI/UX Designer,UI/UX & Product Design
STU_358,EduPathAI_Core,7.88,7.640000000000001,5.2,5.0,1,0,0,UI/UX Designer,UI/UX & Product Design
STU_359,EduPathAI_Core,8.63,9.52,8.8,5.0,1,0,0,UI/UX Designer,UI/UX & Product Design
STU_360,EduPathAI_Core,9.2,9.52,10.0,5.0,1,0,0,UI/UX Designer,UI/UX & Product Design
STU_361,EduPathAI_Core,7.43,7.3,6.4,5.0,1,0,0,UI/UX Designer,UI/UX & Product Design
STU_362,EduPathAI_Core,7.69,6.76,6.4,5.0,1,0,0,UI/UX Designer,UI/UX & Product Design
STU_363,EduPathAI_Core,8.85,9.416666666666668,10.0,5.0,1,1,0,UI/UX Designer,UI/UX & Product Design
STU_364,EduPathAI_Core,9.8,9.585714285714285,10.0,5.0,1,1,0,UI/UX Designer,UI/UX & Product Design
STU_365,EduPathAI_Core,9.32,9.64,8.8,5.0,1,0,0,UI/UX Designer,UI/UX & Product Design
STU_366,EduPathAI_Core,8.91,9.516666666666666,8.8,5.0,1,0,0,UI/UX Designer,UI/UX & Product Design
STU_367,EduPathAI_Core,8.0,7.85,7.6,5.0,0,0,0,Marketing Analyst,Business & Analytics
STU_368,EduPathAI_Core,6.95,8.1,6.4,7.5,0,0,0,UI/UX Designer,UI/UX & Product Design
STU_369,EduPathAI_Core,8.78,9.471428571428572,10.0,5.0,1,1,0,UI/UX Designer,UI/UX & Product Design
STU_370,EduPathAI_Core,9.67,9.566666666666666,10.0,5.0,1,1,0,UI/UX Designer,UI/UX & Product Design
STU_371,EduPathAI_Core,8.29,7.74,6.4,5.0,0,0,0,Marketing Analyst,Business & Analytics
STU_372,EduPathAI_Core,6.85,7.639999999999999,6.4,5.0,0,0,0,Digital Marketing Specialist,Business & Analytics
STU_373,EduPathAI_Core,6.16,5.1,5.2,7.5,0,0,0,Product Manager,UI/UX & Product Design
STU_374,EduPathAI_Core,6.17,5.35,4.0,7.5,0,0,0,Product Manager,UI/UX & Product Design
STU_375,EduPathAI_Core,6.35,4.55,6.4,7.5,0,0,0,Marketing Analyst,Business & Analytics
STU_376,EduPathAI_Core,6.32,4.733333333333333,6.4,5.0,0,0,0,Digital Marketing Specialist,Business & Analytics
STU_377,EduPathAI_Core,6.86,7.050000000000001,6.4,7.5,1,0,0,Product Manager,UI/UX & Product Design
STU_378,EduPathAI_Core,7.2,7.039999999999999,7.6,7.5,1,1,0,Product Manager,UI/UX & Product Design
STU_379,EduPathAI_Core,5.13,5.5,6.4,7.5,0,0,0,Product Manager,UI/UX & Product Design
STU_380,EduPathAI_Core,4.98,4.6499999999999995,6.4,7.5,0,0,0,Product Manager,UI/UX & Product Design
STU_381,EduPathAI_Core,4.99,4.6000000000000005,5.2,7.5,0,0,0,Product Manager,UI/UX & Product Design
STU_382,EduPathAI_Core,4.72,4.933333333333334,5.2,7.5,0,0,0,Product Manager,UI/UX & Product Design
STU_383,EduPathAI_Core,8.91,9.54,7.6,5.0,1,0,0,UI/UX Designer,UI/UX & Product Design
STU_384,EduPathAI_Core,8.95,9.385714285714286,7.6,5.0,1,1,0,UI/UX Designer,UI/UX & Product Design
STU_385,EduPathAI_Core,8.7,9.6,10.0,5.0,1,0,0,UI/UX Designer,UI/UX & Product Design
STU_386,EduPathAI_Core,8.59,9.65,10.0,5.0,1,0,0,UI/UX Designer,UI/UX & Product Design
STU_387,EduPathAI_Core,7.32,7.566666666666667,5.2,7.5,1,0,0,Product Manager,UI/UX & Product Design
STU_388,EduPathAI_Core,8.04,7.675000000000001,6.4,7.5,0,0,0,Product Manager,UI/UX & Product Design
STU_389,EduPathAI_Core,5.39,4.466666666666666,4.0,5.0,0,0,0,Marketing Analyst,Business & Analytics
STU_390,EduPathAI_Core,5.31,3.933333333333333,4.0,5.0,0,0,0,Digital Marketing Specialist,Business & Analytics
STU_391,EduPathAI_Core,8.04,8.133333333333333,10.0,5.0,1,0,1,Data Analyst,Data Science & AI
STU_392,EduPathAI_Core,7.0,7.350000000000001,10.0,5.0,1,0,1,Data Analyst,Data Science & AI
STU_393,EduPathAI_Core,8.61,9.540000000000001,10.0,5.0,1,0,1,Data Scientist,Data Science & AI
STU_394,EduPathAI_Core,9.46,9.58,10.0,5.0,1,0,1,Data Scientist,Data Science & AI
STU_395,EduPathAI_Core,9.19,9.483333333333333,10.0,5.0,1,1,1,Data Scientist,Data Science & AI
STU_396,EduPathAI_Core,9.58,9.242857142857142,8.8,7.5,1,1,1,Data Scientist,Data Science & AI
STU_397,EduPathAI_Core,6.83,7.450000000000001,10.0,7.5,1,1,1,BI Developer,Data Science & AI
STU_398,EduPathAI_Core,8.33,7.38,10.0,7.5,1,1,1,BI Developer,Data Science & AI
STU_399,EduPathAI_Core,8.66,9.37142857142857,10.0,7.5,1,1,1,Data Scientist,Data Science & AI
STU_400,EduPathAI_Core,9.08,9.485714285714286,10.0,7.5,1,1,1,Data Scientist,Data Science & AI
STU_401,EduPathAI_Core,7.1,7.5,7.6,5.0,0,0,1,Data Analyst,Data Science & AI
STU_402,EduPathAI_Core,7.87,7.76,6.4,5.0,1,0,1,AI Engineer,Data Science & AI
STU_403,EduPathAI_Core,9.48,9.366666666666667,10.0,7.5,1,1,1,Data Scientist,Data Science & AI
STU_404,EduPathAI_Core,9.09,9.283333333333333,10.0,7.5,1,1,1,Data Scientist,Data Science & AI
STU_405,EduPathAI_Core,8.69,9.157142857142857,10.0,7.5,1,1,1,Data Scientist,Data Science & AI
STU_406,EduPathAI_Core,8.89,9.316666666666666,10.0,7.5,1,1,1,Data Scientist,Data Science & AI
STU_407,EduPathAI_Core,5.98,4.55,4.0,5.0,0,0,1,Data Analyst,Data Science & AI
STU_408,EduPathAI_Core,5.24,4.050000000000001,4.0,5.0,0,0,1,AI Engineer,Data Science & AI
STU_409,EduPathAI_Core,7.72,7.875,6.4,5.0,1,1,1,Data Analyst,Data Science & AI
STU_410,EduPathAI_Core,7.65,6.86,6.4,5.0,1,1,1,Data Analyst,Data Science & AI
STU_411,EduPathAI_Core,8.58,9.425,7.6,5.0,1,0,1,Data Scientist,Data Science & AI
STU_412,EduPathAI_Core,8.85,9.366666666666667,7.6,7.5,1,1,1,Data Scientist,Data Science & AI
STU_413,EduPathAI_Core,6.77,6.949999999999999,10.0,7.5,1,1,1,BI Developer,Data Science & AI
STU_414,EduPathAI_Core,7.22,7.283333333333334,10.0,7.5,1,1,1,BI Developer,Data Science & AI
STU_415,EduPathAI_Core,5.0,4.275,4.0,5.0,0,0,1,Data Analyst,Data Science & AI
STU_416,EduPathAI_Core,5.66,5.0,4.0,5.0,0,0,1,Data Analyst,Data Science & AI
STU_417,EduPathAI_Core,9.56,9.4,10.0,7.5,1,1,1,Data Scientist,Data Science & AI
STU_418,EduPathAI_Core,8.86,9.442857142857143,10.0,7.5,1,1,1,Data Scientist,Data Science & AI
STU_419,EduPathAI_Core,9.4,9.283333333333333,10.0,7.5,1,1,1,Data Scientist,Data Science & AI
STU_420,EduPathAI_Core,8.91,9.32857142857143,10.0,7.5,1,1,1,Data Scientist,Data Science & AI
STU_421,EduPathAI_Core,9.18,9.516666666666666,8.8,5.0,1,1,1,Data Scientist,Data Science & AI
STU_422,EduPathAI_Core,8.62,9.157142857142857,8.8,7.5,1,1,1,Data Scientist,Data Science & AI
STU_423,EduPathAI_Core,7.18,7.459999999999999,8.8,7.5,1,1,1,Full-Stack Developer,Software & Web Development
STU_424,EduPathAI_Core,7.05,7.339999999999999,8.8,7.5,1,1,1,Cloud DevOps Engineer,Cybersecurity & Cloud
STU_425,EduPathAI_Core,8.64,9.366666666666667,10.0,7.5,1,1,1,Cybersecurity Analyst,Cybersecurity & Cloud
STU_426,EduPathAI_Core,9.43,9.3625,10.0,7.5,1,1,1,Database Administrator,Cybersecurity & Cloud
STU_427,EduPathAI_Core,6.75,7.625000000000001,10.0,5.0,1,0,1,Data Analyst,Data Science & AI
STU_428,EduPathAI_Core,7.99,7.875,10.0,5.0,1,0,1,Data Analyst,Data Science & AI
STU_429,EduPathAI_Core,5.71,4.466666666666666,4.0,7.5,0,0,1,AI Engineer,Data Science & AI
STU_430,EduPathAI_Core,4.8,4.166666666666667,4.0,7.5,0,0,1,BI Developer,Data Science & AI
STU_431,EduPathAI_Core,8.98,9.137500000000001,8.8,7.5,1,1,1,UI/UX Designer,UI/UX & Product Design
STU_432,EduPathAI_Core,9.46,9.385714285714286,8.8,7.5,1,1,1,AI Engineer,Data Science & AI
STU_433,EduPathAI_Core,7.31,6.942857142857143,10.0,7.5,1,1,1,Data Analyst,Data Science & AI
STU_434,EduPathAI_Core,6.56,7.300000000000001,10.0,7.5,1,1,1,Data Scientist,Data Science & AI
STU_435,EduPathAI_Core,6.84,7.174999999999999,10.0,5.0,1,0,1,AI Engineer,Data Science & AI
STU_436,EduPathAI_Core,7.41,7.379999999999999,10.0,5.0,1,0,1,Data Analyst,Data Science & AI
STU_437,EduPathAI_Core,8.17,7.75,10.0,5.0,1,0,1,Frontend Developer,Software & Web Development
STU_438,EduPathAI_Core,6.96,7.119999999999999,10.0,5.0,1,0,1,Backend Developer,Software & Web Development
STU_439,EduPathAI_Core,6.98,6.966666666666667,10.0,5.0,1,0,1,Data Analyst,Data Science & AI
STU_440,EduPathAI_Core,7.38,6.8999999999999995,10.0,5.0,1,0,1,Data Analyst,Data Science & AI
STU_441,EduPathAI_Core,7.24,7.666666666666666,10.0,5.0,1,0,1,Cybersecurity Analyst,Cybersecurity & Cloud
STU_442,EduPathAI_Core,7.64,7.0,10.0,5.0,1,0,1,Database Administrator,Cybersecurity & Cloud
STU_443,EduPathAI_Core,6.68,7.0600000000000005,10.0,7.5,1,1,0,Product Manager,UI/UX & Product Design
STU_444,EduPathAI_Core,7.74,7.1000000000000005,10.0,7.5,1,1,0,Product Manager,UI/UX & Product Design
STU_445,EduPathAI_Core,4.98,5.066666666666667,6.4,5.0,0,1,1,Data Analyst,Data Science & AI
STU_446,EduPathAI_Core,4.83,4.3,6.4,5.0,0,1,1,Data Analyst,Data Science & AI
STU_447,EduPathAI_Core,7.09,6.983333333333333,10.0,7.5,1,1,1,UI/UX Designer,UI/UX & Product Design
STU_448,EduPathAI_Core,7.05,7.1499999999999995,10.0,7.5,1,1,1,AI Engineer,Data Science & AI
STU_449,EduPathAI_Core,8.66,9.342857142857143,10.0,7.5,1,1,0,Product Manager,UI/UX & Product Design
STU_450,EduPathAI_Core,9.49,9.385714285714286,10.0,7.5,1,1,0,Product Manager,UI/UX & Product Design
STU_451,EduPathAI_Core,9.0,9.44,5.2,5.0,1,0,1,Data Scientist,Data Science & AI
STU_452,EduPathAI_Core,9.46,9.316666666666666,5.2,5.0,1,0,1,Data Scientist,Data Science & AI
STU_453,EduPathAI_Core,8.35,7.625,7.6,5.0,1,0,1,Frontend Developer,Software & Web Development
STU_454,EduPathAI_Core,8.02,7.050000000000001,6.4,5.0,0,0,1,Backend Developer,Software & Web Development
STU_455,EduPathAI_Core,6.82,7.48,8.8,7.5,1,1,0,Product Manager,UI/UX & Product Design
STU_456,EduPathAI_Core,6.74,6.76,7.6,7.5,1,1,0,Product Manager,UI/UX & Product Design
STU_457,EduPathAI_Core,9.12,9.674999999999999,10.0,5.0,1,0,1,Data Scientist,Data Science & AI
STU_458,EduPathAI_Core,9.28,9.425,10.0,5.0,1,0,1,Data Scientist,Data Science & AI
STU_459,EduPathAI_Core,8.95,9.4,10.0,7.5,1,1,1,Data Scientist,Data Science & AI
STU_460,EduPathAI_Core,9.07,9.585714285714285,10.0,7.5,1,1,1,Data Scientist,Data Science & AI
STU_461,EduPathAI_Core,7.91,7.38,10.0,7.5,1,1,1,Marketing Analyst,Business & Analytics
STU_462,EduPathAI_Core,6.5,7.083333333333334,10.0,7.5,1,1,1,Product Manager,UI/UX & Product Design
STU_463,EduPathAI_Core,7.64,7.620000000000001,10.0,7.5,1,1,0,Product Manager,UI/UX & Product Design
STU_464,EduPathAI_Core,6.9,7.2333333333333325,10.0,7.5,1,1,0,Product Manager,UI/UX & Product Design
STU_465,EduPathAI_Core,8.92,9.233333333333334,10.0,7.5,1,1,1,Data Scientist,Data Science & AI
STU_466,EduPathAI_Core,8.62,9.1,10.0,7.5,1,1,1,Data Scientist,Data Science & AI
STU_467,EduPathAI_Core,8.66,9.455555555555556,10.0,7.5,1,1,1,Business Analyst,Business & Analytics
STU_468,EduPathAI_Core,9.76,9.457142857142856,10.0,7.5,1,1,1,BI Developer,Data Science & AI
STU_469,EduPathAI_Core,6.36,4.8,5.2,7.5,0,0,1,BI Developer,Data Science & AI
STU_470,EduPathAI_Core,5.6,5.266666666666666,4.0,7.5,0,0,1,BI Developer,Data Science & AI
STU_471,EduPathAI_Core,8.13,6.8999999999999995,10.0,7.5,1,1,0,UI/UX Designer,UI/UX & Product Design
STU_472,EduPathAI_Core,7.82,7.16,10.0,7.5,1,1,0,UI/UX Designer,UI/UX & Product Design
STU_473,EduPathAI_Core,7.51,6.914285714285715,10.0,7.5,1,1,1,Cybersecurity Analyst,Cybersecurity & Cloud
STU_474,EduPathAI_Core,7.08,7.16,10.0,7.5,1,1,1,Database Administrator,Cybersecurity & Cloud
STU_475,EduPathAI_Core,5.63,4.725,4.0,5.0,0,0,1,Data Analyst,Data Science & AI
STU_476,EduPathAI_Core,5.66,4.8,4.0,5.0,0,0,1,Data Analyst,Data Science & AI
STU_477,EduPathAI_Core,8.3,6.6000000000000005,6.4,5.0,1,0,1,Marketing Analyst,Business & Analytics
STU_478,EduPathAI_Core,8.27,7.800000000000001,7.6,5.0,1,0,1,Product Manager,UI/UX & Product Design
STU_479,EduPathAI_Core,5.65,4.85,5.2,7.5,0,0,0,Marketing Analyst,Business & Analytics
STU_480,EduPathAI_Core,6.31,4.566666666666666,6.4,7.5,0,1,0,Product Manager,UI/UX & Product Design
PS2_0001,PS2_Benchmark,5.0,6.0,0.0,2.2,1,1,0,Applications Developer,Software & Web Development
PS2_0002,PS2_Benchmark,7.0,4.0,9.2,3.3000000000000003,0,0,1,Applications Developer,Software & Web Development
PS2_0003,PS2_Benchmark,2.0,9.0,5.6,1.1,0,0,1,Applications Developer,Software & Web Development
PS2_0004,PS2_Benchmark,2.0,3.0,9.2,5.5,0,1,0,Applications Developer,Software & Web Development
PS2_0005,PS2_Benchmark,2.0,3.0,0.0,4.4,1,1,1,Applications Developer,Software & Web Development
PS2_0006,PS2_Benchmark,7.0,5.0,5.6,7.700000000000001,1,0,0,Applications Developer,Software & Web Development
PS2_0007,PS2_Benchmark,9.0,9.0,3.2,1.1,1,0,1,Applications Developer,Software & Web Development
PS2_0008,PS2_Benchmark,9.0,6.0,0.0,1.1,0,0,1,Applications Developer,Software & Web Development
PS2_0009,PS2_Benchmark,1.0,1.0,3.2,4.4,1,1,1,Applications Developer,Software & Web Development
PS2_0010,PS2_Benchmark,6.0,4.0,8.0,2.2,0,1,0,Applications Developer,Software & Web Development
PS2_0011,PS2_Benchmark,6.0,8.0,2.0,9.9,0,0,0,Applications Developer,Software & Web Development
PS2_0012,PS2_Benchmark,9.0,3.0,7.199999999999999,7.700000000000001,1,1,0,Applications Developer,Software & Web Development
PS2_0013,PS2_Benchmark,4.0,6.0,6.8,5.5,0,1,0,Applications Developer,Software & Web Development
PS2_0014,PS2_Benchmark,8.0,9.0,2.0,6.6000000000000005,1,0,0,Applications Developer,Software & Web Development
PS2_0015,PS2_Benchmark,1.0,3.0,2.0,4.4,0,1,0,Applications Developer,Software & Web Development
PS2_0016,PS2_Benchmark,1.0,2.0,0.0,4.4,1,1,0,Applications Developer,Software & Web Development
PS2_0017,PS2_Benchmark,2.0,5.0,3.5999999999999996,1.1,1,1,1,Applications Developer,Software & Web Development
PS2_0018,PS2_Benchmark,6.0,3.0,4.4,9.9,0,0,0,Applications Developer,Software & Web Development
PS2_0019,PS2_Benchmark,2.0,8.0,0.0,7.700000000000001,0,0,1,Applications Developer,Software & Web Development
PS2_0020,PS2_Benchmark,3.0,1.0,4.4,2.2,1,0,1,Applications Developer,Software & Web Development
PS2_0021,PS2_Benchmark,2.0,2.0,3.5999999999999996,9.9,1,0,0,Applications Developer,Software & Web Development
PS2_0022,PS2_Benchmark,5.0,2.0,6.0,6.6000000000000005,0,0,0,Applications Developer,Software & Web Development
PS2_0023,PS2_Benchmark,3.0,6.0,8.0,4.4,1,1,0,Applications Developer,Software & Web Development
PS2_0024,PS2_Benchmark,1.0,8.0,2.4,9.9,1,0,0,Applications Developer,Software & Web Development
PS2_0025,PS2_Benchmark,6.0,9.0,3.2,7.700000000000001,0,1,0,Applications Developer,Software & Web Development
PS2_0026,PS2_Benchmark,9.0,3.0,2.0,5.5,0,0,1,Applications Developer,Software & Web Development
PS2_0027,PS2_Benchmark,9.0,5.0,7.199999999999999,4.4,1,0,1,Applications Developer,Software & Web Development
PS2_0028,PS2_Benchmark,8.0,4.0,4.8,5.5,0,1,0,Applications Developer,Software & Web Development
PS2_0029,PS2_Benchmark,9.0,6.0,9.2,2.2,0,0,0,Applications Developer,Software & Web Development
PS2_0030,PS2_Benchmark,6.0,5.0,6.0,7.700000000000001,0,0,1,Applications Developer,Software & Web Development
PS2_0031,PS2_Benchmark,2.0,4.0,3.5999999999999996,4.4,1,0,0,Applications Developer,Software & Web Development
PS2_0032,PS2_Benchmark,9.0,8.0,0.0,4.4,0,0,1,Applications Developer,Software & Web Development
PS2_0033,PS2_Benchmark,4.0,9.0,2.4,3.3000000000000003,0,0,1,Applications Developer,Software & Web Development
PS2_0034,PS2_Benchmark,5.0,7.0,5.6,1.1,0,0,1,Applications Developer,Software & Web Development
PS2_0035,PS2_Benchmark,9.0,9.0,0.0,7.700000000000001,1,1,0,Applications Developer,Software & Web Development
PS2_0036,PS2_Benchmark,1.0,5.0,4.4,4.4,1,1,0,Applications Developer,Software & Web Development
PS2_0037,PS2_Benchmark,6.0,2.0,2.0,7.700000000000001,1,0,0,Applications Developer,Software & Web Development
PS2_0038,PS2_Benchmark,7.0,6.0,1.2,6.6000000000000005,0,1,0,Applications Developer,Software & Web Development
PS2_0039,PS2_Benchmark,5.0,5.0,0.0,1.1,1,0,1,Applications Developer,Software & Web Development
PS2_0040,PS2_Benchmark,8.0,3.0,2.4,6.6000000000000005,1,1,1,Applications Developer,Software & Web Development
PS2_0041,PS2_Benchmark,2.0,9.0,3.5999999999999996,4.4,0,1,0,Applications Developer,Software & Web Development
PS2_0042,PS2_Benchmark,4.0,4.0,2.0,5.5,0,1,1,Applications Developer,Software & Web Development
PS2_0043,PS2_Benchmark,8.0,8.0,1.2,6.6000000000000005,1,0,1,Applications Developer,Software & Web Development
PS2_0044,PS2_Benchmark,1.0,5.0,1.2,5.5,1,0,1,Applications Developer,Software & Web Development
PS2_0045,PS2_Benchmark,6.0,2.0,0.0,3.3000000000000003,1,1,0,Applications Developer,Software & Web Development
PS2_0046,PS2_Benchmark,7.0,2.0,6.0,8.8,1,0,1,Applications Developer,Software & Web Development
PS2_0047,PS2_Benchmark,8.0,1.0,3.2,5.5,1,0,1,Applications Developer,Software & Web Development
PS2_0048,PS2_Benchmark,7.0,2.0,4.8,8.8,1,0,0,Applications Developer,Software & Web Development
PS2_0049,PS2_Benchmark,2.0,2.0,4.4,1.1,0,0,1,Applications Developer,Software & Web Development
PS2_0050,PS2_Benchmark,6.0,8.0,4.4,1.1,1,0,0,Applications Developer,Software & Web Development
PS2_0051,PS2_Benchmark,9.0,6.0,4.4,9.9,1,1,1,Applications Developer,Software & Web Development
PS2_0052,PS2_Benchmark,4.0,5.0,5.6,2.2,0,0,0,Applications Developer,Software & Web Development
PS2_0053,PS2_Benchmark,4.0,9.0,0.0,3.3000000000000003,1,0,0,Applications Developer,Software & Web Development
PS2_0054,PS2_Benchmark,1.0,1.0,6.0,8.8,0,1,0,Applications Developer,Software & Web Development
PS2_0055,PS2_Benchmark,2.0,8.0,2.4,3.3000000000000003,0,0,1,Applications Developer,Software & Web Development
PS2_0056,PS2_Benchmark,6.0,1.0,4.4,8.8,1,0,0,Applications Developer,Software & Web Development
PS2_0057,PS2_Benchmark,9.0,6.0,0.0,1.1,1,1,1,Applications Developer,Software & Web Development
PS2_0058,PS2_Benchmark,9.0,5.0,8.0,4.4,1,0,0,Applications Developer,Software & Web Development
PS2_0059,PS2_Benchmark,5.0,1.0,0.0,7.700000000000001,1,1,1,Applications Developer,Software & Web Development
PS2_0060,PS2_Benchmark,5.0,7.0,6.0,8.8,1,0,0,Applications Developer,Software & Web Development
PS2_0061,PS2_Benchmark,3.0,7.0,2.0,9.9,0,0,1,Applications Developer,Software & Web Development
PS2_0062,PS2_Benchmark,2.0,6.0,9.2,1.1,0,1,1,Applications Developer,Software & Web Development
PS2_0063,PS2_Benchmark,3.0,1.0,1.2,8.8,0,1,0,Applications Developer,Software & Web Development
PS2_0064,PS2_Benchmark,6.0,4.0,2.0,4.4,1,1,1,Applications Developer,Software & Web Development
PS2_0065,PS2_Benchmark,1.0,9.0,0.0,2.2,0,1,1,Applications Developer,Software & Web Development
PS2_0066,PS2_Benchmark,7.0,9.0,9.2,3.3000000000000003,0,0,1,Applications Developer,Software & Web Development
PS2_0067,PS2_Benchmark,4.0,4.0,7.199999999999999,6.6000000000000005,0,1,0,Applications Developer,Software & Web Development
PS2_0068,PS2_Benchmark,4.0,4.0,6.0,4.4,1,1,1,Applications Developer,Software & Web Development
PS2_0069,PS2_Benchmark,9.0,6.0,6.8,4.4,0,0,0,Applications Developer,Software & Web Development
PS2_0070,PS2_Benchmark,8.0,1.0,7.199999999999999,8.8,0,0,1,Applications Developer,Software & Web Development
PS2_0071,PS2_Benchmark,1.0,4.0,9.2,5.5,0,0,0,Applications Developer,Software & Web Development
PS2_0072,PS2_Benchmark,2.0,5.0,6.8,3.3000000000000003,1,1,0,Applications Developer,Software & Web Development
PS2_0073,PS2_Benchmark,6.0,3.0,6.8,3.3000000000000003,1,0,1,Applications Developer,Software & Web Development
PS2_0074,PS2_Benchmark,4.0,7.0,4.4,3.3000000000000003,1,1,0,Applications Developer,Software & Web Development
PS2_0075,PS2_Benchmark,1.0,7.0,6.8,6.6000000000000005,1,0,0,Applications Developer,Software & Web Development
PS2_0076,PS2_Benchmark,5.0,3.0,8.0,1.1,1,1,1,Applications Developer,Software & Web Development
PS2_0077,PS2_Benchmark,4.0,7.0,0.0,2.2,0,0,0,Applications Developer,Software & Web Development
PS2_0078,PS2_Benchmark,9.0,3.0,6.8,5.5,0,1,0,Applications Developer,Software & Web Development
PS2_0079,PS2_Benchmark,3.0,4.0,2.4,4.4,1,0,0,Applications Developer,Software & Web Development
PS2_0080,PS2_Benchmark,3.0,9.0,5.6,7.700000000000001,0,1,0,Applications Developer,Software & Web Development
PS2_0081,PS2_Benchmark,6.0,8.0,4.4,9.9,0,1,1,Applications Developer,Software & Web Development
PS2_0082,PS2_Benchmark,2.0,2.0,4.4,7.700000000000001,1,1,0,Applications Developer,Software & Web Development
PS2_0083,PS2_Benchmark,2.0,5.0,7.199999999999999,1.1,0,0,0,Applications Developer,Software & Web Development
PS2_0084,PS2_Benchmark,8.0,4.0,9.2,5.5,1,0,1,Applications Developer,Software & Web Development
PS2_0085,PS2_Benchmark,5.0,2.0,3.5999999999999996,7.700000000000001,0,1,1,Applications Developer,Software & Web Development
PS2_0086,PS2_Benchmark,8.0,8.0,2.0,2.2,0,0,0,Applications Developer,Software & Web Development
PS2_0087,PS2_Benchmark,2.0,1.0,4.4,7.700000000000001,1,1,1,Applications Developer,Software & Web Development
PS2_0088,PS2_Benchmark,5.0,5.0,6.8,9.9,0,1,0,Applications Developer,Software & Web Development
PS2_0089,PS2_Benchmark,9.0,4.0,2.0,2.2,1,0,1,Applications Developer,Software & Web Development
PS2_0090,PS2_Benchmark,5.0,7.0,3.5999999999999996,7.700000000000001,0,1,1,Applications Developer,Software & Web Development
PS2_0091,PS2_Benchmark,4.0,8.0,2.4,2.2,1,1,0,Applications Developer,Software & Web Development
PS2_0092,PS2_Benchmark,9.0,7.0,1.2,7.700000000000001,1,1,1,Applications Developer,Software & Web Development
PS2_0093,PS2_Benchmark,5.0,1.0,8.0,8.8,1,1,1,Applications Developer,Software & Web Development
PS2_0094,PS2_Benchmark,1.0,1.0,1.2,9.9,1,0,1,Applications Developer,Software & Web Development
PS2_0095,PS2_Benchmark,7.0,6.0,4.8,9.9,1,0,0,Applications Developer,Software & Web Development
PS2_0096,PS2_Benchmark,3.0,6.0,3.2,5.5,0,1,0,Applications Developer,Software & Web Development
PS2_0097,PS2_Benchmark,6.0,5.0,0.0,7.700000000000001,0,0,1,Applications Developer,Software & Web Development
PS2_0098,PS2_Benchmark,1.0,5.0,8.0,5.5,1,1,0,Applications Developer,Software & Web Development
PS2_0099,PS2_Benchmark,4.0,1.0,5.6,9.9,1,1,0,Applications Developer,Software & Web Development
PS2_0100,PS2_Benchmark,1.0,3.0,4.4,8.8,1,0,1,Applications Developer,Software & Web Development
PS2_0101,PS2_Benchmark,5.0,5.0,1.2,4.4,0,1,1,Applications Developer,Software & Web Development
PS2_0102,PS2_Benchmark,9.0,9.0,4.8,4.4,1,0,0,Applications Developer,Software & Web Development
PS2_0103,PS2_Benchmark,2.0,9.0,3.2,8.8,1,0,0,Applications Developer,Software & Web Development
PS2_0104,PS2_Benchmark,4.0,5.0,6.8,1.1,0,1,1,Applications Developer,Software & Web Development
PS2_0105,PS2_Benchmark,1.0,5.0,6.0,9.9,1,1,0,Applications Developer,Software & Web Development
PS2_0106,PS2_Benchmark,1.0,7.0,5.6,3.3000000000000003,1,1,0,Applications Developer,Software & Web Development
PS2_0107,PS2_Benchmark,7.0,2.0,6.0,8.8,0,0,0,Applications Developer,Software & Web Development
PS2_0108,PS2_Benchmark,8.0,9.0,4.8,4.4,1,1,0,Applications Developer,Software & Web Development
PS2_0109,PS2_Benchmark,1.0,3.0,2.4,5.5,0,1,1,Applications Developer,Software & Web Development
PS2_0110,PS2_Benchmark,5.0,7.0,9.2,9.9,1,0,1,Applications Developer,Software & Web Development
PS2_0111,PS2_Benchmark,9.0,3.0,7.199999999999999,5.5,0,1,0,Applications Developer,Software & Web Development
PS2_0112,PS2_Benchmark,4.0,1.0,7.199999999999999,9.9,1,0,1,Applications Developer,Software & Web Development
PS2_0113,PS2_Benchmark,6.0,7.0,3.2,4.4,0,0,1,Applications Developer,Software & Web Development
PS2_0114,PS2_Benchmark,6.0,7.0,2.0,7.700000000000001,1,1,1,Applications Developer,Software & Web Development
PS2_0115,PS2_Benchmark,4.0,1.0,6.0,4.4,1,0,0,Applications Developer,Software & Web Development
PS2_0116,PS2_Benchmark,4.0,8.0,4.8,4.4,0,0,1,Applications Developer,Software & Web Development
PS2_0117,PS2_Benchmark,6.0,2.0,4.8,7.700000000000001,0,1,0,Applications Developer,Software & Web Development
PS2_0118,PS2_Benchmark,1.0,6.0,2.0,6.6000000000000005,0,0,0,Applications Developer,Software & Web Development
PS2_0119,PS2_Benchmark,3.0,5.0,3.2,4.4,0,1,0,Applications Developer,Software & Web Development
PS2_0120,PS2_Benchmark,8.0,4.0,4.8,9.9,1,0,0,Applications Developer,Software & Web Development
PS2_0121,PS2_Benchmark,5.0,3.0,4.8,6.6000000000000005,0,0,1,Applications Developer,Software & Web Development
PS2_0122,PS2_Benchmark,1.0,2.0,6.0,7.700000000000001,1,0,1,Applications Developer,Software & Web Development
PS2_0123,PS2_Benchmark,4.0,5.0,0.0,5.5,0,1,0,Applications Developer,Software & Web Development
PS2_0124,PS2_Benchmark,3.0,3.0,2.0,5.5,1,0,1,Applications Developer,Software & Web Development
PS2_0125,PS2_Benchmark,2.0,3.0,9.2,2.2,1,0,0,Applications Developer,Software & Web Development
PS2_0126,PS2_Benchmark,2.0,7.0,1.2,1.1,0,0,0,Applications Developer,Software & Web Development
PS2_0127,PS2_Benchmark,6.0,9.0,6.8,2.2,0,1,1,Applications Developer,Software & Web Development
PS2_0128,PS2_Benchmark,3.0,6.0,3.5999999999999996,3.3000000000000003,1,0,1,Applications Developer,Software & Web Development
PS2_0129,PS2_Benchmark,3.0,5.0,8.0,7.700000000000001,1,0,0,Applications Developer,Software & Web Development
PS2_0130,PS2_Benchmark,7.0,6.0,1.2,5.5,1,0,1,Applications Developer,Software & Web Development
PS2_0131,PS2_Benchmark,3.0,4.0,6.0,1.1,0,0,1,Applications Developer,Software & Web Development
PS2_0132,PS2_Benchmark,6.0,3.0,5.6,4.4,0,1,0,Applications Developer,Software & Web Development
PS2_0133,PS2_Benchmark,1.0,7.0,0.0,8.8,1,1,1,Applications Developer,Software & Web Development
PS2_0134,PS2_Benchmark,6.0,2.0,7.199999999999999,5.5,1,1,1,Applications Developer,Software & Web Development
PS2_0135,PS2_Benchmark,6.0,7.0,2.0,8.8,1,1,0,Applications Developer,Software & Web Development
PS2_0136,PS2_Benchmark,1.0,6.0,6.8,6.6000000000000005,0,1,0,Applications Developer,Software & Web Development
PS2_0137,PS2_Benchmark,5.0,2.0,7.199999999999999,2.2,0,0,1,Applications Developer,Software & Web Development
PS2_0138,PS2_Benchmark,5.0,2.0,6.0,3.3000000000000003,0,0,0,Applications Developer,Software & Web Development
PS2_0139,PS2_Benchmark,6.0,3.0,3.5999999999999996,6.6000000000000005,0,0,0,Applications Developer,Software & Web Development
PS2_0140,PS2_Benchmark,4.0,2.0,3.5999999999999996,5.5,1,1,1,Applications Developer,Software & Web Development
PS2_0141,PS2_Benchmark,2.0,7.0,4.4,8.8,0,1,1,Applications Developer,Software & Web Development
PS2_0142,PS2_Benchmark,6.0,4.0,7.199999999999999,1.1,1,1,1,Applications Developer,Software & Web Development
PS2_0143,PS2_Benchmark,6.0,9.0,5.6,1.1,0,0,0,Applications Developer,Software & Web Development
PS2_0144,PS2_Benchmark,3.0,7.0,2.0,3.3000000000000003,1,0,1,Applications Developer,Software & Web Development
PS2_0145,PS2_Benchmark,9.0,5.0,2.4,9.9,0,1,0,Applications Developer,Software & Web Development
PS2_0146,PS2_Benchmark,3.0,4.0,2.4,1.1,1,1,1,Applications Developer,Software & Web Development
PS2_0147,PS2_Benchmark,3.0,1.0,6.0,5.5,0,1,0,Applications Developer,Software & Web Development
PS2_0148,PS2_Benchmark,2.0,2.0,2.4,2.2,1,1,1,Applications Developer,Software & Web Development
PS2_0149,PS2_Benchmark,5.0,9.0,5.6,6.6000000000000005,1,0,0,Applications Developer,Software & Web Development
PS2_0150,PS2_Benchmark,6.0,4.0,9.2,3.3000000000000003,0,0,0,Applications Developer,Software & Web Development
PS2_0151,PS2_Benchmark,3.0,1.0,4.8,1.1,1,1,1,Applications Developer,Software & Web Development
PS2_0152,PS2_Benchmark,9.0,4.0,4.8,2.2,0,1,0,Applications Developer,Software & Web Development
PS2_0153,PS2_Benchmark,4.0,6.0,0.0,4.4,0,1,1,Applications Developer,Software & Web Development
PS2_0154,PS2_Benchmark,1.0,7.0,3.5999999999999996,5.5,0,0,1,Applications Developer,Software & Web Development
PS2_0155,PS2_Benchmark,4.0,8.0,3.5999999999999996,9.9,0,0,1,Applications Developer,Software & Web Development
PS2_0156,PS2_Benchmark,4.0,8.0,0.0,7.700000000000001,1,1,0,Applications Developer,Software & Web Development
PS2_0157,PS2_Benchmark,8.0,1.0,6.0,4.4,1,0,1,Applications Developer,Software & Web Development
PS2_0158,PS2_Benchmark,4.0,2.0,9.2,8.8,0,0,0,Applications Developer,Software & Web Development
PS2_0159,PS2_Benchmark,5.0,7.0,3.5999999999999996,3.3000000000000003,0,0,1,Applications Developer,Software & Web Development
PS2_0160,PS2_Benchmark,2.0,2.0,4.4,3.3000000000000003,1,0,0,Applications Developer,Software & Web Development
PS2_0161,PS2_Benchmark,8.0,2.0,1.2,8.8,0,1,1,Applications Developer,Software & Web Development
PS2_0162,PS2_Benchmark,2.0,4.0,3.5999999999999996,8.8,1,1,1,Applications Developer,Software & Web Development
PS2_0163,PS2_Benchmark,2.0,9.0,6.0,1.1,0,0,0,Applications Developer,Software & Web Development
PS2_0164,PS2_Benchmark,7.0,9.0,4.8,3.3000000000000003,1,0,1,Applications Developer,Software & Web Development
PS2_0165,PS2_Benchmark,5.0,6.0,5.6,4.4,0,1,1,Applications Developer,Software & Web Development
PS2_0166,PS2_Benchmark,6.0,2.0,5.6,7.700000000000001,1,1,1,Applications Developer,Software & Web Development
PS2_0167,PS2_Benchmark,9.0,1.0,2.0,5.5,0,1,0,Applications Developer,Software & Web Development
PS2_0168,PS2_Benchmark,4.0,6.0,5.6,7.700000000000001,0,1,0,Applications Developer,Software & Web Development
PS2_0169,PS2_Benchmark,6.0,1.0,1.2,6.6000000000000005,0,1,1,Applications Developer,Software & Web Development
PS2_0170,PS2_Benchmark,5.0,7.0,2.0,2.2,1,0,1,Applications Developer,Software & Web Development
PS2_0171,PS2_Benchmark,7.0,8.0,5.6,9.9,1,1,0,Applications Developer,Software & Web Development
PS2_0172,PS2_Benchmark,6.0,6.0,2.0,4.4,0,1,0,Applications Developer,Software & Web Development
PS2_0173,PS2_Benchmark,5.0,6.0,4.8,3.3000000000000003,1,1,0,Applications Developer,Software & Web Development
PS2_0174,PS2_Benchmark,2.0,4.0,4.4,6.6000000000000005,1,0,0,Applications Developer,Software & Web Development
PS2_0175,PS2_Benchmark,2.0,1.0,2.0,8.8,1,0,1,Applications Developer,Software & Web Development
PS2_0176,PS2_Benchmark,4.0,8.0,7.199999999999999,3.3000000000000003,0,0,1,Applications Developer,Software & Web Development
PS2_0177,PS2_Benchmark,7.0,3.0,9.2,9.9,0,1,1,Applications Developer,Software & Web Development
PS2_0178,PS2_Benchmark,4.0,8.0,9.2,4.4,1,0,0,Applications Developer,Software & Web Development
PS2_0179,PS2_Benchmark,4.0,7.0,8.0,4.4,1,0,1,Applications Developer,Software & Web Development
PS2_0180,PS2_Benchmark,4.0,2.0,3.5999999999999996,1.1,0,1,0,Applications Developer,Software & Web Development
PS2_0181,PS2_Benchmark,7.0,6.0,2.0,6.6000000000000005,1,1,1,Applications Developer,Software & Web Development
PS2_0182,PS2_Benchmark,1.0,5.0,3.2,3.3000000000000003,1,1,0,Applications Developer,Software & Web Development
PS2_0183,PS2_Benchmark,9.0,9.0,6.0,6.6000000000000005,0,0,0,Applications Developer,Software & Web Development
PS2_0184,PS2_Benchmark,3.0,4.0,2.4,2.2,0,0,1,Applications Developer,Software & Web Development
PS2_0185,PS2_Benchmark,2.0,7.0,9.2,4.4,1,1,1,Applications Developer,Software & Web Development
PS2_0186,PS2_Benchmark,1.0,8.0,7.199999999999999,1.1,0,1,0,Applications Developer,Software & Web Development
PS2_0187,PS2_Benchmark,6.0,5.0,8.0,6.6000000000000005,0,0,0,Applications Developer,Software & Web Development
PS2_0188,PS2_Benchmark,1.0,7.0,1.2,7.700000000000001,0,0,1,Applications Developer,Software & Web Development
PS2_0189,PS2_Benchmark,1.0,7.0,9.2,9.9,0,0,0,Applications Developer,Software & Web Development
PS2_0190,PS2_Benchmark,8.0,2.0,9.2,1.1,0,0,1,Applications Developer,Software & Web Development
PS2_0191,PS2_Benchmark,5.0,7.0,4.8,1.1,1,0,0,Applications Developer,Software & Web Development
PS2_0192,PS2_Benchmark,6.0,1.0,3.2,7.700000000000001,0,1,1,Applications Developer,Software & Web Development
PS2_0193,PS2_Benchmark,3.0,3.0,6.8,3.3000000000000003,1,0,1,Applications Developer,Software & Web Development
PS2_0194,PS2_Benchmark,4.0,7.0,1.2,8.8,1,1,1,Applications Developer,Software & Web Development
PS2_0195,PS2_Benchmark,3.0,8.0,6.8,6.6000000000000005,1,1,1,Applications Developer,Software & Web Development
PS2_0196,PS2_Benchmark,2.0,2.0,4.4,7.700000000000001,1,0,1,Applications Developer,Software & Web Development
PS2_0197,PS2_Benchmark,9.0,8.0,3.2,1.1,0,1,0,Applications Developer,Software & Web Development
PS2_0198,PS2_Benchmark,9.0,5.0,3.2,6.6000000000000005,0,0,1,Applications Developer,Software & Web Development
PS2_0199,PS2_Benchmark,3.0,2.0,6.0,1.1,0,1,1,Applications Developer,Software & Web Development
PS2_0200,PS2_Benchmark,7.0,8.0,4.8,5.5,1,0,1,Applications Developer,Software & Web Development
PS2_0201,PS2_Benchmark,1.0,8.0,3.5999999999999996,5.5,0,1,0,Applications Developer,Software & Web Development
PS2_0202,PS2_Benchmark,7.0,8.0,4.4,5.5,0,0,1,Applications Developer,Software & Web Development
PS2_0203,PS2_Benchmark,2.0,8.0,2.4,1.1,0,1,0,Applications Developer,Software & Web Development
PS2_0204,PS2_Benchmark,1.0,2.0,1.2,6.6000000000000005,0,1,1,Applications Developer,Software & Web Development
PS2_0205,PS2_Benchmark,1.0,3.0,7.199999999999999,6.6000000000000005,0,1,0,Applications Developer,Software & Web Development
PS2_0206,PS2_Benchmark,2.0,7.0,9.2,1.1,1,0,1,Applications Developer,Software & Web Development
PS2_0207,PS2_Benchmark,1.0,5.0,4.8,4.4,1,0,1,Applications Developer,Software & Web Development
PS2_0208,PS2_Benchmark,1.0,4.0,7.199999999999999,2.2,1,1,0,Applications Developer,Software & Web Development
PS2_0209,PS2_Benchmark,6.0,9.0,6.8,7.700000000000001,1,0,0,Applications Developer,Software & Web Development
PS2_0210,PS2_Benchmark,8.0,9.0,3.2,7.700000000000001,1,0,1,Applications Developer,Software & Web Development
PS2_0211,PS2_Benchmark,7.0,1.0,4.4,8.8,0,1,0,Applications Developer,Software & Web Development
PS2_0212,PS2_Benchmark,3.0,5.0,6.8,5.5,1,0,0,Applications Developer,Software & Web Development
PS2_0213,PS2_Benchmark,3.0,3.0,4.8,3.3000000000000003,1,1,0,Applications Developer,Software & Web Development
PS2_0214,PS2_Benchmark,3.0,2.0,4.8,3.3000000000000003,1,1,1,Applications Developer,Software & Web Development
PS2_0215,PS2_Benchmark,1.0,9.0,3.2,1.1,0,0,0,Applications Developer,Software & Web Development
PS2_0216,PS2_Benchmark,7.0,9.0,1.2,4.4,0,1,1,Applications Developer,Software & Web Development
PS2_0217,PS2_Benchmark,8.0,1.0,4.4,8.8,0,1,0,Applications Developer,Software & Web Development
PS2_0218,PS2_Benchmark,7.0,9.0,6.8,3.3000000000000003,1,0,1,Applications Developer,Software & Web Development
PS2_0219,PS2_Benchmark,5.0,1.0,2.4,7.700000000000001,0,0,1,Applications Developer,Software & Web Development
PS2_0220,PS2_Benchmark,1.0,7.0,1.2,4.4,0,1,1,Applications Developer,Software & Web Development
PS2_0221,PS2_Benchmark,8.0,7.0,3.5999999999999996,3.3000000000000003,1,1,0,Applications Developer,Software & Web Development
PS2_0222,PS2_Benchmark,1.0,6.0,7.199999999999999,7.700000000000001,0,1,1,Applications Developer,Software & Web Development
PS2_0223,PS2_Benchmark,7.0,3.0,8.0,2.2,1,0,1,Applications Developer,Software & Web Development
PS2_0224,PS2_Benchmark,9.0,3.0,4.8,4.4,1,1,0,Applications Developer,Software & Web Development
PS2_0225,PS2_Benchmark,4.0,3.0,8.0,1.1,1,0,0,Applications Developer,Software & Web Development
PS2_0226,PS2_Benchmark,8.0,8.0,4.8,8.8,1,1,0,Applications Developer,Software & Web Development
PS2_0227,PS2_Benchmark,5.0,6.0,3.5999999999999996,4.4,0,0,0,Applications Developer,Software & Web Development
PS2_0228,PS2_Benchmark,9.0,8.0,6.8,8.8,0,1,0,Applications Developer,Software & Web Development
PS2_0229,PS2_Benchmark,7.0,1.0,6.8,9.9,1,1,1,Applications Developer,Software & Web Development
PS2_0230,PS2_Benchmark,4.0,2.0,0.0,4.4,1,1,1,Applications Developer,Software & Web Development
PS2_0231,PS2_Benchmark,5.0,1.0,2.4,6.6000000000000005,1,1,0,Applications Developer,Software & Web Development
PS2_0232,PS2_Benchmark,6.0,9.0,4.4,2.2,1,0,0,Applications Developer,Software & Web Development
PS2_0233,PS2_Benchmark,2.0,5.0,7.199999999999999,1.1,1,1,0,Applications Developer,Software & Web Development
PS2_0234,PS2_Benchmark,6.0,4.0,4.4,2.2,0,0,0,Applications Developer,Software & Web Development
PS2_0235,PS2_Benchmark,8.0,7.0,3.5999999999999996,2.2,0,0,0,Applications Developer,Software & Web Development
PS2_0236,PS2_Benchmark,8.0,4.0,2.4,9.9,1,0,0,Applications Developer,Software & Web Development
PS2_0237,PS2_Benchmark,9.0,3.0,1.2,2.2,1,1,1,Applications Developer,Software & Web Development
PS2_0238,PS2_Benchmark,5.0,3.0,6.8,4.4,0,1,0,Applications Developer,Software & Web Development
PS2_0239,PS2_Benchmark,2.0,6.0,3.5999999999999996,6.6000000000000005,1,1,0,Applications Developer,Software & Web Development
PS2_0240,PS2_Benchmark,9.0,7.0,4.4,5.5,0,1,0,Applications Developer,Software & Web Development
PS2_0241,PS2_Benchmark,4.0,5.0,8.0,3.3000000000000003,1,1,1,Applications Developer,Software & Web Development
PS2_0242,PS2_Benchmark,6.0,7.0,4.8,9.9,1,1,1,Applications Developer,Software & Web Development
PS2_0243,PS2_Benchmark,7.0,8.0,3.2,8.8,1,1,1,Applications Developer,Software & Web Development
PS2_0244,PS2_Benchmark,1.0,8.0,3.2,1.1,1,0,0,Applications Developer,Software & Web Development
PS2_0245,PS2_Benchmark,7.0,5.0,4.8,5.5,0,0,0,Applications Developer,Software & Web Development
PS2_0246,PS2_Benchmark,3.0,1.0,4.4,7.700000000000001,0,1,0,Applications Developer,Software & Web Development
PS2_0247,PS2_Benchmark,1.0,2.0,9.2,3.3000000000000003,0,0,1,Applications Developer,Software & Web Development
PS2_0248,PS2_Benchmark,1.0,1.0,3.5999999999999996,9.9,0,0,1,Applications Developer,Software & Web Development
PS2_0249,PS2_Benchmark,7.0,7.0,6.0,4.4,0,0,1,Applications Developer,Software & Web Development
PS2_0250,PS2_Benchmark,4.0,4.0,4.4,4.4,1,0,1,Applications Developer,Software & Web Development
PS2_0251,PS2_Benchmark,1.0,9.0,2.4,6.6000000000000005,0,0,1,Applications Developer,Software & Web Development
PS2_0252,PS2_Benchmark,7.0,8.0,0.0,8.8,1,1,0,Applications Developer,Software & Web Development
PS2_0253,PS2_Benchmark,4.0,1.0,2.0,5.5,1,1,0,Applications Developer,Software & Web Development
PS2_0254,PS2_Benchmark,1.0,2.0,3.2,2.2,1,1,0,Applications Developer,Software & Web Development
PS2_0255,PS2_Benchmark,3.0,9.0,3.2,3.3000000000000003,0,0,1,Applications Developer,Software & Web Development
PS2_0256,PS2_Benchmark,6.0,3.0,2.0,2.2,1,0,1,Applications Developer,Software & Web Development
PS2_0257,PS2_Benchmark,5.0,9.0,2.0,7.700000000000001,1,1,1,Applications Developer,Software & Web Development
PS2_0258,PS2_Benchmark,7.0,7.0,3.2,8.8,1,0,0,Applications Developer,Software & Web Development
PS2_0259,PS2_Benchmark,2.0,2.0,4.4,5.5,0,1,1,Applications Developer,Software & Web Development
PS2_0260,PS2_Benchmark,4.0,9.0,4.4,3.3000000000000003,1,0,1,Applications Developer,Software & Web Development
PS2_0261,PS2_Benchmark,6.0,3.0,2.0,7.700000000000001,0,1,0,Applications Developer,Software & Web Development
PS2_0262,PS2_Benchmark,8.0,2.0,3.5999999999999996,7.700000000000001,1,1,1,Applications Developer,Software & Web Development
PS2_0263,PS2_Benchmark,2.0,4.0,3.5999999999999996,6.6000000000000005,1,1,0,Applications Developer,Software & Web Development
PS2_0264,PS2_Benchmark,9.0,5.0,1.2,4.4,0,0,0,Applications Developer,Software & Web Development
PS2_0265,PS2_Benchmark,1.0,3.0,0.0,3.3000000000000003,0,1,1,Applications Developer,Software & Web Development
PS2_0266,PS2_Benchmark,4.0,7.0,1.2,9.9,0,1,1,Applications Developer,Software & Web Development
PS2_0267,PS2_Benchmark,1.0,1.0,4.4,8.8,0,1,0,Applications Developer,Software & Web Development
PS2_0268,PS2_Benchmark,4.0,9.0,6.0,1.1,0,1,0,Applications Developer,Software & Web Development
PS2_0269,PS2_Benchmark,4.0,6.0,4.8,7.700000000000001,0,0,0,Applications Developer,Software & Web Development
PS2_0270,PS2_Benchmark,9.0,2.0,3.2,1.1,1,0,0,Applications Developer,Software & Web Development
PS2_0271,PS2_Benchmark,1.0,1.0,8.0,8.8,0,1,1,Applications Developer,Software & Web Development
PS2_0272,PS2_Benchmark,9.0,1.0,3.5999999999999996,8.8,0,0,1,Applications Developer,Software & Web Development
PS2_0273,PS2_Benchmark,3.0,5.0,7.199999999999999,4.4,0,0,1,Applications Developer,Software & Web Development
PS2_0274,PS2_Benchmark,3.0,4.0,9.2,5.5,1,1,1,Applications Developer,Software & Web Development
PS2_0275,PS2_Benchmark,8.0,1.0,0.0,6.6000000000000005,1,1,0,Applications Developer,Software & Web Development
PS2_0276,PS2_Benchmark,8.0,9.0,2.0,8.8,0,0,1,Applications Developer,Software & Web Development
PS2_0277,PS2_Benchmark,9.0,4.0,2.0,4.4,1,0,0,Applications Developer,Software & Web Development
PS2_0278,PS2_Benchmark,2.0,2.0,2.4,4.4,1,1,0,Applications Developer,Software & Web Development
PS2_0279,PS2_Benchmark,8.0,2.0,2.4,4.4,1,0,1,Applications Developer,Software & Web Development
PS2_0280,PS2_Benchmark,1.0,8.0,5.6,4.4,1,1,0,Applications Developer,Software & Web Development
PS2_0281,PS2_Benchmark,7.0,7.0,0.0,9.9,0,1,1,Applications Developer,Software & Web Development
PS2_0282,PS2_Benchmark,1.0,2.0,7.199999999999999,2.2,1,1,1,Applications Developer,Software & Web Development
PS2_0283,PS2_Benchmark,1.0,5.0,2.4,1.1,1,0,0,Applications Developer,Software & Web Development
PS2_0284,PS2_Benchmark,8.0,2.0,4.4,9.9,1,0,0,Applications Developer,Software & Web Development
PS2_0285,PS2_Benchmark,4.0,7.0,4.8,5.5,0,0,1,Applications Developer,Software & Web Development
PS2_0286,PS2_Benchmark,4.0,2.0,3.2,7.700000000000001,1,0,0,Applications Developer,Software & Web Development
PS2_0287,PS2_Benchmark,1.0,8.0,2.4,1.1,0,1,1,Applications Developer,Software & Web Development
PS2_0288,PS2_Benchmark,7.0,8.0,5.6,5.5,1,1,1,Applications Developer,Software & Web Development
PS2_0289,PS2_Benchmark,9.0,1.0,2.0,5.5,0,1,1,Applications Developer,Software & Web Development
PS2_0290,PS2_Benchmark,3.0,7.0,6.0,5.5,0,0,0,Applications Developer,Software & Web Development
PS2_0291,PS2_Benchmark,5.0,8.0,4.4,6.6000000000000005,0,1,1,Applications Developer,Software & Web Development
PS2_0292,PS2_Benchmark,6.0,1.0,3.2,8.8,0,0,1,Applications Developer,Software & Web Development
PS2_0293,PS2_Benchmark,9.0,1.0,3.2,1.1,1,0,1,Applications Developer,Software & Web Development
PS2_0294,PS2_Benchmark,3.0,9.0,3.2,5.5,0,0,1,Applications Developer,Software & Web Development
PS2_0295,PS2_Benchmark,4.0,3.0,4.4,9.9,1,1,0,Applications Developer,Software & Web Development
PS2_0296,PS2_Benchmark,1.0,9.0,6.8,8.8,0,1,0,Applications Developer,Software & Web Development
PS2_0297,PS2_Benchmark,4.0,2.0,2.4,8.8,0,1,0,Applications Developer,Software & Web Development
PS2_0298,PS2_Benchmark,2.0,9.0,0.0,7.700000000000001,0,0,0,Applications Developer,Software & Web Development
PS2_0299,PS2_Benchmark,6.0,2.0,3.5999999999999996,4.4,1,0,1,Applications Developer,Software & Web Development
PS2_0300,PS2_Benchmark,8.0,1.0,0.0,5.5,1,0,1,Applications Developer,Software & Web Development
PS2_0301,PS2_Benchmark,6.0,8.0,5.6,4.4,0,1,0,Applications Developer,Software & Web Development
PS2_0302,PS2_Benchmark,3.0,2.0,3.2,4.4,0,0,1,Applications Developer,Software & Web Development
PS2_0303,PS2_Benchmark,9.0,6.0,5.6,7.700000000000001,0,0,1,Applications Developer,Software & Web Development
PS2_0304,PS2_Benchmark,1.0,1.0,2.0,9.9,1,1,1,Applications Developer,Software & Web Development
PS2_0305,PS2_Benchmark,8.0,6.0,1.2,8.8,0,0,1,Applications Developer,Software & Web Development
PS2_0306,PS2_Benchmark,9.0,9.0,6.0,9.9,0,1,0,Applications Developer,Software & Web Development
PS2_0307,PS2_Benchmark,3.0,7.0,6.0,6.6000000000000005,0,0,0,Applications Developer,Software & Web Development
PS2_0308,PS2_Benchmark,7.0,4.0,3.2,3.3000000000000003,1,0,0,Applications Developer,Software & Web Development
PS2_0309,PS2_Benchmark,5.0,1.0,2.0,1.1,0,0,1,Applications Developer,Software & Web Development
PS2_0310,PS2_Benchmark,5.0,3.0,4.8,4.4,0,0,0,Applications Developer,Software & Web Development
PS2_0311,PS2_Benchmark,9.0,4.0,7.199999999999999,9.9,0,0,1,Applications Developer,Software & Web Development
PS2_0312,PS2_Benchmark,3.0,8.0,5.6,8.8,1,1,0,Applications Developer,Software & Web Development
PS2_0313,PS2_Benchmark,5.0,9.0,3.5999999999999996,6.6000000000000005,0,1,0,Applications Developer,Software & Web Development
PS2_0314,PS2_Benchmark,1.0,9.0,0.0,6.6000000000000005,0,1,1,Applications Developer,Software & Web Development
PS2_0315,PS2_Benchmark,3.0,1.0,4.8,1.1,0,1,0,Applications Developer,Software & Web Development
PS2_0316,PS2_Benchmark,8.0,2.0,3.5999999999999996,5.5,1,0,1,Applications Developer,Software & Web Development
PS2_0317,PS2_Benchmark,3.0,9.0,0.0,7.700000000000001,1,1,0,Applications Developer,Software & Web Development
PS2_0318,PS2_Benchmark,1.0,8.0,4.4,1.1,0,1,1,Applications Developer,Software & Web Development
PS2_0319,PS2_Benchmark,4.0,1.0,2.0,1.1,0,1,1,Applications Developer,Software & Web Development
PS2_0320,PS2_Benchmark,7.0,6.0,1.2,7.700000000000001,1,0,1,Applications Developer,Software & Web Development
PS2_0321,PS2_Benchmark,4.0,9.0,1.2,4.4,1,1,0,Applications Developer,Software & Web Development
PS2_0322,PS2_Benchmark,6.0,1.0,1.2,5.5,1,1,1,Applications Developer,Software & Web Development
PS2_0323,PS2_Benchmark,2.0,4.0,2.4,2.2,0,1,0,Applications Developer,Software & Web Development
PS2_0324,PS2_Benchmark,1.0,7.0,2.4,6.6000000000000005,0,1,0,Applications Developer,Software & Web Development
PS2_0325,PS2_Benchmark,3.0,5.0,8.0,7.700000000000001,1,1,0,Applications Developer,Software & Web Development
PS2_0326,PS2_Benchmark,9.0,2.0,5.6,5.5,0,1,1,Applications Developer,Software & Web Development
PS2_0327,PS2_Benchmark,4.0,5.0,6.8,8.8,1,1,1,Applications Developer,Software & Web Development
PS2_0328,PS2_Benchmark,2.0,7.0,0.0,1.1,0,1,0,Applications Developer,Software & Web Development
PS2_0329,PS2_Benchmark,9.0,8.0,6.0,2.2,1,1,1,Applications Developer,Software & Web Development
PS2_0330,PS2_Benchmark,1.0,2.0,0.0,9.9,1,0,0,Applications Developer,Software & Web Development
PS2_0331,PS2_Benchmark,1.0,4.0,9.2,2.2,1,1,0,Applications Developer,Software & Web Development
PS2_0332,PS2_Benchmark,2.0,5.0,4.4,1.1,0,1,1,Applications Developer,Software & Web Development
PS2_0333,PS2_Benchmark,3.0,5.0,8.0,4.4,0,1,1,Applications Developer,Software & Web Development
PS2_0334,PS2_Benchmark,2.0,2.0,8.0,2.2,0,1,1,Applications Developer,Software & Web Development
PS2_0335,PS2_Benchmark,2.0,9.0,0.0,1.1,1,0,1,Applications Developer,Software & Web Development
PS2_0336,PS2_Benchmark,9.0,4.0,1.2,9.9,1,1,1,Applications Developer,Software & Web Development
PS2_0337,PS2_Benchmark,2.0,2.0,9.2,6.6000000000000005,1,1,0,Applications Developer,Software & Web Development
PS2_0338,PS2_Benchmark,4.0,1.0,2.4,8.8,0,1,1,Applications Developer,Software & Web Development
PS2_0339,PS2_Benchmark,3.0,4.0,7.199999999999999,9.9,0,0,0,Applications Developer,Software & Web Development
PS2_0340,PS2_Benchmark,2.0,7.0,2.0,6.6000000000000005,0,0,0,Applications Developer,Software & Web Development
PS2_0341,PS2_Benchmark,5.0,2.0,6.0,9.9,0,1,1,Applications Developer,Software & Web Development
PS2_0342,PS2_Benchmark,9.0,2.0,5.6,8.8,0,0,0,Applications Developer,Software & Web Development
PS2_0343,PS2_Benchmark,3.0,3.0,6.0,6.6000000000000005,1,0,1,Applications Developer,Software & Web Development
PS2_0344,PS2_Benchmark,7.0,7.0,1.2,5.5,0,1,1,Applications Developer,Software & Web Development
PS2_0345,PS2_Benchmark,7.0,6.0,8.0,9.9,1,1,0,Applications Developer,Software & Web Development
PS2_0346,PS2_Benchmark,7.0,1.0,8.0,1.1,1,1,1,Applications Developer,Software & Web Development
PS2_0347,PS2_Benchmark,5.0,2.0,9.2,9.9,1,0,1,Applications Developer,Software & Web Development
PS2_0348,PS2_Benchmark,6.0,2.0,6.0,2.2,0,1,0,Applications Developer,Software & Web Development
PS2_0349,PS2_Benchmark,7.0,8.0,4.8,1.1,1,1,1,Applications Developer,Software & Web Development
PS2_0350,PS2_Benchmark,6.0,8.0,4.8,9.9,0,0,1,Applications Developer,Software & Web Development
PS2_0351,PS2_Benchmark,4.0,1.0,4.4,2.2,0,1,0,Applications Developer,Software & Web Development
PS2_0352,PS2_Benchmark,3.0,2.0,3.5999999999999996,3.3000000000000003,0,0,1,Applications Developer,Software & Web Development
PS2_0353,PS2_Benchmark,6.0,4.0,7.199999999999999,3.3000000000000003,0,0,1,Applications Developer,Software & Web Development
PS2_0354,PS2_Benchmark,8.0,5.0,6.0,1.1,1,0,1,Applications Developer,Software & Web Development
PS2_0355,PS2_Benchmark,4.0,3.0,8.0,8.8,0,1,0,Applications Developer,Software & Web Development
PS2_0356,PS2_Benchmark,8.0,6.0,2.0,8.8,0,0,0,Applications Developer,Software & Web Development
PS2_0357,PS2_Benchmark,5.0,6.0,2.4,4.4,0,1,1,Applications Developer,Software & Web Development
PS2_0358,PS2_Benchmark,7.0,4.0,0.0,9.9,0,0,1,Applications Developer,Software & Web Development
PS2_0359,PS2_Benchmark,8.0,8.0,6.0,9.9,0,1,0,Applications Developer,Software & Web Development
PS2_0360,PS2_Benchmark,1.0,4.0,7.199999999999999,1.1,0,0,1,Applications Developer,Software & Web Development
PS2_0361,PS2_Benchmark,2.0,4.0,2.4,9.9,1,1,1,Applications Developer,Software & Web Development
PS2_0362,PS2_Benchmark,5.0,2.0,2.0,4.4,1,0,0,Applications Developer,Software & Web Development
PS2_0363,PS2_Benchmark,1.0,2.0,4.4,7.700000000000001,1,1,0,Applications Developer,Software & Web Development
PS2_0364,PS2_Benchmark,9.0,7.0,3.5999999999999996,6.6000000000000005,0,1,0,Applications Developer,Software & Web Development
PS2_0365,PS2_Benchmark,9.0,9.0,2.4,7.700000000000001,1,1,0,Applications Developer,Software & Web Development
PS2_0366,PS2_Benchmark,6.0,9.0,2.0,3.3000000000000003,0,1,1,Applications Developer,Software & Web Development
PS2_0367,PS2_Benchmark,6.0,7.0,4.4,2.2,0,1,1,Applications Developer,Software & Web Development
PS2_0368,PS2_Benchmark,6.0,4.0,3.2,1.1,1,0,0,Applications Developer,Software & Web Development
PS2_0369,PS2_Benchmark,5.0,2.0,3.5999999999999996,1.1,0,1,0,Applications Developer,Software & Web Development
PS2_0370,PS2_Benchmark,8.0,8.0,7.199999999999999,2.2,0,1,0,Applications Developer,Software & Web Development
PS2_0371,PS2_Benchmark,2.0,1.0,3.2,4.4,1,0,1,Applications Developer,Software & Web Development
PS2_0372,PS2_Benchmark,8.0,8.0,3.2,9.9,0,0,0,Applications Developer,Software & Web Development
PS2_0373,PS2_Benchmark,4.0,4.0,4.4,3.3000000000000003,0,1,1,Applications Developer,Software & Web Development
PS2_0374,PS2_Benchmark,9.0,3.0,1.2,3.3000000000000003,0,0,1,Applications Developer,Software & Web Development
PS2_0375,PS2_Benchmark,8.0,4.0,7.199999999999999,4.4,0,0,1,Applications Developer,Software & Web Development
PS2_0376,PS2_Benchmark,1.0,9.0,8.0,6.6000000000000005,1,0,1,Applications Developer,Software & Web Development
PS2_0377,PS2_Benchmark,4.0,2.0,6.0,1.1,0,1,0,Applications Developer,Software & Web Development
PS2_0378,PS2_Benchmark,3.0,1.0,5.6,5.5,0,0,1,Applications Developer,Software & Web Development
PS2_0379,PS2_Benchmark,3.0,2.0,6.0,3.3000000000000003,1,1,1,Applications Developer,Software & Web Development
PS2_0380,PS2_Benchmark,8.0,6.0,7.199999999999999,1.1,0,0,1,Applications Developer,Software & Web Development
PS2_0381,PS2_Benchmark,9.0,9.0,6.8,5.5,1,0,0,Applications Developer,Software & Web Development
PS2_0382,PS2_Benchmark,7.0,6.0,3.2,3.3000000000000003,0,0,0,Applications Developer,Software & Web Development
PS2_0383,PS2_Benchmark,7.0,9.0,8.0,7.700000000000001,0,0,1,Applications Developer,Software & Web Development
PS2_0384,PS2_Benchmark,3.0,4.0,0.0,1.1,0,0,0,Applications Developer,Software & Web Development
PS2_0385,PS2_Benchmark,7.0,6.0,2.0,5.5,0,1,0,Applications Developer,Software & Web Development
PS2_0386,PS2_Benchmark,7.0,5.0,4.8,1.1,0,1,0,Applications Developer,Software & Web Development
PS2_0387,PS2_Benchmark,2.0,9.0,4.8,5.5,0,1,1,Applications Developer,Software & Web Development
PS2_0388,PS2_Benchmark,7.0,3.0,4.8,2.2,1,1,1,Applications Developer,Software & Web Development
PS2_0389,PS2_Benchmark,6.0,8.0,1.2,5.5,1,0,0,Applications Developer,Software & Web Development
PS2_0390,PS2_Benchmark,8.0,4.0,2.0,1.1,1,0,1,Applications Developer,Software & Web Development
PS2_0391,PS2_Benchmark,3.0,9.0,2.0,4.4,1,1,1,Applications Developer,Software & Web Development
PS2_0392,PS2_Benchmark,1.0,4.0,9.2,2.2,0,0,1,Applications Developer,Software & Web Development
PS2_0393,PS2_Benchmark,6.0,2.0,2.4,1.1,1,0,1,Applications Developer,Software & Web Development
PS2_0394,PS2_Benchmark,9.0,3.0,6.8,4.4,1,0,1,Applications Developer,Software & Web Development
PS2_0395,PS2_Benchmark,1.0,2.0,1.2,3.3000000000000003,1,0,1,Applications Developer,Software & Web Development
PS2_0396,PS2_Benchmark,1.0,9.0,9.2,6.6000000000000005,1,0,1,Applications Developer,Software & Web Development
PS2_0397,PS2_Benchmark,4.0,4.0,4.8,8.8,1,0,1,Applications Developer,Software & Web Development
PS2_0398,PS2_Benchmark,3.0,7.0,8.0,6.6000000000000005,1,0,0,Applications Developer,Software & Web Development
PS2_0399,PS2_Benchmark,1.0,1.0,1.2,7.700000000000001,1,0,0,Applications Developer,Software & Web Development
PS2_0400,PS2_Benchmark,2.0,8.0,4.4,4.4,0,0,1,Applications Developer,Software & Web Development
PS2_0401,PS2_Benchmark,7.0,2.0,5.6,9.9,0,0,0,Applications Developer,Software & Web Development
PS2_0402,PS2_Benchmark,8.0,1.0,1.2,3.3000000000000003,0,1,1,Applications Developer,Software & Web Development
PS2_0403,PS2_Benchmark,2.0,1.0,8.0,4.4,0,0,1,Applications Developer,Software & Web Development
PS2_0404,PS2_Benchmark,3.0,5.0,8.0,1.1,0,1,1,Applications Developer,Software & Web Development
PS2_0405,PS2_Benchmark,4.0,2.0,2.4,7.700000000000001,1,1,0,Applications Developer,Software & Web Development
PS2_0406,PS2_Benchmark,6.0,8.0,9.2,3.3000000000000003,0,1,1,Applications Developer,Software & Web Development
PS2_0407,PS2_Benchmark,2.0,7.0,4.8,1.1,0,1,0,Applications Developer,Software & Web Development
PS2_0408,PS2_Benchmark,7.0,8.0,2.4,4.4,0,1,1,Applications Developer,Software & Web Development
PS2_0409,PS2_Benchmark,8.0,8.0,5.6,1.1,0,0,0,Applications Developer,Software & Web Development
PS2_0410,PS2_Benchmark,3.0,2.0,7.199999999999999,6.6000000000000005,1,0,0,Applications Developer,Software & Web Development
PS2_0411,PS2_Benchmark,6.0,9.0,4.8,8.8,0,0,0,Applications Developer,Software & Web Development
PS2_0412,PS2_Benchmark,4.0,4.0,7.199999999999999,3.3000000000000003,1,0,1,Applications Developer,Software & Web Development
PS2_0413,PS2_Benchmark,2.0,4.0,9.2,8.8,0,1,1,Applications Developer,Software & Web Development
PS2_0414,PS2_Benchmark,1.0,1.0,8.0,5.5,0,0,1,Applications Developer,Software & Web Development
PS2_0415,PS2_Benchmark,9.0,2.0,2.4,9.9,0,0,0,Applications Developer,Software & Web Development
PS2_0416,PS2_Benchmark,3.0,5.0,8.0,7.700000000000001,1,1,0,Applications Developer,Software & Web Development
PS2_0417,PS2_Benchmark,9.0,2.0,4.8,6.6000000000000005,0,0,1,Applications Developer,Software & Web Development
PS2_0418,PS2_Benchmark,7.0,6.0,2.4,2.2,0,0,0,Applications Developer,Software & Web Development
PS2_0419,PS2_Benchmark,3.0,2.0,9.2,3.3000000000000003,0,0,0,Applications Developer,Software & Web Development
PS2_0420,PS2_Benchmark,7.0,9.0,5.6,2.2,1,0,0,Applications Developer,Software & Web Development
PS2_0421,PS2_Benchmark,6.0,9.0,0.0,9.9,0,1,0,Applications Developer,Software & Web Development
PS2_0422,PS2_Benchmark,4.0,5.0,6.0,7.700000000000001,1,0,0,Applications Developer,Software & Web Development
PS2_0423,PS2_Benchmark,8.0,3.0,3.2,3.3000000000000003,1,0,1,Applications Developer,Software & Web Development
PS2_0424,PS2_Benchmark,6.0,3.0,9.2,6.6000000000000005,1,1,0,Applications Developer,Software & Web Development
PS2_0425,PS2_Benchmark,4.0,3.0,4.4,8.8,1,1,0,Applications Developer,Software & Web Development
PS2_0426,PS2_Benchmark,8.0,5.0,8.0,1.1,1,0,1,Applications Developer,Software & Web Development
PS2_0427,PS2_Benchmark,7.0,6.0,4.4,7.700000000000001,1,1,1,Applications Developer,Software & Web Development
PS2_0428,PS2_Benchmark,6.0,4.0,6.8,2.2,1,1,1,Applications Developer,Software & Web Development
PS2_0429,PS2_Benchmark,5.0,3.0,7.199999999999999,5.5,0,1,1,Applications Developer,Software & Web Development
PS2_0430,PS2_Benchmark,5.0,7.0,0.0,8.8,1,0,0,Applications Developer,Software & Web Development
PS2_0431,PS2_Benchmark,4.0,8.0,6.0,9.9,0,0,0,Applications Developer,Software & Web Development
PS2_0432,PS2_Benchmark,7.0,6.0,0.0,6.6000000000000005,0,1,1,Applications Developer,Software & Web Development
PS2_0433,PS2_Benchmark,2.0,5.0,2.0,8.8,1,1,1,Applications Developer,Software & Web Development
PS2_0434,PS2_Benchmark,1.0,5.0,0.0,4.4,1,0,1,Applications Developer,Software & Web Development
PS2_0435,PS2_Benchmark,1.0,4.0,6.8,6.6000000000000005,1,0,1,Applications Developer,Software & Web Development
PS2_0436,PS2_Benchmark,5.0,3.0,4.4,8.8,0,0,0,Applications Developer,Software & Web Development
PS2_0437,PS2_Benchmark,6.0,9.0,2.4,3.3000000000000003,0,1,1,Applications Developer,Software & Web Development
PS2_0438,PS2_Benchmark,3.0,4.0,6.0,1.1,1,1,1,Applications Developer,Software & Web Development
PS2_0439,PS2_Benchmark,9.0,5.0,7.199999999999999,7.700000000000001,1,0,1,Applications Developer,Software & Web Development
PS2_0440,PS2_Benchmark,6.0,8.0,5.6,7.700000000000001,1,0,0,Applications Developer,Software & Web Development
PS2_0441,PS2_Benchmark,3.0,4.0,7.199999999999999,1.1,0,1,1,Applications Developer,Software & Web Development
PS2_0442,PS2_Benchmark,2.0,8.0,6.0,5.5,1,0,0,Applications Developer,Software & Web Development
PS2_0443,PS2_Benchmark,3.0,4.0,4.4,4.4,0,1,1,Applications Developer,Software & Web Development
PS2_0444,PS2_Benchmark,6.0,2.0,4.4,5.5,0,0,1,Applications Developer,Software & Web Development
PS2_0445,PS2_Benchmark,2.0,3.0,5.6,3.3000000000000003,0,1,1,Applications Developer,Software & Web Development
PS2_0446,PS2_Benchmark,9.0,4.0,6.8,6.6000000000000005,1,1,1,Applications Developer,Software & Web Development
PS2_0447,PS2_Benchmark,2.0,9.0,2.0,7.700000000000001,0,1,0,Applications Developer,Software & Web Development
PS2_0448,PS2_Benchmark,9.0,2.0,3.5999999999999996,2.2,1,0,1,Applications Developer,Software & Web Development
PS2_0449,PS2_Benchmark,9.0,5.0,7.199999999999999,9.9,1,1,1,Applications Developer,Software & Web Development
PS2_0450,PS2_Benchmark,6.0,6.0,7.199999999999999,3.3000000000000003,1,0,1,Applications Developer,Software & Web Development
PS2_0451,PS2_Benchmark,2.0,6.0,4.4,3.3000000000000003,1,1,1,Applications Developer,Software & Web Development
PS2_0452,PS2_Benchmark,7.0,1.0,1.2,6.6000000000000005,1,0,0,Applications Developer,Software & Web Development
PS2_0453,PS2_Benchmark,9.0,5.0,6.8,2.2,0,0,1,Applications Developer,Software & Web Development
PS2_0454,PS2_Benchmark,6.0,5.0,3.2,2.2,0,0,0,Applications Developer,Software & Web Development
PS2_0455,PS2_Benchmark,1.0,5.0,7.199999999999999,4.4,0,0,0,Applications Developer,Software & Web Development
PS2_0456,PS2_Benchmark,7.0,8.0,8.0,7.700000000000001,0,1,0,Applications Developer,Software & Web Development
PS2_0457,PS2_Benchmark,1.0,4.0,5.6,9.9,0,1,1,Applications Developer,Software & Web Development
PS2_0458,PS2_Benchmark,3.0,1.0,8.0,1.1,0,1,0,Applications Developer,Software & Web Development
PS2_0459,PS2_Benchmark,3.0,5.0,5.6,6.6000000000000005,1,0,1,Applications Developer,Software & Web Development
PS2_0460,PS2_Benchmark,6.0,3.0,5.6,9.9,1,1,1,Applications Developer,Software & Web Development
PS2_0461,PS2_Benchmark,1.0,4.0,6.8,5.5,1,1,0,Applications Developer,Software & Web Development
PS2_0462,PS2_Benchmark,6.0,5.0,6.0,9.9,0,0,1,Applications Developer,Software & Web Development
PS2_0463,PS2_Benchmark,1.0,7.0,8.0,4.4,0,1,1,Applications Developer,Software & Web Development
PS2_0464,PS2_Benchmark,5.0,9.0,1.2,6.6000000000000005,1,1,1,Applications Developer,Software & Web Development
PS2_0465,PS2_Benchmark,2.0,1.0,8.0,9.9,1,1,0,Applications Developer,Software & Web Development
PS2_0466,PS2_Benchmark,2.0,4.0,0.0,7.700000000000001,1,0,0,Applications Developer,Software & Web Development
PS2_0467,PS2_Benchmark,5.0,9.0,6.8,5.5,0,0,1,Applications Developer,Software & Web Development
PS2_0468,PS2_Benchmark,8.0,1.0,6.0,9.9,1,0,0,Applications Developer,Software & Web Development
PS2_0469,PS2_Benchmark,3.0,7.0,8.0,3.3000000000000003,0,0,1,Applications Developer,Software & Web Development
PS2_0470,PS2_Benchmark,5.0,3.0,6.0,8.8,0,1,0,Applications Developer,Software & Web Development
PS2_0471,PS2_Benchmark,2.0,4.0,3.2,2.2,1,1,0,Applications Developer,Software & Web Development
PS2_0472,PS2_Benchmark,5.0,4.0,5.6,1.1,0,1,1,Applications Developer,Software & Web Development
PS2_0473,PS2_Benchmark,7.0,4.0,0.0,1.1,0,0,1,Applications Developer,Software & Web Development
PS2_0474,PS2_Benchmark,9.0,6.0,3.2,9.9,0,1,1,Applications Developer,Software & Web Development
PS2_0475,PS2_Benchmark,1.0,4.0,3.5999999999999996,7.700000000000001,0,1,0,Applications Developer,Software & Web Development
PS2_0476,PS2_Benchmark,2.0,7.0,7.199999999999999,2.2,1,0,0,Applications Developer,Software & Web Development
PS2_0477,PS2_Benchmark,7.0,5.0,5.6,1.1,0,0,0,Applications Developer,Software & Web Development
PS2_0478,PS2_Benchmark,1.0,4.0,4.4,9.9,0,0,1,Applications Developer,Software & Web Development
PS2_0479,PS2_Benchmark,8.0,9.0,2.4,8.8,1,1,1,Applications Developer,Software & Web Development
PS2_0480,PS2_Benchmark,2.0,6.0,9.2,6.6000000000000005,0,0,0,Applications Developer,Software & Web Development
PS2_0481,PS2_Benchmark,9.0,5.0,0.0,2.2,0,1,0,Applications Developer,Software & Web Development
PS2_0482,PS2_Benchmark,9.0,3.0,6.0,6.6000000000000005,0,0,1,Applications Developer,Software & Web Development
PS2_0483,PS2_Benchmark,6.0,3.0,4.4,8.8,1,1,0,Applications Developer,Software & Web Development
PS2_0484,PS2_Benchmark,3.0,3.0,8.0,7.700000000000001,1,0,1,Applications Developer,Software & Web Development
PS2_0485,PS2_Benchmark,5.0,4.0,6.0,6.6000000000000005,1,0,1,Applications Developer,Software & Web Development
PS2_0486,PS2_Benchmark,8.0,9.0,3.2,6.6000000000000005,1,1,0,Applications Developer,Software & Web Development
PS2_0487,PS2_Benchmark,8.0,8.0,1.2,9.9,0,0,0,Applications Developer,Software & Web Development
PS2_0488,PS2_Benchmark,7.0,6.0,5.6,7.700000000000001,0,0,1,Applications Developer,Software & Web Development
PS2_0489,PS2_Benchmark,2.0,9.0,4.4,5.5,1,0,1,Applications Developer,Software & Web Development
PS2_0490,PS2_Benchmark,2.0,9.0,2.4,4.4,1,0,1,Applications Developer,Software & Web Development
PS2_0491,PS2_Benchmark,3.0,2.0,3.5999999999999996,2.2,0,0,0,Applications Developer,Software & Web Development
PS2_0492,PS2_Benchmark,7.0,7.0,6.0,2.2,0,0,1,Applications Developer,Software & Web Development
PS2_0493,PS2_Benchmark,1.0,2.0,3.2,7.700000000000001,0,1,1,Applications Developer,Software & Web Development
PS2_0494,PS2_Benchmark,6.0,7.0,0.0,9.9,1,0,1,Applications Developer,Software & Web Development
PS2_0495,PS2_Benchmark,5.0,7.0,8.0,2.2,1,1,0,Applications Developer,Software & Web Development
PS2_0496,PS2_Benchmark,7.0,6.0,2.0,9.9,1,0,0,Applications Developer,Software & Web Development
PS2_0497,PS2_Benchmark,4.0,3.0,4.4,9.9,1,1,1,Applications Developer,Software & Web Development
PS2_0498,PS2_Benchmark,3.0,8.0,3.2,5.5,1,0,0,Applications Developer,Software & Web Development
PS2_0499,PS2_Benchmark,5.0,4.0,3.5999999999999996,2.2,1,1,0,Applications Developer,Software & Web Development
PS2_0500,PS2_Benchmark,2.0,1.0,2.4,1.1,1,1,0,Applications Developer,Software & Web Development
PS2_0501,PS2_Benchmark,8.0,2.0,3.5999999999999996,9.9,1,1,1,Applications Developer,Software & Web Development
PS2_0502,PS2_Benchmark,2.0,8.0,9.2,4.4,1,0,1,Applications Developer,Software & Web Development
PS2_0503,PS2_Benchmark,6.0,6.0,8.0,4.4,0,0,1,Applications Developer,Software & Web Development
PS2_0504,PS2_Benchmark,7.0,6.0,6.8,1.1,0,1,0,Applications Developer,Software & Web Development
PS2_0505,PS2_Benchmark,7.0,8.0,4.4,1.1,0,0,1,Applications Developer,Software & Web Development
PS2_0506,PS2_Benchmark,2.0,1.0,4.8,3.3000000000000003,1,1,0,Applications Developer,Software & Web Development
PS2_0507,PS2_Benchmark,3.0,6.0,2.4,8.8,1,0,1,Applications Developer,Software & Web Development
PS2_0508,PS2_Benchmark,3.0,9.0,4.8,3.3000000000000003,0,1,0,Applications Developer,Software & Web Development
PS2_0509,PS2_Benchmark,7.0,8.0,5.6,2.2,0,0,0,Applications Developer,Software & Web Development
PS2_0510,PS2_Benchmark,4.0,9.0,3.2,2.2,1,1,1,Applications Developer,Software & Web Development
PS2_0511,PS2_Benchmark,6.0,1.0,2.4,9.9,0,1,1,Applications Developer,Software & Web Development
PS2_0512,PS2_Benchmark,9.0,2.0,2.4,1.1,1,0,0,Applications Developer,Software & Web Development
PS2_0513,PS2_Benchmark,9.0,9.0,6.8,1.1,1,0,1,Applications Developer,Software & Web Development
PS2_0514,PS2_Benchmark,1.0,8.0,2.4,8.8,1,0,1,Applications Developer,Software & Web Development
PS2_0515,PS2_Benchmark,8.0,9.0,7.199999999999999,1.1,1,0,1,Applications Developer,Software & Web Development
PS2_0516,PS2_Benchmark,2.0,7.0,8.0,8.8,0,1,1,Applications Developer,Software & Web Development
PS2_0517,PS2_Benchmark,7.0,6.0,7.199999999999999,7.700000000000001,0,1,0,Applications Developer,Software & Web Development
PS2_0518,PS2_Benchmark,8.0,9.0,5.6,3.3000000000000003,0,0,1,Applications Developer,Software & Web Development
PS2_0519,PS2_Benchmark,1.0,2.0,6.0,3.3000000000000003,1,0,1,Applications Developer,Software & Web Development
PS2_0520,PS2_Benchmark,1.0,1.0,2.0,5.5,0,1,1,Applications Developer,Software & Web Development
PS2_0521,PS2_Benchmark,1.0,9.0,1.2,4.4,1,0,0,Applications Developer,Software & Web Development
PS2_0522,PS2_Benchmark,4.0,3.0,2.0,2.2,0,1,0,Applications Developer,Software & Web Development
PS2_0523,PS2_Benchmark,5.0,5.0,4.8,2.2,1,1,0,Applications Developer,Software & Web Development
PS2_0524,PS2_Benchmark,3.0,8.0,0.0,6.6000000000000005,0,1,1,Applications Developer,Software & Web Development
PS2_0525,PS2_Benchmark,3.0,8.0,4.8,1.1,1,1,1,Applications Developer,Software & Web Development
PS2_0526,PS2_Benchmark,1.0,4.0,9.2,9.9,1,1,1,Applications Developer,Software & Web Development
PS2_0527,PS2_Benchmark,6.0,2.0,2.4,7.700000000000001,0,1,1,Applications Developer,Software & Web Development
PS2_0528,PS2_Benchmark,3.0,8.0,7.199999999999999,1.1,0,1,1,Applications Developer,Software & Web Development
PS2_0529,PS2_Benchmark,7.0,2.0,2.4,1.1,0,0,1,Applications Developer,Software & Web Development
PS2_0530,PS2_Benchmark,5.0,6.0,3.5999999999999996,4.4,1,0,0,Applications Developer,Software & Web Development
PS2_0531,PS2_Benchmark,4.0,2.0,6.0,2.2,1,0,1,Applications Developer,Software & Web Development
PS2_0532,PS2_Benchmark,3.0,1.0,0.0,3.3000000000000003,0,0,1,Applications Developer,Software & Web Development
PS2_0533,PS2_Benchmark,5.0,1.0,6.8,9.9,0,0,1,Applications Developer,Software & Web Development
PS2_0534,PS2_Benchmark,2.0,1.0,2.4,9.9,0,0,1,Applications Developer,Software & Web Development
PS2_0535,PS2_Benchmark,8.0,5.0,2.0,9.9,1,0,0,Applications Developer,Software & Web Development
PS2_0536,PS2_Benchmark,9.0,4.0,8.0,9.9,1,1,1,Applications Developer,Software & Web Development
PS2_0537,PS2_Benchmark,8.0,5.0,7.199999999999999,3.3000000000000003,0,0,1,Applications Developer,Software & Web Development
PS2_0538,PS2_Benchmark,1.0,4.0,2.4,3.3000000000000003,0,0,1,Applications Developer,Software & Web Development
PS2_0539,PS2_Benchmark,8.0,5.0,8.0,9.9,1,1,1,Applications Developer,Software & Web Development
PS2_0540,PS2_Benchmark,4.0,9.0,9.2,6.6000000000000005,0,1,1,Applications Developer,Software & Web Development
PS2_0541,PS2_Benchmark,8.0,2.0,3.2,5.5,0,0,0,Applications Developer,Software & Web Development
PS2_0542,PS2_Benchmark,8.0,4.0,2.0,7.700000000000001,0,0,1,Applications Developer,Software & Web Development
PS2_0543,PS2_Benchmark,7.0,9.0,3.5999999999999996,1.1,1,1,0,Applications Developer,Software & Web Development
PS2_0544,PS2_Benchmark,9.0,8.0,0.0,8.8,1,0,0,Applications Developer,Software & Web Development
PS2_0545,PS2_Benchmark,4.0,6.0,2.0,4.4,1,1,0,Applications Developer,Software & Web Development
PS2_0546,PS2_Benchmark,4.0,6.0,6.0,4.4,0,1,0,Applications Developer,Software & Web Development
PS2_0547,PS2_Benchmark,4.0,4.0,3.2,5.5,1,1,0,Applications Developer,Software & Web Development
PS2_0548,PS2_Benchmark,1.0,2.0,4.8,4.4,1,1,1,Applications Developer,Software & Web Development
PS2_0549,PS2_Benchmark,3.0,8.0,6.8,8.8,1,0,1,Applications Developer,Software & Web Development
PS2_0550,PS2_Benchmark,8.0,5.0,3.5999999999999996,1.1,1,0,1,Applications Developer,Software & Web Development
PS2_0551,PS2_Benchmark,3.0,7.0,3.2,6.6000000000000005,1,1,0,Applications Developer,Software & Web Development
PS2_0552,PS2_Benchmark,9.0,5.0,2.0,4.4,0,1,0,CRM Technical Developer,Software & Web Development
PS2_0553,PS2_Benchmark,2.0,8.0,4.4,6.6000000000000005,0,1,1,CRM Technical Developer,Software & Web Development
PS2_0554,PS2_Benchmark,5.0,6.0,3.2,9.9,1,0,1,CRM Technical Developer,Software & Web Development
PS2_0555,PS2_Benchmark,3.0,2.0,8.0,8.8,1,0,1,CRM Technical Developer,Software & Web Development
PS2_0556,PS2_Benchmark,6.0,3.0,0.0,4.4,0,0,0,CRM Technical Developer,Software & Web Development
PS2_0557,PS2_Benchmark,8.0,7.0,8.0,6.6000000000000005,0,1,0,CRM Technical Developer,Software & Web Development
PS2_0558,PS2_Benchmark,7.0,4.0,0.0,3.3000000000000003,0,0,0,CRM Technical Developer,Software & Web Development
PS2_0559,PS2_Benchmark,2.0,8.0,6.0,3.3000000000000003,0,0,0,CRM Technical Developer,Software & Web Development
PS2_0560,PS2_Benchmark,5.0,6.0,8.0,4.4,0,0,1,CRM Technical Developer,Software & Web Development
PS2_0561,PS2_Benchmark,7.0,1.0,6.0,4.4,1,1,1,CRM Technical Developer,Software & Web Development
PS2_0562,PS2_Benchmark,1.0,4.0,0.0,3.3000000000000003,1,0,1,CRM Technical Developer,Software & Web Development
PS2_0563,PS2_Benchmark,4.0,9.0,6.0,8.8,0,0,1,CRM Technical Developer,Software & Web Development
PS2_0564,PS2_Benchmark,6.0,8.0,7.199999999999999,6.6000000000000005,1,0,1,CRM Technical Developer,Software & Web Development
PS2_0565,PS2_Benchmark,5.0,9.0,4.4,3.3000000000000003,0,1,1,CRM Technical Developer,Software & Web Development
PS2_0566,PS2_Benchmark,7.0,1.0,6.8,3.3000000000000003,1,1,0,CRM Technical Developer,Software & Web Development
PS2_0567,PS2_Benchmark,2.0,5.0,2.0,5.5,1,1,0,CRM Technical Developer,Software & Web Development
PS2_0568,PS2_Benchmark,8.0,7.0,3.2,9.9,0,0,0,CRM Technical Developer,Software & Web Development
PS2_0569,PS2_Benchmark,2.0,8.0,7.199999999999999,7.700000000000001,0,1,1,CRM Technical Developer,Software & Web Development
PS2_0570,PS2_Benchmark,9.0,4.0,0.0,7.700000000000001,1,0,0,CRM Technical Developer,Software & Web Development
PS2_0571,PS2_Benchmark,3.0,4.0,6.8,7.700000000000001,0,1,1,CRM Technical Developer,Software & Web Development
PS2_0572,PS2_Benchmark,1.0,7.0,6.8,8.8,1,0,1,CRM Technical Developer,Software & Web Development
PS2_0573,PS2_Benchmark,9.0,2.0,6.0,9.9,0,0,0,CRM Technical Developer,Software & Web Development
PS2_0574,PS2_Benchmark,5.0,6.0,7.199999999999999,8.8,0,0,1,CRM Technical Developer,Software & Web Development
PS2_0575,PS2_Benchmark,2.0,3.0,8.0,8.8,1,1,0,CRM Technical Developer,Software & Web Development
PS2_0576,PS2_Benchmark,5.0,4.0,5.6,7.700000000000001,1,0,0,CRM Technical Developer,Software & Web Development
PS2_0577,PS2_Benchmark,7.0,5.0,5.6,9.9,0,0,0,CRM Technical Developer,Software & Web Development
PS2_0578,PS2_Benchmark,1.0,3.0,8.0,8.8,0,1,0,CRM Technical Developer,Software & Web Development
PS2_0579,PS2_Benchmark,5.0,3.0,0.0,3.3000000000000003,1,0,0,CRM Technical Developer,Software & Web Development
PS2_0580,PS2_Benchmark,4.0,7.0,9.2,7.700000000000001,0,1,0,CRM Technical Developer,Software & Web Development
PS2_0581,PS2_Benchmark,1.0,6.0,2.0,8.8,0,0,0,CRM Technical Developer,Software & Web Development
PS2_0582,PS2_Benchmark,5.0,3.0,1.2,4.4,0,1,0,CRM Technical Developer,Software & Web Development
PS2_0583,PS2_Benchmark,9.0,8.0,8.0,1.1,0,0,1,CRM Technical Developer,Software & Web Development
PS2_0584,PS2_Benchmark,3.0,2.0,1.2,6.6000000000000005,0,0,0,CRM Technical Developer,Software & Web Development
PS2_0585,PS2_Benchmark,3.0,2.0,6.0,1.1,1,0,0,CRM Technical Developer,Software & Web Development
PS2_0586,PS2_Benchmark,5.0,3.0,4.4,7.700000000000001,1,1,0,CRM Technical Developer,Software & Web Development
PS2_0587,PS2_Benchmark,1.0,2.0,4.4,2.2,1,1,1,CRM Technical Developer,Software & Web Development
PS2_0588,PS2_Benchmark,1.0,4.0,3.2,7.700000000000001,0,0,0,CRM Technical Developer,Software & Web Development
PS2_0589,PS2_Benchmark,1.0,9.0,0.0,9.9,0,1,0,CRM Technical Developer,Software & Web Development
PS2_0590,PS2_Benchmark,5.0,6.0,3.2,3.3000000000000003,0,1,1,CRM Technical Developer,Software & Web Development
PS2_0591,PS2_Benchmark,6.0,2.0,5.6,7.700000000000001,0,0,0,CRM Technical Developer,Software & Web Development
PS2_0592,PS2_Benchmark,7.0,3.0,7.199999999999999,4.4,0,0,0,CRM Technical Developer,Software & Web Development
PS2_0593,PS2_Benchmark,2.0,1.0,3.2,3.3000000000000003,0,1,0,CRM Technical Developer,Software & Web Development
PS2_0594,PS2_Benchmark,7.0,6.0,4.8,8.8,1,0,0,CRM Technical Developer,Software & Web Development
PS2_0595,PS2_Benchmark,7.0,4.0,2.4,6.6000000000000005,1,0,0,CRM Technical Developer,Software & Web Development
PS2_0596,PS2_Benchmark,7.0,5.0,7.199999999999999,8.8,1,0,0,CRM Technical Developer,Software & Web Development
PS2_0597,PS2_Benchmark,2.0,2.0,5.6,9.9,1,1,1,CRM Technical Developer,Software & Web Development
PS2_0598,PS2_Benchmark,9.0,6.0,2.4,8.8,0,0,0,CRM Technical Developer,Software & Web Development
PS2_0599,PS2_Benchmark,7.0,3.0,4.4,3.3000000000000003,0,0,0,CRM Technical Developer,Software & Web Development
PS2_0600,PS2_Benchmark,9.0,3.0,0.0,5.5,0,0,0,CRM Technical Developer,Software & Web Development
PS2_0601,PS2_Benchmark,4.0,5.0,0.0,3.3000000000000003,0,0,0,CRM Technical Developer,Software & Web Development
PS2_0602,PS2_Benchmark,6.0,7.0,9.2,7.700000000000001,0,1,0,CRM Technical Developer,Software & Web Development
PS2_0603,PS2_Benchmark,6.0,8.0,4.8,3.3000000000000003,1,0,0,CRM Technical Developer,Software & Web Development
PS2_0604,PS2_Benchmark,7.0,9.0,4.8,7.700000000000001,1,0,0,CRM Technical Developer,Software & Web Development
PS2_0605,PS2_Benchmark,5.0,6.0,7.199999999999999,6.6000000000000005,1,1,1,CRM Technical Developer,Software & Web Development
PS2_0606,PS2_Benchmark,7.0,8.0,5.6,4.4,0,1,0,CRM Technical Developer,Software & Web Development
PS2_0607,PS2_Benchmark,3.0,4.0,2.4,4.4,0,0,1,CRM Technical Developer,Software & Web Development
PS2_0608,PS2_Benchmark,4.0,7.0,8.0,3.3000000000000003,0,1,1,CRM Technical Developer,Software & Web Development
PS2_0609,PS2_Benchmark,8.0,8.0,5.6,7.700000000000001,0,0,1,CRM Technical Developer,Software & Web Development
PS2_0610,PS2_Benchmark,1.0,3.0,4.8,6.6000000000000005,0,1,0,CRM Technical Developer,Software & Web Development
PS2_0611,PS2_Benchmark,5.0,8.0,7.199999999999999,1.1,0,0,1,CRM Technical Developer,Software & Web Development
PS2_0612,PS2_Benchmark,3.0,4.0,1.2,4.4,0,1,0,CRM Technical Developer,Software & Web Development
PS2_0613,PS2_Benchmark,4.0,1.0,4.8,7.700000000000001,0,1,0,CRM Technical Developer,Software & Web Development
PS2_0614,PS2_Benchmark,1.0,2.0,0.0,3.3000000000000003,0,0,0,CRM Technical Developer,Software & Web Development
PS2_0615,PS2_Benchmark,7.0,2.0,3.2,5.5,0,1,0,CRM Technical Developer,Software & Web Development
PS2_0616,PS2_Benchmark,4.0,2.0,3.5999999999999996,8.8,0,1,0,CRM Technical Developer,Software & Web Development
PS2_0617,PS2_Benchmark,3.0,1.0,8.0,6.6000000000000005,1,1,1,CRM Technical Developer,Software & Web Development
PS2_0618,PS2_Benchmark,8.0,7.0,6.8,9.9,1,1,0,CRM Technical Developer,Software & Web Development
PS2_0619,PS2_Benchmark,9.0,5.0,0.0,6.6000000000000005,0,1,0,CRM Technical Developer,Software & Web Development
PS2_0620,PS2_Benchmark,7.0,9.0,0.0,5.5,0,1,1,CRM Technical Developer,Software & Web Development
PS2_0621,PS2_Benchmark,1.0,9.0,3.5999999999999996,3.3000000000000003,0,0,0,CRM Technical Developer,Software & Web Development
PS2_0622,PS2_Benchmark,4.0,9.0,7.199999999999999,4.4,0,1,1,CRM Technical Developer,Software & Web Development
PS2_0623,PS2_Benchmark,7.0,6.0,4.4,6.6000000000000005,0,0,1,CRM Technical Developer,Software & Web Development
PS2_0624,PS2_Benchmark,7.0,2.0,7.199999999999999,1.1,1,0,1,CRM Technical Developer,Software & Web Development
PS2_0625,PS2_Benchmark,7.0,6.0,3.2,8.8,0,1,0,CRM Technical Developer,Software & Web Development
PS2_0626,PS2_Benchmark,3.0,4.0,1.2,2.2,0,1,1,CRM Technical Developer,Software & Web Development
PS2_0627,PS2_Benchmark,8.0,4.0,6.8,8.8,1,0,1,CRM Technical Developer,Software & Web Development
PS2_0628,PS2_Benchmark,5.0,5.0,0.0,7.700000000000001,0,1,1,CRM Technical Developer,Software & Web Development
PS2_0629,PS2_Benchmark,5.0,8.0,7.199999999999999,8.8,0,1,1,CRM Technical Developer,Software & Web Development
PS2_0630,PS2_Benchmark,2.0,2.0,2.0,5.5,1,1,1,CRM Technical Developer,Software & Web Development
PS2_0631,PS2_Benchmark,5.0,4.0,4.4,2.2,1,1,0,CRM Technical Developer,Software & Web Development
PS2_0632,PS2_Benchmark,8.0,9.0,3.2,1.1,1,1,0,CRM Technical Developer,Software & Web Development
PS2_0633,PS2_Benchmark,9.0,8.0,1.2,9.9,1,1,1,CRM Technical Developer,Software & Web Development
PS2_0634,PS2_Benchmark,1.0,3.0,0.0,4.4,1,1,1,CRM Technical Developer,Software & Web Development
PS2_0635,PS2_Benchmark,3.0,7.0,4.4,8.8,0,0,1,CRM Technical Developer,Software & Web Development
PS2_0636,PS2_Benchmark,7.0,7.0,8.0,3.3000000000000003,0,1,0,CRM Technical Developer,Software & Web Development
PS2_0637,PS2_Benchmark,8.0,4.0,2.0,2.2,1,0,1,CRM Technical Developer,Software & Web Development
PS2_0638,PS2_Benchmark,6.0,4.0,9.2,6.6000000000000005,1,1,0,CRM Technical Developer,Software & Web Development
PS2_0639,PS2_Benchmark,9.0,1.0,3.5999999999999996,1.1,1,1,1,CRM Technical Developer,Software & Web Development
PS2_0640,PS2_Benchmark,5.0,5.0,1.2,3.3000000000000003,0,0,0,CRM Technical Developer,Software & Web Development
PS2_0641,PS2_Benchmark,9.0,5.0,4.4,9.9,1,1,1,CRM Technical Developer,Software & Web Development
PS2_0642,PS2_Benchmark,1.0,8.0,7.199999999999999,1.1,0,0,1,CRM Technical Developer,Software & Web Development
PS2_0643,PS2_Benchmark,5.0,5.0,8.0,1.1,1,1,1,CRM Technical Developer,Software & Web Development
PS2_0644,PS2_Benchmark,8.0,4.0,2.0,8.8,1,1,0,CRM Technical Developer,Software & Web Development
PS2_0645,PS2_Benchmark,8.0,2.0,7.199999999999999,4.4,1,1,1,CRM Technical Developer,Software & Web Development
PS2_0646,PS2_Benchmark,7.0,3.0,9.2,7.700000000000001,0,0,1,CRM Technical Developer,Software & Web Development
PS2_0647,PS2_Benchmark,1.0,1.0,3.5999999999999996,1.1,0,0,1,CRM Technical Developer,Software & Web Development
PS2_0648,PS2_Benchmark,2.0,1.0,7.199999999999999,4.4,0,1,0,CRM Technical Developer,Software & Web Development
PS2_0649,PS2_Benchmark,5.0,1.0,5.6,4.4,0,0,1,CRM Technical Developer,Software & Web Development
PS2_0650,PS2_Benchmark,6.0,5.0,3.2,7.700000000000001,0,1,1,CRM Technical Developer,Software & Web Development
PS2_0651,PS2_Benchmark,1.0,1.0,9.2,3.3000000000000003,0,1,0,CRM Technical Developer,Software & Web Development
PS2_0652,PS2_Benchmark,9.0,8.0,6.0,8.8,0,0,0,CRM Technical Developer,Software & Web Development
PS2_0653,PS2_Benchmark,6.0,1.0,8.0,2.2,1,0,0,CRM Technical Developer,Software & Web Development
PS2_0654,PS2_Benchmark,1.0,8.0,3.5999999999999996,2.2,1,1,1,CRM Technical Developer,Software & Web Development
PS2_0655,PS2_Benchmark,7.0,8.0,8.0,8.8,0,0,1,CRM Technical Developer,Software & Web Development
PS2_0656,PS2_Benchmark,2.0,6.0,6.0,9.9,1,0,1,CRM Technical Developer,Software & Web Development
PS2_0657,PS2_Benchmark,8.0,5.0,2.0,8.8,1,1,1,CRM Technical Developer,Software & Web Development
PS2_0658,PS2_Benchmark,4.0,8.0,2.4,5.5,0,1,0,CRM Technical Developer,Software & Web Development
PS2_0659,PS2_Benchmark,3.0,8.0,8.0,6.6000000000000005,1,0,0,CRM Technical Developer,Software & Web Development
PS2_0660,PS2_Benchmark,8.0,7.0,1.2,1.1,0,1,1,CRM Technical Developer,Software & Web Development
PS2_0661,PS2_Benchmark,4.0,1.0,7.199999999999999,2.2,1,0,0,CRM Technical Developer,Software & Web Development
PS2_0662,PS2_Benchmark,1.0,3.0,2.4,9.9,0,1,0,CRM Technical Developer,Software & Web Development
PS2_0663,PS2_Benchmark,4.0,1.0,3.5999999999999996,3.3000000000000003,0,0,0,CRM Technical Developer,Software & Web Development
PS2_0664,PS2_Benchmark,9.0,1.0,6.0,4.4,1,1,0,CRM Technical Developer,Software & Web Development
PS2_0665,PS2_Benchmark,4.0,1.0,5.6,9.9,1,1,0,CRM Technical Developer,Software & Web Development
PS2_0666,PS2_Benchmark,8.0,2.0,2.4,4.4,1,1,1,CRM Technical Developer,Software & Web Development
PS2_0667,PS2_Benchmark,7.0,1.0,5.6,2.2,0,0,1,CRM Technical Developer,Software & Web Development
PS2_0668,PS2_Benchmark,8.0,8.0,4.8,2.2,0,1,0,CRM Technical Developer,Software & Web Development
PS2_0669,PS2_Benchmark,4.0,1.0,0.0,2.2,1,1,0,CRM Technical Developer,Software & Web Development
PS2_0670,PS2_Benchmark,7.0,5.0,9.2,1.1,0,0,1,CRM Technical Developer,Software & Web Development
PS2_0671,PS2_Benchmark,8.0,8.0,4.8,2.2,0,0,0,CRM Technical Developer,Software & Web Development
PS2_0672,PS2_Benchmark,3.0,6.0,5.6,1.1,1,0,1,CRM Technical Developer,Software & Web Development
PS2_0673,PS2_Benchmark,5.0,8.0,2.4,9.9,1,1,0,CRM Technical Developer,Software & Web Development
PS2_0674,PS2_Benchmark,6.0,6.0,4.4,6.6000000000000005,0,1,0,CRM Technical Developer,Software & Web Development
PS2_0675,PS2_Benchmark,9.0,3.0,5.6,8.8,0,1,1,CRM Technical Developer,Software & Web Development
PS2_0676,PS2_Benchmark,5.0,6.0,3.5999999999999996,9.9,1,1,1,CRM Technical Developer,Software & Web Development
PS2_0677,PS2_Benchmark,9.0,7.0,6.8,4.4,0,1,0,CRM Technical Developer,Software & Web Development
PS2_0678,PS2_Benchmark,6.0,9.0,6.8,2.2,0,1,0,CRM Technical Developer,Software & Web Development
PS2_0679,PS2_Benchmark,5.0,6.0,7.199999999999999,8.8,0,0,1,CRM Technical Developer,Software & Web Development
PS2_0680,PS2_Benchmark,2.0,7.0,4.4,2.2,1,1,1,CRM Technical Developer,Software & Web Development
PS2_0681,PS2_Benchmark,7.0,9.0,0.0,1.1,1,0,1,CRM Technical Developer,Software & Web Development
PS2_0682,PS2_Benchmark,2.0,7.0,5.6,8.8,0,0,0,CRM Technical Developer,Software & Web Development
PS2_0683,PS2_Benchmark,6.0,4.0,6.0,5.5,0,1,1,CRM Technical Developer,Software & Web Development
PS2_0684,PS2_Benchmark,9.0,7.0,5.6,5.5,1,0,0,CRM Technical Developer,Software & Web Development
PS2_0685,PS2_Benchmark,9.0,5.0,1.2,9.9,1,0,0,CRM Technical Developer,Software & Web Development
PS2_0686,PS2_Benchmark,3.0,4.0,0.0,7.700000000000001,0,1,1,CRM Technical Developer,Software & Web Development
PS2_0687,PS2_Benchmark,8.0,7.0,2.0,8.8,0,1,1,CRM Technical Developer,Software & Web Development
PS2_0688,PS2_Benchmark,4.0,4.0,0.0,6.6000000000000005,1,1,1,CRM Technical Developer,Software & Web Development
PS2_0689,PS2_Benchmark,3.0,2.0,1.2,7.700000000000001,1,1,0,CRM Technical Developer,Software & Web Development
PS2_0690,PS2_Benchmark,3.0,4.0,4.8,4.4,1,1,1,CRM Technical Developer,Software & Web Development
PS2_0691,PS2_Benchmark,5.0,4.0,5.6,2.2,0,0,1,CRM Technical Developer,Software & Web Development
PS2_0692,PS2_Benchmark,3.0,6.0,4.4,3.3000000000000003,0,0,0,CRM Technical Developer,Software & Web Development
PS2_0693,PS2_Benchmark,7.0,1.0,8.0,1.1,1,1,0,CRM Technical Developer,Software & Web Development
PS2_0694,PS2_Benchmark,9.0,5.0,0.0,2.2,0,1,0,CRM Technical Developer,Software & Web Development
PS2_0695,PS2_Benchmark,7.0,2.0,9.2,1.1,1,1,1,CRM Technical Developer,Software & Web Development
PS2_0696,PS2_Benchmark,1.0,9.0,6.8,2.2,1,1,0,CRM Technical Developer,Software & Web Development
PS2_0697,PS2_Benchmark,2.0,9.0,9.2,3.3000000000000003,0,1,0,CRM Technical Developer,Software & Web Development
PS2_0698,PS2_Benchmark,6.0,8.0,7.199999999999999,6.6000000000000005,1,1,1,CRM Technical Developer,Software & Web Development
PS2_0699,PS2_Benchmark,5.0,6.0,4.8,4.4,0,1,1,CRM Technical Developer,Software & Web Development
PS2_0700,PS2_Benchmark,3.0,8.0,5.6,2.2,0,0,1,CRM Technical Developer,Software & Web Development
PS2_0701,PS2_Benchmark,7.0,6.0,6.8,1.1,1,1,1,CRM Technical Developer,Software & Web Development
PS2_0702,PS2_Benchmark,9.0,7.0,2.0,7.700000000000001,1,1,1,CRM Technical Developer,Software & Web Development
PS2_0703,PS2_Benchmark,3.0,4.0,1.2,4.4,1,1,1,CRM Technical Developer,Software & Web Development
PS2_0704,PS2_Benchmark,7.0,4.0,6.0,2.2,1,0,0,CRM Technical Developer,Software & Web Development
PS2_0705,PS2_Benchmark,6.0,8.0,6.8,9.9,0,1,1,CRM Technical Developer,Software & Web Development
PS2_0706,PS2_Benchmark,9.0,7.0,3.2,2.2,1,1,1,CRM Technical Developer,Software & Web Development
PS2_0707,PS2_Benchmark,3.0,6.0,6.0,8.8,0,1,0,CRM Technical Developer,Software & Web Development
PS2_0708,PS2_Benchmark,6.0,6.0,8.0,7.700000000000001,1,0,1,CRM Technical Developer,Software & Web Development
PS2_0709,PS2_Benchmark,2.0,7.0,8.0,6.6000000000000005,0,1,1,CRM Technical Developer,Software & Web Development
PS2_0710,PS2_Benchmark,5.0,1.0,2.4,4.4,0,0,1,CRM Technical Developer,Software & Web Development
PS2_0711,PS2_Benchmark,9.0,5.0,2.0,2.2,0,0,1,CRM Technical Developer,Software & Web Development
PS2_0712,PS2_Benchmark,5.0,4.0,3.2,1.1,0,1,1,CRM Technical Developer,Software & Web Development
PS2_0713,PS2_Benchmark,3.0,1.0,9.2,1.1,0,0,1,CRM Technical Developer,Software & Web Development
PS2_0714,PS2_Benchmark,4.0,2.0,9.2,4.4,0,0,0,CRM Technical Developer,Software & Web Development
PS2_0715,PS2_Benchmark,4.0,7.0,8.0,7.700000000000001,1,1,0,CRM Technical Developer,Software & Web Development
PS2_0716,PS2_Benchmark,7.0,6.0,7.199999999999999,6.6000000000000005,0,0,1,CRM Technical Developer,Software & Web Development
PS2_0717,PS2_Benchmark,8.0,6.0,8.0,9.9,0,1,0,CRM Technical Developer,Software & Web Development
PS2_0718,PS2_Benchmark,4.0,4.0,0.0,8.8,1,0,1,CRM Technical Developer,Software & Web Development
PS2_0719,PS2_Benchmark,7.0,4.0,9.2,4.4,1,1,0,CRM Technical Developer,Software & Web Development
PS2_0720,PS2_Benchmark,3.0,4.0,6.8,1.1,1,0,0,CRM Technical Developer,Software & Web Development
PS2_0721,PS2_Benchmark,5.0,6.0,3.5999999999999996,3.3000000000000003,1,1,0,CRM Technical Developer,Software & Web Development
PS2_0722,PS2_Benchmark,2.0,7.0,3.5999999999999996,3.3000000000000003,0,0,0,CRM Technical Developer,Software & Web Development
PS2_0723,PS2_Benchmark,1.0,3.0,3.5999999999999996,7.700000000000001,0,1,0,CRM Technical Developer,Software & Web Development
PS2_0724,PS2_Benchmark,8.0,5.0,5.6,9.9,1,1,1,CRM Technical Developer,Software & Web Development
PS2_0725,PS2_Benchmark,9.0,1.0,1.2,5.5,0,0,1,CRM Technical Developer,Software & Web Development
PS2_0726,PS2_Benchmark,8.0,2.0,5.6,2.2,1,0,1,CRM Technical Developer,Software & Web Development
PS2_0727,PS2_Benchmark,5.0,4.0,3.2,7.700000000000001,1,1,1,CRM Technical Developer,Software & Web Development
PS2_0728,PS2_Benchmark,8.0,5.0,2.4,4.4,1,0,0,CRM Technical Developer,Software & Web Development
PS2_0729,PS2_Benchmark,8.0,9.0,2.0,4.4,1,0,1,CRM Technical Developer,Software & Web Development
PS2_0730,PS2_Benchmark,3.0,6.0,1.2,5.5,1,0,0,CRM Technical Developer,Software & Web Development
PS2_0731,PS2_Benchmark,5.0,9.0,3.5999999999999996,4.4,0,0,1,CRM Technical Developer,Software & Web Development
PS2_0732,PS2_Benchmark,2.0,1.0,9.2,3.3000000000000003,0,1,0,CRM Technical Developer,Software & Web Development
PS2_0733,PS2_Benchmark,4.0,3.0,5.6,1.1,1,1,0,CRM Technical Developer,Software & Web Development
PS2_0734,PS2_Benchmark,6.0,8.0,4.8,3.3000000000000003,0,1,1,CRM Technical Developer,Software & Web Development
PS2_0735,PS2_Benchmark,9.0,4.0,8.0,1.1,1,0,1,CRM Technical Developer,Software & Web Development
PS2_0736,PS2_Benchmark,9.0,9.0,5.6,1.1,1,1,1,CRM Technical Developer,Software & Web Development
PS2_0737,PS2_Benchmark,7.0,6.0,4.8,4.4,1,0,1,CRM Technical Developer,Software & Web Development
PS2_0738,PS2_Benchmark,9.0,9.0,2.4,5.5,1,1,1,CRM Technical Developer,Software & Web Development
PS2_0739,PS2_Benchmark,9.0,3.0,3.2,3.3000000000000003,0,1,0,CRM Technical Developer,Software & Web Development
PS2_0740,PS2_Benchmark,8.0,6.0,6.8,8.8,0,1,0,CRM Technical Developer,Software & Web Development
PS2_0741,PS2_Benchmark,6.0,3.0,5.6,1.1,0,1,1,CRM Technical Developer,Software & Web Development
PS2_0742,PS2_Benchmark,8.0,4.0,4.4,5.5,1,1,1,CRM Technical Developer,Software & Web Development
PS2_0743,PS2_Benchmark,6.0,3.0,4.8,1.1,1,0,1,CRM Technical Developer,Software & Web Development
PS2_0744,PS2_Benchmark,1.0,5.0,8.0,3.3000000000000003,1,1,1,CRM Technical Developer,Software & Web Development
PS2_0745,PS2_Benchmark,2.0,5.0,6.0,8.8,1,0,0,CRM Technical Developer,Software & Web Development
PS2_0746,PS2_Benchmark,6.0,9.0,2.0,8.8,0,0,1,CRM Technical Developer,Software & Web Development
PS2_0747,PS2_Benchmark,6.0,9.0,3.2,6.6000000000000005,0,1,0,CRM Technical Developer,Software & Web Development
PS2_0748,PS2_Benchmark,6.0,9.0,7.199999999999999,4.4,0,1,1,CRM Technical Developer,Software & Web Development
PS2_0749,PS2_Benchmark,4.0,6.0,1.2,2.2,1,1,0,CRM Technical Developer,Software & Web Development
PS2_0750,PS2_Benchmark,3.0,5.0,7.199999999999999,2.2,0,1,1,CRM Technical Developer,Software & Web Development
PS2_0751,PS2_Benchmark,1.0,2.0,4.4,7.700000000000001,0,1,0,CRM Technical Developer,Software & Web Development
PS2_0752,PS2_Benchmark,6.0,5.0,3.5999999999999996,8.8,0,1,0,CRM Technical Developer,Software & Web Development
PS2_0753,PS2_Benchmark,5.0,8.0,3.2,4.4,1,0,1,CRM Technical Developer,Software & Web Development
PS2_0754,PS2_Benchmark,4.0,1.0,2.0,5.5,0,1,1,CRM Technical Developer,Software & Web Development
PS2_0755,PS2_Benchmark,2.0,2.0,8.0,9.9,0,1,0,CRM Technical Developer,Software & Web Development
PS2_0756,PS2_Benchmark,2.0,4.0,7.199999999999999,2.2,0,0,0,CRM Technical Developer,Software & Web Development
PS2_0757,PS2_Benchmark,7.0,7.0,2.0,5.5,1,0,0,CRM Technical Developer,Software & Web Development
PS2_0758,PS2_Benchmark,2.0,3.0,4.4,7.700000000000001,1,1,0,CRM Technical Developer,Software & Web Development
PS2_0759,PS2_Benchmark,5.0,2.0,7.199999999999999,4.4,1,1,0,CRM Technical Developer,Software & Web Development
PS2_0760,PS2_Benchmark,1.0,8.0,3.5999999999999996,1.1,1,0,1,CRM Technical Developer,Software & Web Development
PS2_0761,PS2_Benchmark,5.0,6.0,6.0,9.9,0,1,1,CRM Technical Developer,Software & Web Development
PS2_0762,PS2_Benchmark,7.0,7.0,9.2,7.700000000000001,1,0,0,CRM Technical Developer,Software & Web Development
PS2_0763,PS2_Benchmark,2.0,4.0,6.8,1.1,1,1,0,CRM Technical Developer,Software & Web Development
PS2_0764,PS2_Benchmark,1.0,6.0,5.6,2.2,0,1,0,CRM Technical Developer,Software & Web Development
PS2_0765,PS2_Benchmark,6.0,9.0,0.0,4.4,1,0,0,CRM Technical Developer,Software & Web Development
PS2_0766,PS2_Benchmark,9.0,9.0,5.6,7.700000000000001,1,0,0,CRM Technical Developer,Software & Web Development
PS2_0767,PS2_Benchmark,1.0,2.0,2.4,6.6000000000000005,1,0,0,CRM Technical Developer,Software & Web Development
PS2_0768,PS2_Benchmark,6.0,5.0,0.0,7.700000000000001,0,1,1,CRM Technical Developer,Software & Web Development
PS2_0769,PS2_Benchmark,5.0,6.0,7.199999999999999,3.3000000000000003,1,0,1,CRM Technical Developer,Software & Web Development
PS2_0770,PS2_Benchmark,3.0,9.0,0.0,5.5,1,1,1,CRM Technical Developer,Software & Web Development
PS2_0771,PS2_Benchmark,7.0,9.0,4.8,3.3000000000000003,0,0,0,CRM Technical Developer,Software & Web Development
PS2_0772,PS2_Benchmark,2.0,5.0,3.5999999999999996,7.700000000000001,0,1,1,CRM Technical Developer,Software & Web Development
PS2_0773,PS2_Benchmark,9.0,7.0,6.0,1.1,1,0,0,CRM Technical Developer,Software & Web Development
PS2_0774,PS2_Benchmark,5.0,6.0,6.8,1.1,1,1,0,CRM Technical Developer,Software & Web Development
PS2_0775,PS2_Benchmark,9.0,3.0,2.4,6.6000000000000005,1,1,1,CRM Technical Developer,Software & Web Development
PS2_0776,PS2_Benchmark,5.0,4.0,5.6,7.700000000000001,1,1,1,CRM Technical Developer,Software & Web Development
PS2_0777,PS2_Benchmark,8.0,5.0,2.0,3.3000000000000003,1,0,0,CRM Technical Developer,Software & Web Development
PS2_0778,PS2_Benchmark,1.0,9.0,6.0,4.4,1,1,1,CRM Technical Developer,Software & Web Development
PS2_0779,PS2_Benchmark,6.0,7.0,3.5999999999999996,5.5,1,1,1,CRM Technical Developer,Software & Web Development
PS2_0780,PS2_Benchmark,9.0,5.0,4.4,8.8,1,1,1,CRM Technical Developer,Software & Web Development
PS2_0781,PS2_Benchmark,7.0,8.0,9.2,1.1,1,0,0,CRM Technical Developer,Software & Web Development
PS2_0782,PS2_Benchmark,8.0,2.0,3.5999999999999996,3.3000000000000003,0,0,1,CRM Technical Developer,Software & Web Development
PS2_0783,PS2_Benchmark,1.0,4.0,9.2,5.5,1,0,1,CRM Technical Developer,Software & Web Development
PS2_0784,PS2_Benchmark,8.0,5.0,2.4,6.6000000000000005,1,1,0,CRM Technical Developer,Software & Web Development
PS2_0785,PS2_Benchmark,8.0,6.0,9.2,6.6000000000000005,0,1,1,CRM Technical Developer,Software & Web Development
PS2_0786,PS2_Benchmark,9.0,7.0,1.2,2.2,1,1,0,CRM Technical Developer,Software & Web Development
PS2_0787,PS2_Benchmark,7.0,1.0,2.4,5.5,1,1,1,CRM Technical Developer,Software & Web Development
PS2_0788,PS2_Benchmark,3.0,4.0,3.2,6.6000000000000005,1,0,0,CRM Technical Developer,Software & Web Development
PS2_0789,PS2_Benchmark,4.0,8.0,9.2,8.8,0,1,1,CRM Technical Developer,Software & Web Development
PS2_0790,PS2_Benchmark,5.0,3.0,3.2,5.5,0,0,0,CRM Technical Developer,Software & Web Development
PS2_0791,PS2_Benchmark,4.0,7.0,9.2,5.5,1,1,0,CRM Technical Developer,Software & Web Development
PS2_0792,PS2_Benchmark,5.0,9.0,4.4,7.700000000000001,1,1,1,CRM Technical Developer,Software & Web Development
PS2_0793,PS2_Benchmark,8.0,2.0,8.0,4.4,1,1,0,CRM Technical Developer,Software & Web Development
PS2_0794,PS2_Benchmark,2.0,5.0,3.5999999999999996,7.700000000000001,1,1,1,CRM Technical Developer,Software & Web Development
PS2_0795,PS2_Benchmark,2.0,9.0,7.199999999999999,6.6000000000000005,0,1,0,CRM Technical Developer,Software & Web Development
PS2_0796,PS2_Benchmark,8.0,8.0,2.4,9.9,0,0,0,CRM Technical Developer,Software & Web Development
PS2_0797,PS2_Benchmark,6.0,5.0,5.6,7.700000000000001,0,0,0,CRM Technical Developer,Software & Web Development
PS2_0798,PS2_Benchmark,5.0,5.0,6.0,3.3000000000000003,1,1,1,CRM Technical Developer,Software & Web Development
PS2_0799,PS2_Benchmark,9.0,1.0,2.0,3.3000000000000003,0,1,0,CRM Technical Developer,Software & Web Development
PS2_0800,PS2_Benchmark,5.0,5.0,8.0,8.8,1,1,1,CRM Technical Developer,Software & Web Development
PS2_0801,PS2_Benchmark,6.0,1.0,5.6,2.2,1,0,1,CRM Technical Developer,Software & Web Development
PS2_0802,PS2_Benchmark,9.0,7.0,1.2,2.2,1,1,1,CRM Technical Developer,Software & Web Development
PS2_0803,PS2_Benchmark,7.0,9.0,2.0,3.3000000000000003,0,0,1,CRM Technical Developer,Software & Web Development
PS2_0804,PS2_Benchmark,9.0,4.0,6.0,8.8,0,0,1,CRM Technical Developer,Software & Web Development
PS2_0805,PS2_Benchmark,9.0,8.0,7.199999999999999,8.8,0,0,0,CRM Technical Developer,Software & Web Development
PS2_0806,PS2_Benchmark,3.0,2.0,4.4,4.4,1,0,1,CRM Technical Developer,Software & Web Development
PS2_0807,PS2_Benchmark,1.0,6.0,4.8,4.4,0,0,1,CRM Technical Developer,Software & Web Development
PS2_0808,PS2_Benchmark,1.0,8.0,4.4,7.700000000000001,0,1,1,CRM Technical Developer,Software & Web Development
PS2_0809,PS2_Benchmark,1.0,3.0,2.4,2.2,1,1,0,CRM Technical Developer,Software & Web Development
PS2_0810,PS2_Benchmark,3.0,6.0,7.199999999999999,9.9,1,1,1,CRM Technical Developer,Software & Web Development
PS2_0811,PS2_Benchmark,9.0,2.0,6.8,8.8,0,0,0,CRM Technical Developer,Software & Web Development
PS2_0812,PS2_Benchmark,8.0,8.0,0.0,3.3000000000000003,1,1,1,CRM Technical Developer,Software & Web Development
PS2_0813,PS2_Benchmark,5.0,1.0,6.0,6.6000000000000005,0,0,0,CRM Technical Developer,Software & Web Development
PS2_0814,PS2_Benchmark,9.0,3.0,5.6,6.6000000000000005,0,1,1,CRM Technical Developer,Software & Web Development
PS2_0815,PS2_Benchmark,4.0,9.0,6.0,8.8,1,1,1,CRM Technical Developer,Software & Web Development
PS2_0816,PS2_Benchmark,1.0,8.0,9.2,3.3000000000000003,1,1,1,CRM Technical Developer,Software & Web Development
PS2_0817,PS2_Benchmark,7.0,2.0,4.4,2.2,1,1,0,CRM Technical Developer,Software & Web Development
PS2_0818,PS2_Benchmark,3.0,2.0,2.4,2.2,1,1,0,CRM Technical Developer,Software & Web Development
PS2_0819,PS2_Benchmark,3.0,8.0,4.4,2.2,0,0,0,CRM Technical Developer,Software & Web Development
PS2_0820,PS2_Benchmark,9.0,8.0,3.5999999999999996,9.9,1,1,1,CRM Technical Developer,Software & Web Development
PS2_0821,PS2_Benchmark,9.0,2.0,7.199999999999999,7.700000000000001,0,0,0,CRM Technical Developer,Software & Web Development
PS2_0822,PS2_Benchmark,5.0,4.0,2.4,8.8,1,0,1,CRM Technical Developer,Software & Web Development
PS2_0823,PS2_Benchmark,8.0,5.0,8.0,8.8,0,1,0,CRM Technical Developer,Software & Web Development
PS2_0824,PS2_Benchmark,4.0,1.0,4.4,4.4,0,0,1,CRM Technical Developer,Software & Web Development
PS2_0825,PS2_Benchmark,6.0,5.0,4.8,8.8,0,1,0,CRM Technical Developer,Software & Web Development
PS2_0826,PS2_Benchmark,5.0,5.0,1.2,2.2,1,1,1,CRM Technical Developer,Software & Web Development
PS2_0827,PS2_Benchmark,6.0,7.0,4.4,6.6000000000000005,0,0,0,CRM Technical Developer,Software & Web Development
PS2_0828,PS2_Benchmark,2.0,1.0,2.4,8.8,0,0,1,CRM Technical Developer,Software & Web Development
PS2_0829,PS2_Benchmark,4.0,5.0,9.2,6.6000000000000005,1,1,1,CRM Technical Developer,Software & Web Development
PS2_0830,PS2_Benchmark,3.0,8.0,8.0,1.1,1,0,1,CRM Technical Developer,Software & Web Development
PS2_0831,PS2_Benchmark,2.0,8.0,4.4,1.1,1,1,1,CRM Technical Developer,Software & Web Development
PS2_0832,PS2_Benchmark,7.0,4.0,1.2,2.2,0,1,0,CRM Technical Developer,Software & Web Development
PS2_0833,PS2_Benchmark,6.0,2.0,6.0,9.9,1,0,1,CRM Technical Developer,Software & Web Development
PS2_0834,PS2_Benchmark,6.0,5.0,8.0,9.9,1,1,0,CRM Technical Developer,Software & Web Development
PS2_0835,PS2_Benchmark,9.0,9.0,8.0,3.3000000000000003,1,1,1,CRM Technical Developer,Software & Web Development
PS2_0836,PS2_Benchmark,7.0,6.0,2.0,5.5,0,1,1,CRM Technical Developer,Software & Web Development
PS2_0837,PS2_Benchmark,8.0,6.0,0.0,2.2,1,1,1,CRM Technical Developer,Software & Web Development
PS2_0838,PS2_Benchmark,2.0,4.0,7.199999999999999,9.9,0,0,1,CRM Technical Developer,Software & Web Development
PS2_0839,PS2_Benchmark,2.0,4.0,3.5999999999999996,1.1,0,1,0,CRM Technical Developer,Software & Web Development
PS2_0840,PS2_Benchmark,2.0,5.0,5.6,5.5,1,0,0,CRM Technical Developer,Software & Web Development
PS2_0841,PS2_Benchmark,8.0,8.0,1.2,9.9,0,1,0,CRM Technical Developer,Software & Web Development
PS2_0842,PS2_Benchmark,9.0,8.0,4.4,9.9,1,0,1,CRM Technical Developer,Software & Web Development
PS2_0843,PS2_Benchmark,6.0,8.0,6.8,4.4,1,0,1,CRM Technical Developer,Software & Web Development
PS2_0844,PS2_Benchmark,3.0,7.0,1.2,6.6000000000000005,0,1,0,CRM Technical Developer,Software & Web Development
PS2_0845,PS2_Benchmark,9.0,3.0,4.4,8.8,1,0,1,CRM Technical Developer,Software & Web Development
PS2_0846,PS2_Benchmark,6.0,8.0,3.5999999999999996,2.2,0,1,0,CRM Technical Developer,Software & Web Development
PS2_0847,PS2_Benchmark,5.0,1.0,6.8,6.6000000000000005,0,0,0,CRM Technical Developer,Software & Web Development
PS2_0848,PS2_Benchmark,8.0,6.0,0.0,4.4,0,0,0,CRM Technical Developer,Software & Web Development
PS2_0849,PS2_Benchmark,9.0,3.0,3.2,9.9,1,0,1,CRM Technical Developer,Software & Web Development
PS2_0850,PS2_Benchmark,7.0,2.0,3.2,3.3000000000000003,0,0,0,CRM Technical Developer,Software & Web Development
PS2_0851,PS2_Benchmark,8.0,5.0,2.4,8.8,1,0,0,CRM Technical Developer,Software & Web Development
PS2_0852,PS2_Benchmark,1.0,1.0,0.0,9.9,0,1,1,CRM Technical Developer,Software & Web Development
PS2_0853,PS2_Benchmark,1.0,2.0,0.0,6.6000000000000005,1,1,0,CRM Technical Developer,Software & Web Development
PS2_0854,PS2_Benchmark,9.0,1.0,2.0,1.1,0,0,1,CRM Technical Developer,Software & Web Development
PS2_0855,PS2_Benchmark,9.0,7.0,4.8,9.9,1,0,0,CRM Technical Developer,Software & Web Development
PS2_0856,PS2_Benchmark,6.0,7.0,2.4,7.700000000000001,1,1,1,CRM Technical Developer,Software & Web Development
PS2_0857,PS2_Benchmark,1.0,2.0,5.6,6.6000000000000005,0,0,1,CRM Technical Developer,Software & Web Development
PS2_0858,PS2_Benchmark,9.0,3.0,3.2,6.6000000000000005,0,1,1,CRM Technical Developer,Software & Web Development
PS2_0859,PS2_Benchmark,6.0,2.0,4.8,2.2,1,1,0,CRM Technical Developer,Software & Web Development
PS2_0860,PS2_Benchmark,6.0,9.0,9.2,9.9,0,0,1,CRM Technical Developer,Software & Web Development
PS2_0861,PS2_Benchmark,1.0,1.0,5.6,2.2,1,1,0,CRM Technical Developer,Software & Web Development
PS2_0862,PS2_Benchmark,3.0,1.0,3.5999999999999996,5.5,0,1,0,CRM Technical Developer,Software & Web Development
PS2_0863,PS2_Benchmark,2.0,5.0,1.2,3.3000000000000003,1,0,1,CRM Technical Developer,Software & Web Development
PS2_0864,PS2_Benchmark,3.0,6.0,8.0,6.6000000000000005,1,1,0,CRM Technical Developer,Software & Web Development
PS2_0865,PS2_Benchmark,2.0,9.0,2.0,2.2,1,0,1,CRM Technical Developer,Software & Web Development
PS2_0866,PS2_Benchmark,4.0,6.0,6.0,1.1,1,0,1,CRM Technical Developer,Software & Web Development
PS2_0867,PS2_Benchmark,7.0,9.0,4.8,2.2,1,1,0,CRM Technical Developer,Software & Web Development
PS2_0868,PS2_Benchmark,5.0,6.0,4.8,2.2,0,1,0,CRM Technical Developer,Software & Web Development
PS2_0869,PS2_Benchmark,2.0,5.0,7.199999999999999,6.6000000000000005,0,1,0,CRM Technical Developer,Software & Web Development
PS2_0870,PS2_Benchmark,6.0,1.0,2.4,5.5,1,0,1,CRM Technical Developer,Software & Web Development
PS2_0871,PS2_Benchmark,6.0,3.0,6.0,1.1,0,1,1,CRM Technical Developer,Software & Web Development
PS2_0872,PS2_Benchmark,9.0,2.0,1.2,7.700000000000001,0,1,0,CRM Technical Developer,Software & Web Development
PS2_0873,PS2_Benchmark,3.0,2.0,2.4,5.5,1,0,1,CRM Technical Developer,Software & Web Development
PS2_0874,PS2_Benchmark,5.0,9.0,3.5999999999999996,5.5,1,0,1,CRM Technical Developer,Software & Web Development
PS2_0875,PS2_Benchmark,8.0,3.0,5.6,3.3000000000000003,1,0,1,CRM Technical Developer,Software & Web Development
PS2_0876,PS2_Benchmark,7.0,8.0,3.2,7.700000000000001,1,0,0,CRM Technical Developer,Software & Web Development
PS2_0877,PS2_Benchmark,4.0,3.0,6.8,2.2,1,0,0,CRM Technical Developer,Software & Web Development
PS2_0878,PS2_Benchmark,2.0,3.0,8.0,6.6000000000000005,0,1,0,CRM Technical Developer,Software & Web Development
PS2_0879,PS2_Benchmark,9.0,3.0,3.5999999999999996,3.3000000000000003,1,0,0,CRM Technical Developer,Software & Web Development
PS2_0880,PS2_Benchmark,2.0,6.0,6.0,2.2,1,0,1,CRM Technical Developer,Software & Web Development
PS2_0881,PS2_Benchmark,1.0,8.0,4.8,1.1,0,0,1,CRM Technical Developer,Software & Web Development
PS2_0882,PS2_Benchmark,9.0,8.0,6.8,3.3000000000000003,0,1,0,CRM Technical Developer,Software & Web Development
PS2_0883,PS2_Benchmark,8.0,8.0,2.0,4.4,1,1,0,CRM Technical Developer,Software & Web Development
PS2_0884,PS2_Benchmark,2.0,1.0,1.2,6.6000000000000005,1,0,1,CRM Technical Developer,Software & Web Development
PS2_0885,PS2_Benchmark,7.0,9.0,6.0,4.4,0,1,0,CRM Technical Developer,Software & Web Development
PS2_0886,PS2_Benchmark,9.0,2.0,6.0,5.5,1,1,1,CRM Technical Developer,Software & Web Development
PS2_0887,PS2_Benchmark,6.0,7.0,7.199999999999999,6.6000000000000005,0,0,1,CRM Technical Developer,Software & Web Development
PS2_0888,PS2_Benchmark,9.0,8.0,6.8,2.2,0,1,0,CRM Technical Developer,Software & Web Development
PS2_0889,PS2_Benchmark,5.0,6.0,3.5999999999999996,2.2,0,1,0,CRM Technical Developer,Software & Web Development
PS2_0890,PS2_Benchmark,2.0,6.0,9.2,1.1,0,0,1,CRM Technical Developer,Software & Web Development
PS2_0891,PS2_Benchmark,8.0,5.0,5.6,7.700000000000001,1,1,1,CRM Technical Developer,Software & Web Development
PS2_0892,PS2_Benchmark,3.0,7.0,3.5999999999999996,7.700000000000001,0,0,0,CRM Technical Developer,Software & Web Development
PS2_0893,PS2_Benchmark,8.0,3.0,3.5999999999999996,6.6000000000000005,0,0,1,CRM Technical Developer,Software & Web Development
PS2_0894,PS2_Benchmark,6.0,4.0,6.8,2.2,0,1,0,CRM Technical Developer,Software & Web Development
PS2_0895,PS2_Benchmark,7.0,3.0,6.8,5.5,1,0,1,CRM Technical Developer,Software & Web Development
PS2_0896,PS2_Benchmark,2.0,8.0,6.8,7.700000000000001,0,1,1,CRM Technical Developer,Software & Web Development
PS2_0897,PS2_Benchmark,1.0,7.0,6.8,9.9,1,0,1,CRM Technical Developer,Software & Web Development
PS2_0898,PS2_Benchmark,5.0,9.0,7.199999999999999,2.2,0,1,1,CRM Technical Developer,Software & Web Development
PS2_0899,PS2_Benchmark,9.0,9.0,6.8,7.700000000000001,0,0,1,CRM Technical Developer,Software & Web Development
PS2_0900,PS2_Benchmark,4.0,4.0,2.4,6.6000000000000005,0,1,1,CRM Technical Developer,Software & Web Development
PS2_0901,PS2_Benchmark,1.0,5.0,2.4,6.6000000000000005,1,0,1,CRM Technical Developer,Software & Web Development
PS2_0902,PS2_Benchmark,6.0,7.0,1.2,5.5,0,0,1,CRM Technical Developer,Software & Web Development
PS2_0903,PS2_Benchmark,9.0,6.0,6.0,9.9,0,1,1,CRM Technical Developer,Software & Web Development
PS2_0904,PS2_Benchmark,2.0,9.0,3.2,7.700000000000001,1,0,1,CRM Technical Developer,Software & Web Development
PS2_0905,PS2_Benchmark,3.0,7.0,4.4,4.4,0,0,1,CRM Technical Developer,Software & Web Development
PS2_0906,PS2_Benchmark,4.0,4.0,6.0,6.6000000000000005,1,1,1,CRM Technical Developer,Software & Web Development
PS2_0907,PS2_Benchmark,1.0,8.0,1.2,9.9,0,0,1,CRM Technical Developer,Software & Web Development
PS2_0908,PS2_Benchmark,9.0,9.0,2.4,3.3000000000000003,1,0,1,CRM Technical Developer,Software & Web Development
PS2_0909,PS2_Benchmark,7.0,9.0,4.4,3.3000000000000003,1,0,1,CRM Technical Developer,Software & Web Development
PS2_0910,PS2_Benchmark,7.0,2.0,3.5999999999999996,2.2,1,1,0,CRM Technical Developer,Software & Web Development
PS2_0911,PS2_Benchmark,3.0,4.0,1.2,6.6000000000000005,1,1,1,CRM Technical Developer,Software & Web Development
PS2_0912,PS2_Benchmark,8.0,5.0,7.199999999999999,1.1,1,1,0,CRM Technical Developer,Software & Web Development
PS2_0913,PS2_Benchmark,5.0,6.0,3.2,5.5,1,0,0,CRM Technical Developer,Software & Web Development
PS2_0914,PS2_Benchmark,9.0,8.0,0.0,1.1,0,0,0,CRM Technical Developer,Software & Web Development
PS2_0915,PS2_Benchmark,9.0,1.0,4.4,7.700000000000001,1,0,0,CRM Technical Developer,Software & Web Development
PS2_0916,PS2_Benchmark,6.0,7.0,2.0,3.3000000000000003,1,0,0,CRM Technical Developer,Software & Web Development
PS2_0917,PS2_Benchmark,6.0,8.0,8.0,4.4,0,0,1,CRM Technical Developer,Software & Web Development
PS2_0918,PS2_Benchmark,9.0,5.0,4.8,4.4,0,1,1,CRM Technical Developer,Software & Web Development
PS2_0919,PS2_Benchmark,4.0,5.0,5.6,8.8,0,0,1,CRM Technical Developer,Software & Web Development
PS2_0920,PS2_Benchmark,1.0,8.0,5.6,1.1,1,0,1,CRM Technical Developer,Software & Web Development
PS2_0921,PS2_Benchmark,3.0,2.0,6.8,8.8,0,1,1,CRM Technical Developer,Software & Web Development
PS2_0922,PS2_Benchmark,4.0,8.0,9.2,7.700000000000001,1,0,0,CRM Technical Developer,Software & Web Development
PS2_0923,PS2_Benchmark,7.0,5.0,9.2,2.2,0,0,0,CRM Technical Developer,Software & Web Development
PS2_0924,PS2_Benchmark,4.0,4.0,6.8,2.2,0,0,0,CRM Technical Developer,Software & Web Development
PS2_0925,PS2_Benchmark,6.0,5.0,8.0,5.5,1,1,0,CRM Technical Developer,Software & Web Development
PS2_0926,PS2_Benchmark,2.0,8.0,2.0,2.2,1,0,1,CRM Technical Developer,Software & Web Development
PS2_0927,PS2_Benchmark,9.0,8.0,9.2,8.8,1,1,1,CRM Technical Developer,Software & Web Development
PS2_0928,PS2_Benchmark,3.0,5.0,9.2,7.700000000000001,0,1,1,CRM Technical Developer,Software & Web Development
PS2_0929,PS2_Benchmark,4.0,3.0,0.0,5.5,1,1,0,CRM Technical Developer,Software & Web Development
PS2_0930,PS2_Benchmark,4.0,5.0,4.4,3.3000000000000003,1,1,0,CRM Technical Developer,Software & Web Development
PS2_0931,PS2_Benchmark,9.0,6.0,3.2,8.8,0,0,1,CRM Technical Developer,Software & Web Development
PS2_0932,PS2_Benchmark,8.0,2.0,0.0,9.9,1,1,0,CRM Technical Developer,Software & Web Development
PS2_0933,PS2_Benchmark,9.0,7.0,8.0,3.3000000000000003,0,1,0,CRM Technical Developer,Software & Web Development
PS2_0934,PS2_Benchmark,8.0,6.0,2.4,4.4,1,1,1,CRM Technical Developer,Software & Web Development
PS2_0935,PS2_Benchmark,8.0,3.0,4.4,4.4,1,0,0,CRM Technical Developer,Software & Web Development
PS2_0936,PS2_Benchmark,6.0,9.0,4.8,4.4,1,0,1,CRM Technical Developer,Software & Web Development
PS2_0937,PS2_Benchmark,3.0,2.0,1.2,8.8,1,1,0,CRM Technical Developer,Software & Web Development
PS2_0938,PS2_Benchmark,2.0,5.0,6.8,2.2,1,1,0,CRM Technical Developer,Software & Web Development
PS2_0939,PS2_Benchmark,3.0,2.0,2.4,1.1,0,0,0,CRM Technical Developer,Software & Web Development
PS2_0940,PS2_Benchmark,7.0,1.0,7.199999999999999,9.9,0,0,1,CRM Technical Developer,Software & Web Development
PS2_0941,PS2_Benchmark,9.0,7.0,8.0,2.2,1,0,0,CRM Technical Developer,Software & Web Development
PS2_0942,PS2_Benchmark,5.0,7.0,6.8,5.5,0,1,0,CRM Technical Developer,Software & Web Development
PS2_0943,PS2_Benchmark,1.0,6.0,4.4,9.9,1,0,1,CRM Technical Developer,Software & Web Development
PS2_0944,PS2_Benchmark,5.0,4.0,9.2,4.4,0,1,0,CRM Technical Developer,Software & Web Development
PS2_0945,PS2_Benchmark,8.0,6.0,1.2,5.5,0,1,1,CRM Technical Developer,Software & Web Development
PS2_0946,PS2_Benchmark,6.0,1.0,2.4,7.700000000000001,0,0,1,CRM Technical Developer,Software & Web Development
PS2_0947,PS2_Benchmark,3.0,7.0,3.5999999999999996,8.8,1,1,1,CRM Technical Developer,Software & Web Development
PS2_0948,PS2_Benchmark,7.0,5.0,1.2,4.4,0,1,1,CRM Technical Developer,Software & Web Development
PS2_0949,PS2_Benchmark,3.0,8.0,2.4,6.6000000000000005,1,1,1,CRM Technical Developer,Software & Web Development
PS2_0950,PS2_Benchmark,6.0,5.0,7.199999999999999,2.2,1,1,0,CRM Technical Developer,Software & Web Development
PS2_0951,PS2_Benchmark,4.0,2.0,6.0,3.3000000000000003,1,0,1,CRM Technical Developer,Software & Web Development
PS2_0952,PS2_Benchmark,5.0,5.0,6.8,4.4,1,1,1,CRM Technical Developer,Software & Web Development
PS2_0953,PS2_Benchmark,6.0,4.0,2.4,2.2,0,1,1,CRM Technical Developer,Software & Web Development
PS2_0954,PS2_Benchmark,2.0,6.0,6.0,9.9,0,0,1,CRM Technical Developer,Software & Web Development
PS2_0955,PS2_Benchmark,2.0,8.0,6.0,3.3000000000000003,1,1,1,CRM Technical Developer,Software & Web Development
PS2_0956,PS2_Benchmark,2.0,3.0,4.4,6.6000000000000005,0,1,0,CRM Technical Developer,Software & Web Development
PS2_0957,PS2_Benchmark,9.0,3.0,8.0,9.9,1,0,0,CRM Technical Developer,Software & Web Development
PS2_0958,PS2_Benchmark,5.0,9.0,0.0,4.4,1,1,0,CRM Technical Developer,Software & Web Development
PS2_0959,PS2_Benchmark,2.0,1.0,2.4,6.6000000000000005,1,1,0,CRM Technical Developer,Software & Web Development
PS2_0960,PS2_Benchmark,5.0,1.0,7.199999999999999,3.3000000000000003,1,1,1,CRM Technical Developer,Software & Web Development
PS2_0961,PS2_Benchmark,8.0,3.0,4.4,6.6000000000000005,0,1,1,CRM Technical Developer,Software & Web Development
PS2_0962,PS2_Benchmark,3.0,7.0,0.0,6.6000000000000005,0,0,1,CRM Technical Developer,Software & Web Development
PS2_0963,PS2_Benchmark,3.0,2.0,2.4,3.3000000000000003,1,0,1,CRM Technical Developer,Software & Web Development
PS2_0964,PS2_Benchmark,2.0,2.0,6.0,5.5,1,0,0,CRM Technical Developer,Software & Web Development
PS2_0965,PS2_Benchmark,1.0,6.0,8.0,1.1,0,0,1,CRM Technical Developer,Software & Web Development
PS2_0966,PS2_Benchmark,7.0,9.0,8.0,4.4,0,0,0,CRM Technical Developer,Software & Web Development
PS2_0967,PS2_Benchmark,3.0,7.0,1.2,4.4,0,0,0,CRM Technical Developer,Software & Web Development
PS2_0968,PS2_Benchmark,4.0,3.0,9.2,5.5,1,1,0,CRM Technical Developer,Software & Web Development
PS2_0969,PS2_Benchmark,3.0,3.0,2.4,4.4,1,0,1,CRM Technical Developer,Software & Web Development
PS2_0970,PS2_Benchmark,2.0,3.0,3.5999999999999996,4.4,0,0,0,CRM Technical Developer,Software & Web Development
PS2_0971,PS2_Benchmark,5.0,3.0,6.8,5.5,1,1,0,CRM Technical Developer,Software & Web Development
PS2_0972,PS2_Benchmark,1.0,8.0,6.8,5.5,0,1,0,CRM Technical Developer,Software & Web Development
PS2_0973,PS2_Benchmark,4.0,1.0,7.199999999999999,1.1,1,0,0,CRM Technical Developer,Software & Web Development
PS2_0974,PS2_Benchmark,6.0,4.0,4.4,4.4,1,1,1,CRM Technical Developer,Software & Web Development
PS2_0975,PS2_Benchmark,8.0,4.0,0.0,1.1,0,0,1,CRM Technical Developer,Software & Web Development
PS2_0976,PS2_Benchmark,1.0,8.0,3.5999999999999996,6.6000000000000005,1,0,1,CRM Technical Developer,Software & Web Development
PS2_0977,PS2_Benchmark,5.0,2.0,6.0,6.6000000000000005,0,0,0,CRM Technical Developer,Software & Web Development
PS2_0978,PS2_Benchmark,9.0,7.0,4.4,8.8,1,0,0,CRM Technical Developer,Software & Web Development
PS2_0979,PS2_Benchmark,4.0,1.0,6.0,9.9,0,1,0,CRM Technical Developer,Software & Web Development
PS2_0980,PS2_Benchmark,3.0,9.0,9.2,2.2,0,0,1,CRM Technical Developer,Software & Web Development
PS2_0981,PS2_Benchmark,6.0,7.0,2.0,1.1,1,1,1,CRM Technical Developer,Software & Web Development
PS2_0982,PS2_Benchmark,6.0,6.0,7.199999999999999,5.5,1,1,1,CRM Technical Developer,Software & Web Development
PS2_0983,PS2_Benchmark,9.0,3.0,3.2,7.700000000000001,0,0,1,CRM Technical Developer,Software & Web Development
PS2_0984,PS2_Benchmark,9.0,3.0,6.0,9.9,1,1,1,CRM Technical Developer,Software & Web Development
PS2_0985,PS2_Benchmark,1.0,4.0,9.2,4.4,1,0,1,CRM Technical Developer,Software & Web Development
PS2_0986,PS2_Benchmark,2.0,7.0,9.2,4.4,0,0,1,CRM Technical Developer,Software & Web Development
PS2_0987,PS2_Benchmark,5.0,7.0,1.2,6.6000000000000005,0,1,0,CRM Technical Developer,Software & Web Development
PS2_0988,PS2_Benchmark,7.0,8.0,2.0,1.1,1,1,0,CRM Technical Developer,Software & Web Development
PS2_0989,PS2_Benchmark,1.0,2.0,7.199999999999999,3.3000000000000003,1,0,0,CRM Technical Developer,Software & Web Development
PS2_0990,PS2_Benchmark,9.0,3.0,8.0,9.9,1,1,0,CRM Technical Developer,Software & Web Development
PS2_0991,PS2_Benchmark,9.0,3.0,2.0,6.6000000000000005,0,1,0,CRM Technical Developer,Software & Web Development
PS2_0992,PS2_Benchmark,9.0,6.0,5.6,7.700000000000001,0,0,0,CRM Technical Developer,Software & Web Development
PS2_0993,PS2_Benchmark,3.0,4.0,4.8,8.8,1,1,0,CRM Technical Developer,Software & Web Development
PS2_0994,PS2_Benchmark,9.0,8.0,7.199999999999999,2.2,0,1,0,CRM Technical Developer,Software & Web Development
PS2_0995,PS2_Benchmark,3.0,8.0,6.0,7.700000000000001,1,0,0,CRM Technical Developer,Software & Web Development
PS2_0996,PS2_Benchmark,7.0,1.0,2.4,3.3000000000000003,1,0,1,CRM Technical Developer,Software & Web Development
PS2_0997,PS2_Benchmark,3.0,4.0,6.0,1.1,0,1,0,CRM Technical Developer,Software & Web Development
PS2_0998,PS2_Benchmark,8.0,5.0,9.2,3.3000000000000003,1,0,1,CRM Technical Developer,Software & Web Development
PS2_0999,PS2_Benchmark,5.0,2.0,4.4,3.3000000000000003,1,1,1,CRM Technical Developer,Software & Web Development
PS2_1000,PS2_Benchmark,4.0,1.0,6.8,8.8,0,0,0,CRM Technical Developer,Software & Web Development
PS2_1001,PS2_Benchmark,5.0,3.0,3.5999999999999996,7.700000000000001,0,1,0,CRM Technical Developer,Software & Web Development
PS2_1002,PS2_Benchmark,6.0,7.0,9.2,9.9,1,0,0,CRM Technical Developer,Software & Web Development
PS2_1003,PS2_Benchmark,7.0,1.0,9.2,1.1,0,0,0,CRM Technical Developer,Software & Web Development
PS2_1004,PS2_Benchmark,5.0,8.0,9.2,4.4,0,1,0,CRM Technical Developer,Software & Web Development
PS2_1005,PS2_Benchmark,7.0,5.0,2.4,5.5,1,1,0,CRM Technical Developer,Software & Web Development
PS2_1006,PS2_Benchmark,5.0,3.0,5.6,4.4,0,0,0,CRM Technical Developer,Software & Web Development
PS2_1007,PS2_Benchmark,6.0,8.0,8.0,1.1,1,0,1,CRM Technical Developer,Software & Web Development
PS2_1008,PS2_Benchmark,1.0,4.0,5.6,4.4,1,1,0,CRM Technical Developer,Software & Web Development
PS2_1009,PS2_Benchmark,4.0,3.0,2.4,4.4,1,0,1,CRM Technical Developer,Software & Web Development
PS2_1010,PS2_Benchmark,9.0,9.0,7.199999999999999,9.9,0,1,0,CRM Technical Developer,Software & Web Development
PS2_1011,PS2_Benchmark,6.0,6.0,9.2,1.1,1,1,0,CRM Technical Developer,Software & Web Development
PS2_1012,PS2_Benchmark,3.0,4.0,8.0,1.1,1,0,0,CRM Technical Developer,Software & Web Development
PS2_1013,PS2_Benchmark,1.0,9.0,0.0,7.700000000000001,0,1,0,CRM Technical Developer,Software & Web Development
PS2_1014,PS2_Benchmark,2.0,3.0,5.6,8.8,1,1,0,CRM Technical Developer,Software & Web Development
PS2_1015,PS2_Benchmark,6.0,9.0,2.4,9.9,0,0,1,CRM Technical Developer,Software & Web Development
PS2_1016,PS2_Benchmark,5.0,5.0,1.2,1.1,0,1,1,CRM Technical Developer,Software & Web Development
PS2_1017,PS2_Benchmark,8.0,7.0,0.0,4.4,0,1,1,CRM Technical Developer,Software & Web Development
PS2_1018,PS2_Benchmark,8.0,2.0,8.0,1.1,0,1,0,CRM Technical Developer,Software & Web Development
PS2_1019,PS2_Benchmark,3.0,2.0,2.4,6.6000000000000005,1,1,0,CRM Technical Developer,Software & Web Development
PS2_1020,PS2_Benchmark,8.0,2.0,9.2,6.6000000000000005,1,1,0,CRM Technical Developer,Software & Web Development
PS2_1021,PS2_Benchmark,1.0,4.0,8.0,5.5,0,1,1,CRM Technical Developer,Software & Web Development
PS2_1022,PS2_Benchmark,7.0,7.0,1.2,7.700000000000001,1,1,1,CRM Technical Developer,Software & Web Development
PS2_1023,PS2_Benchmark,4.0,3.0,3.5999999999999996,1.1,0,0,0,CRM Technical Developer,Software & Web Development
PS2_1024,PS2_Benchmark,5.0,8.0,3.2,8.8,1,1,1,CRM Technical Developer,Software & Web Development
PS2_1025,PS2_Benchmark,8.0,4.0,1.2,9.9,0,1,1,CRM Technical Developer,Software & Web Development
PS2_1026,PS2_Benchmark,4.0,7.0,6.8,6.6000000000000005,1,1,1,CRM Technical Developer,Software & Web Development
PS2_1027,PS2_Benchmark,6.0,7.0,4.4,7.700000000000001,1,1,1,CRM Technical Developer,Software & Web Development
PS2_1028,PS2_Benchmark,8.0,9.0,6.8,3.3000000000000003,1,1,1,CRM Technical Developer,Software & Web Development
PS2_1029,PS2_Benchmark,9.0,5.0,3.2,4.4,0,0,0,CRM Technical Developer,Software & Web Development
PS2_1030,PS2_Benchmark,1.0,9.0,9.2,9.9,1,0,1,CRM Technical Developer,Software & Web Development
PS2_1031,PS2_Benchmark,5.0,7.0,3.2,1.1,1,1,1,CRM Technical Developer,Software & Web Development
PS2_1032,PS2_Benchmark,1.0,8.0,2.0,6.6000000000000005,1,0,0,CRM Technical Developer,Software & Web Development
PS2_1033,PS2_Benchmark,1.0,7.0,3.5999999999999996,4.4,0,1,0,CRM Technical Developer,Software & Web Development
PS2_1034,PS2_Benchmark,8.0,7.0,1.2,2.2,0,1,1,CRM Technical Developer,Software & Web Development
PS2_1035,PS2_Benchmark,3.0,5.0,5.6,1.1,0,1,0,CRM Technical Developer,Software & Web Development
PS2_1036,PS2_Benchmark,6.0,3.0,2.0,1.1,1,1,0,CRM Technical Developer,Software & Web Development
PS2_1037,PS2_Benchmark,1.0,4.0,9.2,7.700000000000001,1,1,0,CRM Technical Developer,Software & Web Development
PS2_1038,PS2_Benchmark,3.0,3.0,5.6,8.8,1,1,1,CRM Technical Developer,Software & Web Development
PS2_1039,PS2_Benchmark,4.0,3.0,3.5999999999999996,3.3000000000000003,1,1,1,CRM Technical Developer,Software & Web Development
PS2_1040,PS2_Benchmark,7.0,6.0,3.5999999999999996,7.700000000000001,1,1,1,CRM Technical Developer,Software & Web Development
PS2_1041,PS2_Benchmark,1.0,8.0,2.4,1.1,1,1,1,CRM Technical Developer,Software & Web Development
PS2_1042,PS2_Benchmark,4.0,2.0,6.0,7.700000000000001,1,1,0,CRM Technical Developer,Software & Web Development
PS2_1043,PS2_Benchmark,7.0,6.0,4.4,9.9,1,1,1,CRM Technical Developer,Software & Web Development
PS2_1044,PS2_Benchmark,1.0,4.0,9.2,4.4,0,0,0,CRM Technical Developer,Software & Web Development
PS2_1045,PS2_Benchmark,1.0,8.0,4.4,2.2,0,0,0,CRM Technical Developer,Software & Web Development
PS2_1046,PS2_Benchmark,8.0,5.0,0.0,4.4,0,0,1,CRM Technical Developer,Software & Web Development
PS2_1047,PS2_Benchmark,6.0,1.0,6.8,3.3000000000000003,1,0,1,CRM Technical Developer,Software & Web Development
PS2_1048,PS2_Benchmark,1.0,1.0,4.4,4.4,1,1,1,CRM Technical Developer,Software & Web Development
PS2_1049,PS2_Benchmark,6.0,2.0,3.5999999999999996,4.4,1,0,1,CRM Technical Developer,Software & Web Development
PS2_1050,PS2_Benchmark,6.0,6.0,4.8,4.4,1,1,1,CRM Technical Developer,Software & Web Development
PS2_1051,PS2_Benchmark,5.0,7.0,2.4,6.6000000000000005,0,1,0,CRM Technical Developer,Software & Web Development
PS2_1052,PS2_Benchmark,1.0,5.0,1.2,7.700000000000001,1,1,0,CRM Technical Developer,Software & Web Development
PS2_1053,PS2_Benchmark,6.0,1.0,0.0,9.9,1,0,0,CRM Technical Developer,Software & Web Development
PS2_1054,PS2_Benchmark,7.0,9.0,0.0,5.5,1,0,1,CRM Technical Developer,Software & Web Development
PS2_1055,PS2_Benchmark,8.0,4.0,4.4,4.4,1,0,1,CRM Technical Developer,Software & Web Development
PS2_1056,PS2_Benchmark,4.0,4.0,2.4,8.8,0,0,0,CRM Technical Developer,Software & Web Development
PS2_1057,PS2_Benchmark,9.0,8.0,3.2,6.6000000000000005,1,1,0,CRM Technical Developer,Software & Web Development
PS2_1058,PS2_Benchmark,1.0,5.0,8.0,7.700000000000001,1,0,1,CRM Technical Developer,Software & Web Development
PS2_1059,PS2_Benchmark,8.0,8.0,5.6,9.9,0,1,0,CRM Technical Developer,Software & Web Development
PS2_1060,PS2_Benchmark,6.0,6.0,7.199999999999999,4.4,1,1,0,CRM Technical Developer,Software & Web Development
PS2_1061,PS2_Benchmark,5.0,6.0,9.2,2.2,0,0,1,CRM Technical Developer,Software & Web Development
PS2_1062,PS2_Benchmark,4.0,1.0,7.199999999999999,7.700000000000001,0,1,1,CRM Technical Developer,Software & Web Development
PS2_1063,PS2_Benchmark,1.0,7.0,8.0,7.700000000000001,0,0,1,CRM Technical Developer,Software & Web Development
PS2_1064,PS2_Benchmark,5.0,8.0,0.0,3.3000000000000003,1,0,0,CRM Technical Developer,Software & Web Development
PS2_1065,PS2_Benchmark,4.0,5.0,5.6,7.700000000000001,0,1,1,CRM Technical Developer,Software & Web Development
PS2_1066,PS2_Benchmark,8.0,8.0,9.2,8.8,0,0,1,CRM Technical Developer,Software & Web Development
PS2_1067,PS2_Benchmark,9.0,5.0,3.2,7.700000000000001,0,1,1,CRM Technical Developer,Software & Web Development
PS2_1068,PS2_Benchmark,2.0,8.0,3.2,1.1,0,1,1,CRM Technical Developer,Software & Web Development
PS2_1069,PS2_Benchmark,2.0,9.0,8.0,3.3000000000000003,0,0,0,CRM Technical Developer,Software & Web Development
PS2_1070,PS2_Benchmark,6.0,3.0,7.199999999999999,3.3000000000000003,1,1,1,CRM Technical Developer,Software & Web Development
PS2_1071,PS2_Benchmark,9.0,1.0,4.4,8.8,1,0,0,CRM Technical Developer,Software & Web Development
PS2_1072,PS2_Benchmark,1.0,8.0,6.0,8.8,1,1,0,CRM Technical Developer,Software & Web Development
PS2_1073,PS2_Benchmark,2.0,2.0,2.4,9.9,1,1,1,CRM Technical Developer,Software & Web Development
PS2_1074,PS2_Benchmark,3.0,3.0,0.0,8.8,0,1,0,CRM Technical Developer,Software & Web Development
PS2_1075,PS2_Benchmark,8.0,1.0,4.4,2.2,1,1,0,CRM Technical Developer,Software & Web Development
PS2_1076,PS2_Benchmark,4.0,1.0,2.0,5.5,1,0,0,CRM Technical Developer,Software & Web Development
PS2_1077,PS2_Benchmark,2.0,4.0,0.0,2.2,0,1,1,CRM Technical Developer,Software & Web Development
PS2_1078,PS2_Benchmark,6.0,6.0,2.4,8.8,1,0,1,CRM Technical Developer,Software & Web Development
PS2_1079,PS2_Benchmark,9.0,7.0,0.0,5.5,1,0,0,CRM Technical Developer,Software & Web Development
PS2_1080,PS2_Benchmark,5.0,5.0,4.8,2.2,1,0,0,CRM Technical Developer,Software & Web Development
PS2_1081,PS2_Benchmark,3.0,5.0,6.0,8.8,1,1,1,CRM Technical Developer,Software & Web Development
PS2_1082,PS2_Benchmark,4.0,4.0,0.0,4.4,0,1,1,CRM Technical Developer,Software & Web Development
PS2_1083,PS2_Benchmark,1.0,4.0,4.8,4.4,1,1,0,CRM Technical Developer,Software & Web Development
PS2_1084,PS2_Benchmark,9.0,3.0,6.0,3.3000000000000003,1,0,1,CRM Technical Developer,Software & Web Development
PS2_1085,PS2_Benchmark,4.0,8.0,8.0,5.5,1,1,1,CRM Technical Developer,Software & Web Development
PS2_1086,PS2_Benchmark,7.0,9.0,1.2,2.2,1,0,1,CRM Technical Developer,Software & Web Development
PS2_1087,PS2_Benchmark,7.0,2.0,1.2,2.2,1,1,0,CRM Technical Developer,Software & Web Development
PS2_1088,PS2_Benchmark,9.0,4.0,6.0,5.5,1,1,0,CRM Technical Developer,Software & Web Development
PS2_1089,PS2_Benchmark,8.0,9.0,6.8,3.3000000000000003,0,1,0,CRM Technical Developer,Software & Web Development
PS2_1090,PS2_Benchmark,4.0,6.0,1.2,8.8,0,1,0,CRM Technical Developer,Software & Web Development
PS2_1091,PS2_Benchmark,4.0,4.0,9.2,9.9,1,0,1,CRM Technical Developer,Software & Web Development
PS2_1092,PS2_Benchmark,1.0,8.0,2.0,6.6000000000000005,0,1,1,CRM Technical Developer,Software & Web Development
PS2_1093,PS2_Benchmark,7.0,6.0,5.6,5.5,1,0,1,CRM Technical Developer,Software & Web Development
PS2_1094,PS2_Benchmark,9.0,9.0,3.5999999999999996,5.5,1,0,0,CRM Technical Developer,Software & Web Development
PS2_1095,PS2_Benchmark,4.0,5.0,8.0,1.1,1,1,1,CRM Technical Developer,Software & Web Development
PS2_1096,PS2_Benchmark,7.0,2.0,5.6,2.2,0,0,0,CRM Technical Developer,Software & Web Development
PS2_1097,PS2_Benchmark,4.0,4.0,2.4,8.8,1,0,0,CRM Technical Developer,Software & Web Development
PS2_1098,PS2_Benchmark,7.0,2.0,3.2,7.700000000000001,0,1,0,CRM Technical Developer,Software & Web Development
PS2_1099,PS2_Benchmark,1.0,2.0,6.8,9.9,0,1,0,CRM Technical Developer,Software & Web Development
PS2_1100,PS2_Benchmark,3.0,6.0,4.8,4.4,1,1,0,CRM Technical Developer,Software & Web Development
PS2_1101,PS2_Benchmark,3.0,7.0,7.199999999999999,3.3000000000000003,1,1,1,CRM Technical Developer,Software & Web Development
PS2_1102,PS2_Benchmark,5.0,5.0,8.0,3.3000000000000003,0,1,1,CRM Technical Developer,Software & Web Development
PS2_1103,PS2_Benchmark,7.0,6.0,6.0,7.700000000000001,0,1,1,CRM Technical Developer,Software & Web Development
PS2_1104,PS2_Benchmark,2.0,7.0,3.2,1.1,0,0,1,CRM Technical Developer,Software & Web Development
PS2_1105,PS2_Benchmark,8.0,5.0,5.6,7.700000000000001,0,0,1,CRM Technical Developer,Software & Web Development
PS2_1106,PS2_Benchmark,5.0,9.0,3.5999999999999996,4.4,0,1,1,CRM Technical Developer,Software & Web Development
PS2_1107,PS2_Benchmark,9.0,2.0,3.2,9.9,0,0,0,CRM Technical Developer,Software & Web Development
PS2_1108,PS2_Benchmark,2.0,9.0,6.8,1.1,1,1,0,CRM Technical Developer,Software & Web Development
PS2_1109,PS2_Benchmark,1.0,8.0,3.2,6.6000000000000005,0,0,0,CRM Technical Developer,Software & Web Development
PS2_1110,PS2_Benchmark,4.0,9.0,5.6,7.700000000000001,0,1,0,CRM Technical Developer,Software & Web Development
PS2_1111,PS2_Benchmark,7.0,3.0,6.0,2.2,1,1,1,CRM Technical Developer,Software & Web Development
PS2_1112,PS2_Benchmark,8.0,6.0,6.8,1.1,0,1,1,CRM Technical Developer,Software & Web Development
PS2_1113,PS2_Benchmark,3.0,1.0,2.4,8.8,1,1,0,CRM Technical Developer,Software & Web Development
PS2_1114,PS2_Benchmark,5.0,7.0,2.0,1.1,1,1,0,CRM Technical Developer,Software & Web Development
PS2_1115,PS2_Benchmark,9.0,9.0,9.2,1.1,0,0,0,CRM Technical Developer,Software & Web Development
PS2_1116,PS2_Benchmark,6.0,1.0,6.8,9.9,0,1,0,CRM Technical Developer,Software & Web Development
PS2_1117,PS2_Benchmark,2.0,9.0,2.4,8.8,0,0,1,CRM Technical Developer,Software & Web Development
PS2_1118,PS2_Benchmark,7.0,4.0,9.2,8.8,0,1,0,CRM Technical Developer,Software & Web Development
PS2_1119,PS2_Benchmark,4.0,4.0,2.0,8.8,1,1,0,Database Developer,Cybersecurity & Cloud
PS2_1120,PS2_Benchmark,3.0,3.0,4.4,3.3000000000000003,0,1,1,Database Developer,Cybersecurity & Cloud
PS2_1121,PS2_Benchmark,5.0,2.0,2.0,5.5,1,1,1,Database Developer,Cybersecurity & Cloud
PS2_1122,PS2_Benchmark,2.0,1.0,0.0,4.4,0,1,0,Database Developer,Cybersecurity & Cloud
PS2_1123,PS2_Benchmark,3.0,4.0,6.0,9.9,1,0,0,Database Developer,Cybersecurity & Cloud
PS2_1124,PS2_Benchmark,6.0,6.0,2.0,1.1,0,0,1,Database Developer,Cybersecurity & Cloud
PS2_1125,PS2_Benchmark,9.0,5.0,9.2,9.9,0,0,0,Database Developer,Cybersecurity & Cloud
PS2_1126,PS2_Benchmark,5.0,7.0,5.6,6.6000000000000005,1,1,0,Database Developer,Cybersecurity & Cloud
PS2_1127,PS2_Benchmark,7.0,2.0,3.2,3.3000000000000003,1,1,1,Database Developer,Cybersecurity & Cloud
PS2_1128,PS2_Benchmark,3.0,9.0,8.0,2.2,1,1,0,Database Developer,Cybersecurity & Cloud
PS2_1129,PS2_Benchmark,9.0,7.0,7.199999999999999,5.5,0,1,1,Database Developer,Cybersecurity & Cloud
PS2_1130,PS2_Benchmark,8.0,1.0,6.8,2.2,0,0,0,Database Developer,Cybersecurity & Cloud
PS2_1131,PS2_Benchmark,4.0,9.0,9.2,5.5,0,0,1,Database Developer,Cybersecurity & Cloud
PS2_1132,PS2_Benchmark,7.0,8.0,8.0,1.1,1,0,1,Database Developer,Cybersecurity & Cloud
PS2_1133,PS2_Benchmark,8.0,5.0,8.0,6.6000000000000005,1,0,1,Database Developer,Cybersecurity & Cloud
PS2_1134,PS2_Benchmark,7.0,3.0,7.199999999999999,7.700000000000001,1,0,1,Database Developer,Cybersecurity & Cloud
PS2_1135,PS2_Benchmark,6.0,5.0,7.199999999999999,6.6000000000000005,0,1,0,Database Developer,Cybersecurity & Cloud
PS2_1136,PS2_Benchmark,2.0,1.0,7.199999999999999,7.700000000000001,1,1,0,Database Developer,Cybersecurity & Cloud
PS2_1137,PS2_Benchmark,5.0,5.0,0.0,3.3000000000000003,1,1,0,Database Developer,Cybersecurity & Cloud
PS2_1138,PS2_Benchmark,6.0,8.0,8.0,3.3000000000000003,0,1,0,Database Developer,Cybersecurity & Cloud
PS2_1139,PS2_Benchmark,4.0,5.0,2.0,3.3000000000000003,1,1,0,Database Developer,Cybersecurity & Cloud
PS2_1140,PS2_Benchmark,5.0,7.0,8.0,1.1,1,1,0,Database Developer,Cybersecurity & Cloud
PS2_1141,PS2_Benchmark,8.0,2.0,0.0,3.3000000000000003,0,0,1,Database Developer,Cybersecurity & Cloud
PS2_1142,PS2_Benchmark,6.0,1.0,9.2,5.5,1,1,1,Database Developer,Cybersecurity & Cloud
PS2_1143,PS2_Benchmark,3.0,6.0,0.0,1.1,0,1,1,Database Developer,Cybersecurity & Cloud
PS2_1144,PS2_Benchmark,7.0,4.0,3.5999999999999996,3.3000000000000003,1,1,1,Database Developer,Cybersecurity & Cloud
PS2_1145,PS2_Benchmark,6.0,1.0,4.8,7.700000000000001,0,0,0,Database Developer,Cybersecurity & Cloud
PS2_1146,PS2_Benchmark,3.0,3.0,4.8,3.3000000000000003,1,1,0,Database Developer,Cybersecurity & Cloud
PS2_1147,PS2_Benchmark,6.0,1.0,8.0,4.4,0,1,1,Database Developer,Cybersecurity & Cloud
PS2_1148,PS2_Benchmark,7.0,4.0,2.0,7.700000000000001,1,1,1,Database Developer,Cybersecurity & Cloud
PS2_1149,PS2_Benchmark,4.0,9.0,6.0,5.5,0,0,0,Database Developer,Cybersecurity & Cloud
PS2_1150,PS2_Benchmark,9.0,6.0,2.4,9.9,1,1,1,Database Developer,Cybersecurity & Cloud
PS2_1151,PS2_Benchmark,3.0,5.0,8.0,1.1,0,1,1,Database Developer,Cybersecurity & Cloud
PS2_1152,PS2_Benchmark,7.0,5.0,6.0,5.5,0,1,1,Database Developer,Cybersecurity & Cloud
PS2_1153,PS2_Benchmark,6.0,5.0,8.0,5.5,1,1,0,Database Developer,Cybersecurity & Cloud
PS2_1154,PS2_Benchmark,3.0,3.0,9.2,5.5,0,0,0,Database Developer,Cybersecurity & Cloud
PS2_1155,PS2_Benchmark,9.0,7.0,0.0,9.9,0,0,0,Database Developer,Cybersecurity & Cloud
PS2_1156,PS2_Benchmark,9.0,6.0,6.0,3.3000000000000003,1,0,1,Database Developer,Cybersecurity & Cloud
PS2_1157,PS2_Benchmark,2.0,3.0,3.2,6.6000000000000005,1,1,1,Database Developer,Cybersecurity & Cloud
PS2_1158,PS2_Benchmark,9.0,6.0,2.0,3.3000000000000003,0,0,1,Database Developer,Cybersecurity & Cloud
PS2_1159,PS2_Benchmark,5.0,9.0,8.0,7.700000000000001,1,1,1,Database Developer,Cybersecurity & Cloud
PS2_1160,PS2_Benchmark,7.0,1.0,3.2,7.700000000000001,1,1,0,Database Developer,Cybersecurity & Cloud
PS2_1161,PS2_Benchmark,2.0,9.0,5.6,9.9,1,0,0,Database Developer,Cybersecurity & Cloud
PS2_1162,PS2_Benchmark,6.0,2.0,8.0,6.6000000000000005,1,0,0,Database Developer,Cybersecurity & Cloud
PS2_1163,PS2_Benchmark,2.0,7.0,3.2,5.5,0,1,0,Database Developer,Cybersecurity & Cloud
PS2_1164,PS2_Benchmark,6.0,1.0,4.8,4.4,0,1,0,Database Developer,Cybersecurity & Cloud
PS2_1165,PS2_Benchmark,8.0,8.0,4.4,1.1,1,0,0,Database Developer,Cybersecurity & Cloud
PS2_1166,PS2_Benchmark,2.0,6.0,2.0,5.5,1,1,0,Database Developer,Cybersecurity & Cloud
PS2_1167,PS2_Benchmark,9.0,5.0,0.0,3.3000000000000003,0,1,1,Database Developer,Cybersecurity & Cloud
PS2_1168,PS2_Benchmark,6.0,1.0,2.4,2.2,1,1,0,Database Developer,Cybersecurity & Cloud
PS2_1169,PS2_Benchmark,7.0,3.0,8.0,3.3000000000000003,0,0,1,Database Developer,Cybersecurity & Cloud
PS2_1170,PS2_Benchmark,7.0,5.0,8.0,1.1,1,1,1,Database Developer,Cybersecurity & Cloud
PS2_1171,PS2_Benchmark,2.0,2.0,3.5999999999999996,9.9,1,0,1,Database Developer,Cybersecurity & Cloud
PS2_1172,PS2_Benchmark,6.0,6.0,6.0,8.8,0,0,1,Database Developer,Cybersecurity & Cloud
PS2_1173,PS2_Benchmark,5.0,8.0,2.4,6.6000000000000005,0,0,0,Database Developer,Cybersecurity & Cloud
PS2_1174,PS2_Benchmark,6.0,5.0,4.8,4.4,1,0,0,Database Developer,Cybersecurity & Cloud
PS2_1175,PS2_Benchmark,4.0,2.0,2.0,8.8,0,1,1,Database Developer,Cybersecurity & Cloud
PS2_1176,PS2_Benchmark,9.0,6.0,0.0,2.2,0,0,0,Database Developer,Cybersecurity & Cloud
PS2_1177,PS2_Benchmark,2.0,1.0,0.0,1.1,1,0,0,Database Developer,Cybersecurity & Cloud
PS2_1178,PS2_Benchmark,3.0,2.0,9.2,7.700000000000001,1,1,0,Database Developer,Cybersecurity & Cloud
PS2_1179,PS2_Benchmark,3.0,6.0,3.5999999999999996,1.1,0,0,0,Database Developer,Cybersecurity & Cloud
PS2_1180,PS2_Benchmark,9.0,1.0,2.0,5.5,1,0,0,Database Developer,Cybersecurity & Cloud
PS2_1181,PS2_Benchmark,1.0,4.0,3.2,8.8,1,0,0,Database Developer,Cybersecurity & Cloud
PS2_1182,PS2_Benchmark,7.0,7.0,9.2,8.8,0,0,0,Database Developer,Cybersecurity & Cloud
PS2_1183,PS2_Benchmark,4.0,6.0,3.2,9.9,1,0,1,Database Developer,Cybersecurity & Cloud
PS2_1184,PS2_Benchmark,9.0,2.0,8.0,8.8,0,0,1,Database Developer,Cybersecurity & Cloud
PS2_1185,PS2_Benchmark,3.0,5.0,2.0,1.1,0,0,1,Database Developer,Cybersecurity & Cloud
PS2_1186,PS2_Benchmark,1.0,8.0,6.0,9.9,1,0,0,Database Developer,Cybersecurity & Cloud
PS2_1187,PS2_Benchmark,1.0,3.0,2.4,6.6000000000000005,1,1,0,Database Developer,Cybersecurity & Cloud
PS2_1188,PS2_Benchmark,7.0,5.0,3.2,6.6000000000000005,1,1,1,Database Developer,Cybersecurity & Cloud
PS2_1189,PS2_Benchmark,9.0,8.0,6.8,1.1,0,1,0,Database Developer,Cybersecurity & Cloud
PS2_1190,PS2_Benchmark,1.0,5.0,6.8,9.9,0,1,1,Database Developer,Cybersecurity & Cloud
PS2_1191,PS2_Benchmark,9.0,9.0,0.0,6.6000000000000005,0,0,1,Database Developer,Cybersecurity & Cloud
PS2_1192,PS2_Benchmark,7.0,1.0,6.8,9.9,0,0,0,Database Developer,Cybersecurity & Cloud
PS2_1193,PS2_Benchmark,8.0,2.0,1.2,9.9,0,1,1,Database Developer,Cybersecurity & Cloud
PS2_1194,PS2_Benchmark,6.0,4.0,3.5999999999999996,6.6000000000000005,0,0,0,Database Developer,Cybersecurity & Cloud
PS2_1195,PS2_Benchmark,8.0,6.0,0.0,6.6000000000000005,1,0,1,Database Developer,Cybersecurity & Cloud
PS2_1196,PS2_Benchmark,6.0,9.0,6.8,1.1,1,1,0,Database Developer,Cybersecurity & Cloud
PS2_1197,PS2_Benchmark,3.0,9.0,8.0,5.5,1,1,0,Database Developer,Cybersecurity & Cloud
PS2_1198,PS2_Benchmark,3.0,4.0,3.2,9.9,1,1,1,Database Developer,Cybersecurity & Cloud
PS2_1199,PS2_Benchmark,2.0,7.0,3.2,7.700000000000001,0,0,0,Database Developer,Cybersecurity & Cloud
PS2_1200,PS2_Benchmark,8.0,7.0,3.2,5.5,0,0,1,Database Developer,Cybersecurity & Cloud
PS2_1201,PS2_Benchmark,2.0,5.0,6.8,3.3000000000000003,0,0,1,Database Developer,Cybersecurity & Cloud
PS2_1202,PS2_Benchmark,4.0,2.0,7.199999999999999,8.8,0,0,0,Database Developer,Cybersecurity & Cloud
PS2_1203,PS2_Benchmark,8.0,8.0,1.2,4.4,1,0,1,Database Developer,Cybersecurity & Cloud
PS2_1204,PS2_Benchmark,2.0,3.0,2.0,4.4,0,0,1,Database Developer,Cybersecurity & Cloud
PS2_1205,PS2_Benchmark,4.0,8.0,7.199999999999999,1.1,1,1,1,Database Developer,Cybersecurity & Cloud
PS2_1206,PS2_Benchmark,1.0,3.0,6.8,3.3000000000000003,0,1,1,Database Developer,Cybersecurity & Cloud
PS2_1207,PS2_Benchmark,3.0,9.0,9.2,3.3000000000000003,0,1,0,Database Developer,Cybersecurity & Cloud
PS2_1208,PS2_Benchmark,6.0,1.0,4.4,7.700000000000001,1,0,0,Database Developer,Cybersecurity & Cloud
PS2_1209,PS2_Benchmark,5.0,9.0,2.0,3.3000000000000003,0,1,1,Database Developer,Cybersecurity & Cloud
PS2_1210,PS2_Benchmark,2.0,3.0,3.2,7.700000000000001,1,0,0,Database Developer,Cybersecurity & Cloud
PS2_1211,PS2_Benchmark,4.0,8.0,3.5999999999999996,8.8,1,0,1,Database Developer,Cybersecurity & Cloud
PS2_1212,PS2_Benchmark,7.0,7.0,6.0,5.5,1,0,1,Database Developer,Cybersecurity & Cloud
PS2_1213,PS2_Benchmark,5.0,7.0,4.8,7.700000000000001,0,0,0,Database Developer,Cybersecurity & Cloud
PS2_1214,PS2_Benchmark,6.0,2.0,4.8,5.5,1,1,1,Database Developer,Cybersecurity & Cloud
PS2_1215,PS2_Benchmark,2.0,6.0,3.5999999999999996,3.3000000000000003,0,0,1,Database Developer,Cybersecurity & Cloud
PS2_1216,PS2_Benchmark,6.0,6.0,5.6,6.6000000000000005,1,0,0,Database Developer,Cybersecurity & Cloud
PS2_1217,PS2_Benchmark,2.0,7.0,3.2,7.700000000000001,1,1,1,Database Developer,Cybersecurity & Cloud
PS2_1218,PS2_Benchmark,1.0,5.0,5.6,5.5,1,1,1,Database Developer,Cybersecurity & Cloud
PS2_1219,PS2_Benchmark,6.0,4.0,6.8,6.6000000000000005,0,0,0,Database Developer,Cybersecurity & Cloud
PS2_1220,PS2_Benchmark,1.0,2.0,1.2,2.2,1,1,1,Database Developer,Cybersecurity & Cloud
PS2_1221,PS2_Benchmark,7.0,8.0,4.8,2.2,0,1,0,Database Developer,Cybersecurity & Cloud
PS2_1222,PS2_Benchmark,1.0,3.0,0.0,9.9,0,1,1,Database Developer,Cybersecurity & Cloud
PS2_1223,PS2_Benchmark,8.0,5.0,8.0,6.6000000000000005,1,0,1,Database Developer,Cybersecurity & Cloud
PS2_1224,PS2_Benchmark,2.0,5.0,2.4,9.9,0,0,0,Database Developer,Cybersecurity & Cloud
PS2_1225,PS2_Benchmark,9.0,7.0,3.5999999999999996,1.1,1,1,0,Database Developer,Cybersecurity & Cloud
PS2_1226,PS2_Benchmark,3.0,1.0,6.8,6.6000000000000005,0,1,0,Database Developer,Cybersecurity & Cloud
PS2_1227,PS2_Benchmark,8.0,9.0,1.2,6.6000000000000005,1,0,0,Database Developer,Cybersecurity & Cloud
PS2_1228,PS2_Benchmark,4.0,4.0,6.8,2.2,1,0,0,Database Developer,Cybersecurity & Cloud
PS2_1229,PS2_Benchmark,9.0,4.0,7.199999999999999,9.9,0,0,1,Database Developer,Cybersecurity & Cloud
PS2_1230,PS2_Benchmark,4.0,8.0,1.2,8.8,0,1,1,Database Developer,Cybersecurity & Cloud
PS2_1231,PS2_Benchmark,6.0,6.0,5.6,6.6000000000000005,1,0,0,Database Developer,Cybersecurity & Cloud
PS2_1232,PS2_Benchmark,4.0,5.0,2.0,5.5,1,1,1,Database Developer,Cybersecurity & Cloud
PS2_1233,PS2_Benchmark,4.0,6.0,8.0,5.5,0,0,0,Database Developer,Cybersecurity & Cloud
PS2_1234,PS2_Benchmark,5.0,7.0,9.2,7.700000000000001,0,0,1,Database Developer,Cybersecurity & Cloud
PS2_1235,PS2_Benchmark,6.0,4.0,4.4,8.8,1,1,0,Database Developer,Cybersecurity & Cloud
PS2_1236,PS2_Benchmark,3.0,4.0,9.2,1.1,1,0,0,Database Developer,Cybersecurity & Cloud
PS2_1237,PS2_Benchmark,6.0,6.0,1.2,3.3000000000000003,0,1,1,Database Developer,Cybersecurity & Cloud
PS2_1238,PS2_Benchmark,5.0,5.0,8.0,7.700000000000001,1,0,1,Database Developer,Cybersecurity & Cloud
PS2_1239,PS2_Benchmark,7.0,9.0,6.8,5.5,1,1,0,Database Developer,Cybersecurity & Cloud
PS2_1240,PS2_Benchmark,7.0,9.0,3.2,3.3000000000000003,1,0,1,Database Developer,Cybersecurity & Cloud
PS2_1241,PS2_Benchmark,5.0,1.0,9.2,1.1,1,0,1,Database Developer,Cybersecurity & Cloud
PS2_1242,PS2_Benchmark,1.0,2.0,4.4,7.700000000000001,1,0,1,Database Developer,Cybersecurity & Cloud
PS2_1243,PS2_Benchmark,2.0,1.0,0.0,2.2,1,0,0,Database Developer,Cybersecurity & Cloud
PS2_1244,PS2_Benchmark,5.0,6.0,7.199999999999999,1.1,0,1,1,Database Developer,Cybersecurity & Cloud
PS2_1245,PS2_Benchmark,3.0,5.0,7.199999999999999,6.6000000000000005,0,0,0,Database Developer,Cybersecurity & Cloud
PS2_1246,PS2_Benchmark,7.0,4.0,5.6,9.9,0,0,1,Database Developer,Cybersecurity & Cloud
PS2_1247,PS2_Benchmark,7.0,9.0,6.8,6.6000000000000005,1,0,0,Database Developer,Cybersecurity & Cloud
PS2_1248,PS2_Benchmark,5.0,3.0,2.4,9.9,1,1,0,Database Developer,Cybersecurity & Cloud
PS2_1249,PS2_Benchmark,3.0,1.0,4.4,2.2,0,1,0,Database Developer,Cybersecurity & Cloud
PS2_1250,PS2_Benchmark,8.0,8.0,4.4,4.4,0,1,1,Database Developer,Cybersecurity & Cloud
PS2_1251,PS2_Benchmark,9.0,7.0,7.199999999999999,5.5,0,1,0,Database Developer,Cybersecurity & Cloud
PS2_1252,PS2_Benchmark,7.0,2.0,3.2,9.9,1,1,0,Database Developer,Cybersecurity & Cloud
PS2_1253,PS2_Benchmark,6.0,2.0,1.2,6.6000000000000005,0,0,0,Database Developer,Cybersecurity & Cloud
PS2_1254,PS2_Benchmark,3.0,3.0,9.2,9.9,1,0,0,Database Developer,Cybersecurity & Cloud
PS2_1255,PS2_Benchmark,2.0,7.0,3.5999999999999996,1.1,1,1,0,Database Developer,Cybersecurity & Cloud
PS2_1256,PS2_Benchmark,4.0,4.0,6.8,4.4,1,0,0,Database Developer,Cybersecurity & Cloud
PS2_1257,PS2_Benchmark,8.0,6.0,0.0,2.2,1,0,1,Database Developer,Cybersecurity & Cloud
PS2_1258,PS2_Benchmark,6.0,1.0,1.2,7.700000000000001,1,1,0,Database Developer,Cybersecurity & Cloud
PS2_1259,PS2_Benchmark,1.0,3.0,6.0,4.4,1,1,0,Database Developer,Cybersecurity & Cloud
PS2_1260,PS2_Benchmark,4.0,3.0,7.199999999999999,7.700000000000001,1,0,0,Database Developer,Cybersecurity & Cloud
PS2_1261,PS2_Benchmark,4.0,3.0,6.8,1.1,1,1,1,Database Developer,Cybersecurity & Cloud
PS2_1262,PS2_Benchmark,7.0,3.0,5.6,2.2,1,1,1,Database Developer,Cybersecurity & Cloud
PS2_1263,PS2_Benchmark,3.0,8.0,4.4,5.5,1,1,1,Database Developer,Cybersecurity & Cloud
PS2_1264,PS2_Benchmark,2.0,5.0,3.2,6.6000000000000005,1,1,0,Database Developer,Cybersecurity & Cloud
PS2_1265,PS2_Benchmark,6.0,4.0,7.199999999999999,7.700000000000001,1,0,0,Database Developer,Cybersecurity & Cloud
PS2_1266,PS2_Benchmark,8.0,2.0,4.8,8.8,1,1,0,Database Developer,Cybersecurity & Cloud
PS2_1267,PS2_Benchmark,3.0,9.0,4.8,4.4,0,1,0,Database Developer,Cybersecurity & Cloud
PS2_1268,PS2_Benchmark,1.0,1.0,4.8,7.700000000000001,1,0,0,Database Developer,Cybersecurity & Cloud
PS2_1269,PS2_Benchmark,9.0,8.0,4.4,7.700000000000001,1,1,0,Database Developer,Cybersecurity & Cloud
PS2_1270,PS2_Benchmark,6.0,5.0,9.2,6.6000000000000005,1,1,0,Database Developer,Cybersecurity & Cloud
PS2_1271,PS2_Benchmark,9.0,3.0,4.4,5.5,0,0,1,Database Developer,Cybersecurity & Cloud
PS2_1272,PS2_Benchmark,8.0,5.0,9.2,4.4,0,0,0,Database Developer,Cybersecurity & Cloud
PS2_1273,PS2_Benchmark,8.0,7.0,2.4,3.3000000000000003,0,1,0,Database Developer,Cybersecurity & Cloud
PS2_1274,PS2_Benchmark,2.0,3.0,2.4,1.1,0,1,1,Database Developer,Cybersecurity & Cloud
PS2_1275,PS2_Benchmark,3.0,7.0,4.4,9.9,0,1,1,Database Developer,Cybersecurity & Cloud
PS2_1276,PS2_Benchmark,4.0,5.0,0.0,7.700000000000001,1,1,1,Database Developer,Cybersecurity & Cloud
PS2_1277,PS2_Benchmark,5.0,8.0,0.0,6.6000000000000005,1,0,0,Database Developer,Cybersecurity & Cloud
PS2_1278,PS2_Benchmark,2.0,3.0,6.0,9.9,1,1,0,Database Developer,Cybersecurity & Cloud
PS2_1279,PS2_Benchmark,4.0,1.0,1.2,1.1,0,0,1,Database Developer,Cybersecurity & Cloud
PS2_1280,PS2_Benchmark,2.0,2.0,6.0,2.2,0,0,1,Database Developer,Cybersecurity & Cloud
PS2_1281,PS2_Benchmark,6.0,2.0,2.0,7.700000000000001,0,0,1,Database Developer,Cybersecurity & Cloud
PS2_1282,PS2_Benchmark,1.0,8.0,4.4,8.8,0,0,0,Database Developer,Cybersecurity & Cloud
PS2_1283,PS2_Benchmark,1.0,2.0,6.0,8.8,0,0,1,Database Developer,Cybersecurity & Cloud
PS2_1284,PS2_Benchmark,6.0,7.0,6.0,2.2,0,1,0,Database Developer,Cybersecurity & Cloud
PS2_1285,PS2_Benchmark,9.0,5.0,5.6,2.2,1,0,0,Database Developer,Cybersecurity & Cloud
PS2_1286,PS2_Benchmark,2.0,3.0,7.199999999999999,5.5,0,0,0,Database Developer,Cybersecurity & Cloud
PS2_1287,PS2_Benchmark,1.0,9.0,6.8,6.6000000000000005,0,0,1,Database Developer,Cybersecurity & Cloud
PS2_1288,PS2_Benchmark,9.0,5.0,6.0,2.2,1,1,0,Database Developer,Cybersecurity & Cloud
PS2_1289,PS2_Benchmark,4.0,1.0,9.2,3.3000000000000003,1,1,0,Database Developer,Cybersecurity & Cloud
PS2_1290,PS2_Benchmark,2.0,2.0,2.4,1.1,1,0,0,Database Developer,Cybersecurity & Cloud
PS2_1291,PS2_Benchmark,1.0,9.0,2.4,3.3000000000000003,1,0,1,Database Developer,Cybersecurity & Cloud
PS2_1292,PS2_Benchmark,6.0,3.0,0.0,4.4,1,1,0,Database Developer,Cybersecurity & Cloud
PS2_1293,PS2_Benchmark,7.0,7.0,5.6,1.1,0,1,0,Database Developer,Cybersecurity & Cloud
PS2_1294,PS2_Benchmark,8.0,1.0,3.5999999999999996,7.700000000000001,1,1,1,Database Developer,Cybersecurity & Cloud
PS2_1295,PS2_Benchmark,9.0,2.0,6.8,9.9,0,0,1,Database Developer,Cybersecurity & Cloud
PS2_1296,PS2_Benchmark,4.0,2.0,9.2,5.5,1,0,0,Database Developer,Cybersecurity & Cloud
PS2_1297,PS2_Benchmark,7.0,9.0,5.6,9.9,0,0,1,Database Developer,Cybersecurity & Cloud
PS2_1298,PS2_Benchmark,9.0,5.0,5.6,9.9,1,0,0,Database Developer,Cybersecurity & Cloud
PS2_1299,PS2_Benchmark,9.0,7.0,7.199999999999999,6.6000000000000005,1,1,1,Database Developer,Cybersecurity & Cloud
PS2_1300,PS2_Benchmark,5.0,3.0,3.5999999999999996,2.2,1,0,1,Database Developer,Cybersecurity & Cloud
PS2_1301,PS2_Benchmark,3.0,1.0,6.0,2.2,0,1,1,Database Developer,Cybersecurity & Cloud
PS2_1302,PS2_Benchmark,7.0,1.0,4.8,6.6000000000000005,1,1,0,Database Developer,Cybersecurity & Cloud
PS2_1303,PS2_Benchmark,9.0,6.0,0.0,7.700000000000001,1,1,1,Database Developer,Cybersecurity & Cloud
PS2_1304,PS2_Benchmark,2.0,4.0,3.2,4.4,1,0,0,Database Developer,Cybersecurity & Cloud
PS2_1305,PS2_Benchmark,6.0,7.0,1.2,5.5,1,1,0,Database Developer,Cybersecurity & Cloud
PS2_1306,PS2_Benchmark,9.0,9.0,6.0,3.3000000000000003,1,0,1,Database Developer,Cybersecurity & Cloud
PS2_1307,PS2_Benchmark,3.0,6.0,7.199999999999999,8.8,0,1,0,Database Developer,Cybersecurity & Cloud
PS2_1308,PS2_Benchmark,5.0,2.0,2.0,7.700000000000001,0,0,1,Database Developer,Cybersecurity & Cloud
PS2_1309,PS2_Benchmark,6.0,7.0,7.199999999999999,8.8,1,0,1,Database Developer,Cybersecurity & Cloud
PS2_1310,PS2_Benchmark,2.0,2.0,0.0,2.2,1,0,0,Database Developer,Cybersecurity & Cloud
PS2_1311,PS2_Benchmark,1.0,5.0,3.2,2.2,1,0,0,Database Developer,Cybersecurity & Cloud
PS2_1312,PS2_Benchmark,4.0,9.0,6.8,3.3000000000000003,0,0,0,Database Developer,Cybersecurity & Cloud
PS2_1313,PS2_Benchmark,6.0,5.0,3.5999999999999996,3.3000000000000003,1,0,1,Database Developer,Cybersecurity & Cloud
PS2_1314,PS2_Benchmark,6.0,5.0,7.199999999999999,8.8,1,1,0,Database Developer,Cybersecurity & Cloud
PS2_1315,PS2_Benchmark,4.0,3.0,2.4,7.700000000000001,1,0,0,Database Developer,Cybersecurity & Cloud
PS2_1316,PS2_Benchmark,2.0,2.0,4.4,5.5,0,0,0,Database Developer,Cybersecurity & Cloud
PS2_1317,PS2_Benchmark,6.0,3.0,0.0,7.700000000000001,0,1,1,Database Developer,Cybersecurity & Cloud
PS2_1318,PS2_Benchmark,8.0,9.0,6.8,1.1,1,1,1,Database Developer,Cybersecurity & Cloud
PS2_1319,PS2_Benchmark,7.0,9.0,9.2,9.9,1,0,0,Database Developer,Cybersecurity & Cloud
PS2_1320,PS2_Benchmark,7.0,4.0,3.5999999999999996,2.2,0,1,0,Database Developer,Cybersecurity & Cloud
PS2_1321,PS2_Benchmark,9.0,7.0,3.5999999999999996,1.1,0,0,1,Database Developer,Cybersecurity & Cloud
PS2_1322,PS2_Benchmark,4.0,4.0,2.4,2.2,1,1,1,Database Developer,Cybersecurity & Cloud
PS2_1323,PS2_Benchmark,9.0,4.0,3.5999999999999996,9.9,0,1,1,Database Developer,Cybersecurity & Cloud
PS2_1324,PS2_Benchmark,8.0,5.0,2.4,6.6000000000000005,1,0,1,Database Developer,Cybersecurity & Cloud
PS2_1325,PS2_Benchmark,4.0,5.0,4.4,8.8,0,1,1,Database Developer,Cybersecurity & Cloud
PS2_1326,PS2_Benchmark,2.0,1.0,4.8,9.9,1,1,0,Database Developer,Cybersecurity & Cloud
PS2_1327,PS2_Benchmark,1.0,3.0,2.0,8.8,0,1,0,Database Developer,Cybersecurity & Cloud
PS2_1328,PS2_Benchmark,2.0,3.0,2.4,2.2,0,0,0,Database Developer,Cybersecurity & Cloud
PS2_1329,PS2_Benchmark,6.0,7.0,2.0,3.3000000000000003,1,0,0,Database Developer,Cybersecurity & Cloud
PS2_1330,PS2_Benchmark,6.0,6.0,4.8,5.5,0,0,0,Database Developer,Cybersecurity & Cloud
PS2_1331,PS2_Benchmark,2.0,9.0,8.0,3.3000000000000003,0,1,1,Database Developer,Cybersecurity & Cloud
PS2_1332,PS2_Benchmark,8.0,3.0,9.2,1.1,1,1,1,Database Developer,Cybersecurity & Cloud
PS2_1333,PS2_Benchmark,7.0,7.0,6.0,3.3000000000000003,0,1,0,Database Developer,Cybersecurity & Cloud
PS2_1334,PS2_Benchmark,9.0,2.0,0.0,3.3000000000000003,1,0,0,Database Developer,Cybersecurity & Cloud
PS2_1335,PS2_Benchmark,3.0,3.0,5.6,1.1,1,0,0,Database Developer,Cybersecurity & Cloud
PS2_1336,PS2_Benchmark,6.0,5.0,2.4,4.4,1,1,1,Database Developer,Cybersecurity & Cloud
PS2_1337,PS2_Benchmark,7.0,9.0,6.8,6.6000000000000005,1,0,0,Database Developer,Cybersecurity & Cloud
PS2_1338,PS2_Benchmark,7.0,4.0,6.8,8.8,0,1,0,Database Developer,Cybersecurity & Cloud
PS2_1339,PS2_Benchmark,2.0,2.0,0.0,3.3000000000000003,1,0,0,Database Developer,Cybersecurity & Cloud
PS2_1340,PS2_Benchmark,2.0,6.0,4.8,1.1,1,1,0,Database Developer,Cybersecurity & Cloud
PS2_1341,PS2_Benchmark,2.0,4.0,1.2,5.5,0,1,0,Database Developer,Cybersecurity & Cloud
PS2_1342,PS2_Benchmark,6.0,3.0,8.0,2.2,0,1,0,Database Developer,Cybersecurity & Cloud
PS2_1343,PS2_Benchmark,3.0,1.0,2.4,3.3000000000000003,1,1,0,Database Developer,Cybersecurity & Cloud
PS2_1344,PS2_Benchmark,9.0,5.0,6.8,9.9,1,1,1,Database Developer,Cybersecurity & Cloud
PS2_1345,PS2_Benchmark,1.0,5.0,5.6,3.3000000000000003,0,0,0,Database Developer,Cybersecurity & Cloud
PS2_1346,PS2_Benchmark,7.0,5.0,4.4,6.6000000000000005,1,1,1,Database Developer,Cybersecurity & Cloud
PS2_1347,PS2_Benchmark,2.0,1.0,2.4,2.2,1,0,1,Database Developer,Cybersecurity & Cloud
PS2_1348,PS2_Benchmark,1.0,2.0,2.0,7.700000000000001,0,1,1,Database Developer,Cybersecurity & Cloud
PS2_1349,PS2_Benchmark,3.0,4.0,9.2,3.3000000000000003,0,0,1,Database Developer,Cybersecurity & Cloud
PS2_1350,PS2_Benchmark,3.0,5.0,6.0,4.4,0,1,0,Database Developer,Cybersecurity & Cloud
PS2_1351,PS2_Benchmark,7.0,4.0,3.5999999999999996,8.8,1,0,1,Database Developer,Cybersecurity & Cloud
PS2_1352,PS2_Benchmark,5.0,5.0,6.0,1.1,1,1,1,Database Developer,Cybersecurity & Cloud
PS2_1353,PS2_Benchmark,4.0,3.0,2.4,4.4,0,0,1,Database Developer,Cybersecurity & Cloud
PS2_1354,PS2_Benchmark,3.0,2.0,6.8,5.5,0,0,0,Database Developer,Cybersecurity & Cloud
PS2_1355,PS2_Benchmark,9.0,2.0,1.2,3.3000000000000003,0,1,1,Database Developer,Cybersecurity & Cloud
PS2_1356,PS2_Benchmark,8.0,8.0,9.2,9.9,1,0,0,Database Developer,Cybersecurity & Cloud
PS2_1357,PS2_Benchmark,6.0,4.0,6.0,6.6000000000000005,0,1,1,Database Developer,Cybersecurity & Cloud
PS2_1358,PS2_Benchmark,9.0,9.0,5.6,1.1,1,0,0,Database Developer,Cybersecurity & Cloud
PS2_1359,PS2_Benchmark,8.0,1.0,2.4,9.9,1,1,0,Database Developer,Cybersecurity & Cloud
PS2_1360,PS2_Benchmark,3.0,8.0,8.0,3.3000000000000003,1,1,0,Database Developer,Cybersecurity & Cloud
PS2_1361,PS2_Benchmark,6.0,9.0,9.2,2.2,1,0,0,Database Developer,Cybersecurity & Cloud
PS2_1362,PS2_Benchmark,3.0,5.0,9.2,6.6000000000000005,0,1,1,Database Developer,Cybersecurity & Cloud
PS2_1363,PS2_Benchmark,5.0,3.0,8.0,5.5,0,0,1,Database Developer,Cybersecurity & Cloud
PS2_1364,PS2_Benchmark,5.0,7.0,5.6,3.3000000000000003,1,0,1,Database Developer,Cybersecurity & Cloud
PS2_1365,PS2_Benchmark,6.0,3.0,4.8,1.1,0,0,0,Database Developer,Cybersecurity & Cloud
PS2_1366,PS2_Benchmark,5.0,8.0,4.8,5.5,1,1,1,Database Developer,Cybersecurity & Cloud
PS2_1367,PS2_Benchmark,8.0,8.0,3.5999999999999996,5.5,1,0,0,Database Developer,Cybersecurity & Cloud
PS2_1368,PS2_Benchmark,9.0,4.0,2.0,1.1,0,1,1,Database Developer,Cybersecurity & Cloud
PS2_1369,PS2_Benchmark,8.0,8.0,7.199999999999999,9.9,0,1,0,Database Developer,Cybersecurity & Cloud
PS2_1370,PS2_Benchmark,5.0,8.0,4.4,1.1,0,1,1,Database Developer,Cybersecurity & Cloud
PS2_1371,PS2_Benchmark,9.0,3.0,7.199999999999999,6.6000000000000005,1,1,0,Database Developer,Cybersecurity & Cloud
PS2_1372,PS2_Benchmark,5.0,2.0,6.8,7.700000000000001,0,0,1,Database Developer,Cybersecurity & Cloud
PS2_1373,PS2_Benchmark,3.0,1.0,2.0,9.9,0,0,0,Database Developer,Cybersecurity & Cloud
PS2_1374,PS2_Benchmark,9.0,1.0,0.0,5.5,1,0,1,Database Developer,Cybersecurity & Cloud
PS2_1375,PS2_Benchmark,6.0,3.0,6.8,1.1,0,1,1,Database Developer,Cybersecurity & Cloud
PS2_1376,PS2_Benchmark,6.0,9.0,5.6,6.6000000000000005,0,0,1,Database Developer,Cybersecurity & Cloud
PS2_1377,PS2_Benchmark,5.0,6.0,2.4,2.2,1,1,1,Database Developer,Cybersecurity & Cloud
PS2_1378,PS2_Benchmark,2.0,2.0,2.4,6.6000000000000005,0,1,1,Database Developer,Cybersecurity & Cloud
PS2_1379,PS2_Benchmark,5.0,6.0,3.5999999999999996,9.9,0,1,0,Database Developer,Cybersecurity & Cloud
PS2_1380,PS2_Benchmark,2.0,7.0,2.0,1.1,1,0,0,Database Developer,Cybersecurity & Cloud
PS2_1381,PS2_Benchmark,3.0,6.0,2.4,5.5,1,0,0,Database Developer,Cybersecurity & Cloud
PS2_1382,PS2_Benchmark,1.0,2.0,2.4,2.2,0,0,1,Database Developer,Cybersecurity & Cloud
PS2_1383,PS2_Benchmark,3.0,8.0,0.0,1.1,0,1,0,Database Developer,Cybersecurity & Cloud
PS2_1384,PS2_Benchmark,6.0,5.0,6.0,6.6000000000000005,0,0,0,Database Developer,Cybersecurity & Cloud
PS2_1385,PS2_Benchmark,2.0,2.0,3.5999999999999996,6.6000000000000005,0,1,1,Database Developer,Cybersecurity & Cloud
PS2_1386,PS2_Benchmark,4.0,4.0,5.6,3.3000000000000003,0,0,0,Database Developer,Cybersecurity & Cloud
PS2_1387,PS2_Benchmark,4.0,1.0,6.0,2.2,0,0,1,Database Developer,Cybersecurity & Cloud
PS2_1388,PS2_Benchmark,5.0,8.0,6.8,1.1,0,0,0,Database Developer,Cybersecurity & Cloud
PS2_1389,PS2_Benchmark,6.0,6.0,2.4,7.700000000000001,0,0,1,Database Developer,Cybersecurity & Cloud
PS2_1390,PS2_Benchmark,3.0,3.0,6.8,2.2,0,0,0,Database Developer,Cybersecurity & Cloud
PS2_1391,PS2_Benchmark,2.0,3.0,2.4,5.5,0,1,0,Database Developer,Cybersecurity & Cloud
PS2_1392,PS2_Benchmark,8.0,7.0,6.0,8.8,0,0,0,Database Developer,Cybersecurity & Cloud
PS2_1393,PS2_Benchmark,2.0,7.0,6.0,6.6000000000000005,1,0,0,Database Developer,Cybersecurity & Cloud
PS2_1394,PS2_Benchmark,3.0,4.0,1.2,9.9,0,1,0,Database Developer,Cybersecurity & Cloud
PS2_1395,PS2_Benchmark,4.0,7.0,5.6,1.1,0,1,0,Database Developer,Cybersecurity & Cloud
PS2_1396,PS2_Benchmark,6.0,5.0,1.2,9.9,0,1,0,Database Developer,Cybersecurity & Cloud
PS2_1397,PS2_Benchmark,7.0,1.0,3.2,4.4,1,1,0,Database Developer,Cybersecurity & Cloud
PS2_1398,PS2_Benchmark,3.0,1.0,3.5999999999999996,3.3000000000000003,1,1,1,Database Developer,Cybersecurity & Cloud
PS2_1399,PS2_Benchmark,2.0,1.0,4.8,2.2,0,0,0,Database Developer,Cybersecurity & Cloud
PS2_1400,PS2_Benchmark,3.0,3.0,6.0,6.6000000000000005,0,0,0,Database Developer,Cybersecurity & Cloud
PS2_1401,PS2_Benchmark,3.0,6.0,1.2,6.6000000000000005,1,1,1,Database Developer,Cybersecurity & Cloud
PS2_1402,PS2_Benchmark,5.0,9.0,6.8,5.5,1,0,0,Database Developer,Cybersecurity & Cloud
PS2_1403,PS2_Benchmark,2.0,9.0,4.8,7.700000000000001,0,1,1,Database Developer,Cybersecurity & Cloud
PS2_1404,PS2_Benchmark,9.0,6.0,7.199999999999999,5.5,1,0,1,Database Developer,Cybersecurity & Cloud
PS2_1405,PS2_Benchmark,7.0,7.0,3.2,9.9,0,0,0,Database Developer,Cybersecurity & Cloud
PS2_1406,PS2_Benchmark,6.0,4.0,6.0,6.6000000000000005,0,1,1,Database Developer,Cybersecurity & Cloud
PS2_1407,PS2_Benchmark,4.0,6.0,3.2,2.2,0,0,0,Database Developer,Cybersecurity & Cloud
PS2_1408,PS2_Benchmark,3.0,2.0,3.2,1.1,1,0,1,Database Developer,Cybersecurity & Cloud
PS2_1409,PS2_Benchmark,4.0,8.0,8.0,6.6000000000000005,1,0,0,Database Developer,Cybersecurity & Cloud
PS2_1410,PS2_Benchmark,9.0,9.0,6.0,3.3000000000000003,1,1,1,Database Developer,Cybersecurity & Cloud
PS2_1411,PS2_Benchmark,4.0,9.0,4.8,8.8,0,1,0,Database Developer,Cybersecurity & Cloud
PS2_1412,PS2_Benchmark,5.0,7.0,4.4,3.3000000000000003,1,0,1,Database Developer,Cybersecurity & Cloud
PS2_1413,PS2_Benchmark,3.0,4.0,4.4,7.700000000000001,0,0,0,Database Developer,Cybersecurity & Cloud
PS2_1414,PS2_Benchmark,6.0,3.0,1.2,1.1,0,0,1,Database Developer,Cybersecurity & Cloud
PS2_1415,PS2_Benchmark,2.0,6.0,6.8,9.9,1,0,0,Database Developer,Cybersecurity & Cloud
PS2_1416,PS2_Benchmark,9.0,7.0,6.8,7.700000000000001,1,0,1,Database Developer,Cybersecurity & Cloud
PS2_1417,PS2_Benchmark,8.0,8.0,0.0,4.4,0,1,0,Database Developer,Cybersecurity & Cloud
PS2_1418,PS2_Benchmark,3.0,3.0,3.5999999999999996,9.9,1,1,0,Database Developer,Cybersecurity & Cloud
PS2_1419,PS2_Benchmark,3.0,9.0,1.2,4.4,1,0,1,Database Developer,Cybersecurity & Cloud
PS2_1420,PS2_Benchmark,9.0,2.0,3.5999999999999996,2.2,1,0,1,Database Developer,Cybersecurity & Cloud
PS2_1421,PS2_Benchmark,6.0,7.0,2.0,7.700000000000001,0,0,1,Database Developer,Cybersecurity & Cloud
PS2_1422,PS2_Benchmark,6.0,2.0,6.0,8.8,1,1,0,Database Developer,Cybersecurity & Cloud
PS2_1423,PS2_Benchmark,2.0,9.0,0.0,1.1,1,1,1,Database Developer,Cybersecurity & Cloud
PS2_1424,PS2_Benchmark,4.0,8.0,2.4,5.5,1,1,0,Database Developer,Cybersecurity & Cloud
PS2_1425,PS2_Benchmark,9.0,3.0,0.0,6.6000000000000005,1,1,1,Database Developer,Cybersecurity & Cloud
PS2_1426,PS2_Benchmark,5.0,7.0,7.199999999999999,1.1,0,0,0,Database Developer,Cybersecurity & Cloud
PS2_1427,PS2_Benchmark,5.0,2.0,9.2,6.6000000000000005,1,0,1,Database Developer,Cybersecurity & Cloud
PS2_1428,PS2_Benchmark,2.0,6.0,1.2,7.700000000000001,0,0,1,Database Developer,Cybersecurity & Cloud
PS2_1429,PS2_Benchmark,9.0,4.0,6.0,8.8,0,0,1,Database Developer,Cybersecurity & Cloud
PS2_1430,PS2_Benchmark,9.0,5.0,2.0,3.3000000000000003,1,0,0,Database Developer,Cybersecurity & Cloud
PS2_1431,PS2_Benchmark,8.0,2.0,9.2,7.700000000000001,1,0,1,Database Developer,Cybersecurity & Cloud
PS2_1432,PS2_Benchmark,5.0,4.0,8.0,8.8,1,0,1,Database Developer,Cybersecurity & Cloud
PS2_1433,PS2_Benchmark,5.0,7.0,7.199999999999999,9.9,1,1,1,Database Developer,Cybersecurity & Cloud
PS2_1434,PS2_Benchmark,4.0,2.0,6.8,5.5,0,1,1,Database Developer,Cybersecurity & Cloud
PS2_1435,PS2_Benchmark,5.0,3.0,6.8,9.9,1,0,1,Database Developer,Cybersecurity & Cloud
PS2_1436,PS2_Benchmark,8.0,7.0,2.4,2.2,0,0,0,Database Developer,Cybersecurity & Cloud
PS2_1437,PS2_Benchmark,2.0,8.0,8.0,5.5,1,0,0,Database Developer,Cybersecurity & Cloud
PS2_1438,PS2_Benchmark,5.0,6.0,1.2,1.1,1,0,1,Database Developer,Cybersecurity & Cloud
PS2_1439,PS2_Benchmark,7.0,1.0,3.5999999999999996,9.9,0,0,1,Database Developer,Cybersecurity & Cloud
PS2_1440,PS2_Benchmark,5.0,2.0,9.2,7.700000000000001,1,0,1,Database Developer,Cybersecurity & Cloud
PS2_1441,PS2_Benchmark,1.0,1.0,6.0,7.700000000000001,0,0,1,Database Developer,Cybersecurity & Cloud
PS2_1442,PS2_Benchmark,3.0,1.0,2.0,6.6000000000000005,0,0,1,Database Developer,Cybersecurity & Cloud
PS2_1443,PS2_Benchmark,2.0,6.0,4.8,2.2,1,1,1,Database Developer,Cybersecurity & Cloud
PS2_1444,PS2_Benchmark,4.0,5.0,8.0,6.6000000000000005,0,1,0,Database Developer,Cybersecurity & Cloud
PS2_1445,PS2_Benchmark,1.0,5.0,8.0,9.9,0,0,1,Database Developer,Cybersecurity & Cloud
PS2_1446,PS2_Benchmark,1.0,7.0,7.199999999999999,4.4,0,1,0,Database Developer,Cybersecurity & Cloud
PS2_1447,PS2_Benchmark,6.0,9.0,5.6,9.9,0,1,1,Database Developer,Cybersecurity & Cloud
PS2_1448,PS2_Benchmark,9.0,7.0,2.0,2.2,1,1,0,Database Developer,Cybersecurity & Cloud
PS2_1449,PS2_Benchmark,3.0,7.0,3.2,8.8,0,1,0,Database Developer,Cybersecurity & Cloud
PS2_1450,PS2_Benchmark,1.0,7.0,2.4,8.8,0,1,0,Database Developer,Cybersecurity & Cloud
PS2_1451,PS2_Benchmark,1.0,3.0,3.5999999999999996,7.700000000000001,0,1,0,Database Developer,Cybersecurity & Cloud
PS2_1452,PS2_Benchmark,7.0,6.0,8.0,1.1,0,0,1,Database Developer,Cybersecurity & Cloud
PS2_1453,PS2_Benchmark,9.0,8.0,2.0,9.9,1,1,1,Database Developer,Cybersecurity & Cloud
PS2_1454,PS2_Benchmark,5.0,9.0,2.0,8.8,1,1,1,Database Developer,Cybersecurity & Cloud
PS2_1455,PS2_Benchmark,1.0,1.0,7.199999999999999,6.6000000000000005,1,0,0,Database Developer,Cybersecurity & Cloud
PS2_1456,PS2_Benchmark,8.0,8.0,8.0,1.1,1,1,1,Database Developer,Cybersecurity & Cloud
PS2_1457,PS2_Benchmark,6.0,7.0,4.8,5.5,0,0,0,Database Developer,Cybersecurity & Cloud
PS2_1458,PS2_Benchmark,2.0,9.0,4.4,1.1,0,1,1,Database Developer,Cybersecurity & Cloud
PS2_1459,PS2_Benchmark,2.0,7.0,3.5999999999999996,3.3000000000000003,0,1,0,Database Developer,Cybersecurity & Cloud
PS2_1460,PS2_Benchmark,5.0,8.0,3.5999999999999996,3.3000000000000003,0,1,0,Database Developer,Cybersecurity & Cloud
PS2_1461,PS2_Benchmark,5.0,3.0,5.6,7.700000000000001,1,1,1,Database Developer,Cybersecurity & Cloud
PS2_1462,PS2_Benchmark,6.0,8.0,6.0,7.700000000000001,0,0,0,Database Developer,Cybersecurity & Cloud
PS2_1463,PS2_Benchmark,6.0,2.0,1.2,3.3000000000000003,1,1,1,Database Developer,Cybersecurity & Cloud
PS2_1464,PS2_Benchmark,8.0,9.0,7.199999999999999,2.2,1,1,0,Database Developer,Cybersecurity & Cloud
PS2_1465,PS2_Benchmark,8.0,7.0,3.2,1.1,1,0,0,Database Developer,Cybersecurity & Cloud
PS2_1466,PS2_Benchmark,1.0,7.0,5.6,7.700000000000001,1,0,0,Database Developer,Cybersecurity & Cloud
PS2_1467,PS2_Benchmark,4.0,9.0,3.2,5.5,1,0,0,Database Developer,Cybersecurity & Cloud
PS2_1468,PS2_Benchmark,5.0,8.0,3.5999999999999996,2.2,1,1,0,Database Developer,Cybersecurity & Cloud
PS2_1469,PS2_Benchmark,6.0,2.0,0.0,8.8,1,0,1,Database Developer,Cybersecurity & Cloud
PS2_1470,PS2_Benchmark,9.0,4.0,0.0,3.3000000000000003,0,0,1,Database Developer,Cybersecurity & Cloud
PS2_1471,PS2_Benchmark,9.0,2.0,4.4,2.2,0,0,1,Database Developer,Cybersecurity & Cloud
PS2_1472,PS2_Benchmark,4.0,1.0,7.199999999999999,5.5,0,1,1,Database Developer,Cybersecurity & Cloud
PS2_1473,PS2_Benchmark,4.0,3.0,6.0,6.6000000000000005,0,1,0,Database Developer,Cybersecurity & Cloud
PS2_1474,PS2_Benchmark,6.0,7.0,1.2,8.8,1,0,0,Database Developer,Cybersecurity & Cloud
PS2_1475,PS2_Benchmark,3.0,5.0,3.2,7.700000000000001,1,0,1,Database Developer,Cybersecurity & Cloud
PS2_1476,PS2_Benchmark,3.0,7.0,5.6,2.2,1,1,1,Database Developer,Cybersecurity & Cloud
PS2_1477,PS2_Benchmark,4.0,2.0,1.2,9.9,0,0,1,Database Developer,Cybersecurity & Cloud
PS2_1478,PS2_Benchmark,8.0,4.0,4.8,7.700000000000001,1,1,0,Database Developer,Cybersecurity & Cloud
PS2_1479,PS2_Benchmark,5.0,2.0,3.2,6.6000000000000005,0,1,0,Database Developer,Cybersecurity & Cloud
PS2_1480,PS2_Benchmark,4.0,3.0,9.2,3.3000000000000003,1,1,0,Database Developer,Cybersecurity & Cloud
PS2_1481,PS2_Benchmark,5.0,8.0,1.2,9.9,0,0,0,Database Developer,Cybersecurity & Cloud
PS2_1482,PS2_Benchmark,9.0,4.0,5.6,5.5,1,1,1,Database Developer,Cybersecurity & Cloud
PS2_1483,PS2_Benchmark,3.0,6.0,3.2,2.2,1,1,1,Database Developer,Cybersecurity & Cloud
PS2_1484,PS2_Benchmark,3.0,2.0,6.8,3.3000000000000003,0,0,1,Database Developer,Cybersecurity & Cloud
PS2_1485,PS2_Benchmark,5.0,4.0,6.0,3.3000000000000003,1,0,0,Database Developer,Cybersecurity & Cloud
PS2_1486,PS2_Benchmark,7.0,1.0,6.0,6.6000000000000005,1,1,0,Database Developer,Cybersecurity & Cloud
PS2_1487,PS2_Benchmark,3.0,5.0,4.4,3.3000000000000003,1,0,1,Database Developer,Cybersecurity & Cloud
PS2_1488,PS2_Benchmark,9.0,2.0,4.4,2.2,1,0,1,Database Developer,Cybersecurity & Cloud
PS2_1489,PS2_Benchmark,4.0,5.0,6.8,8.8,0,0,0,Database Developer,Cybersecurity & Cloud
PS2_1490,PS2_Benchmark,7.0,9.0,0.0,9.9,0,0,0,Database Developer,Cybersecurity & Cloud
PS2_1491,PS2_Benchmark,9.0,6.0,2.4,4.4,1,1,0,Database Developer,Cybersecurity & Cloud
PS2_1492,PS2_Benchmark,4.0,7.0,2.0,5.5,0,0,0,Database Developer,Cybersecurity & Cloud
PS2_1493,PS2_Benchmark,5.0,5.0,2.0,4.4,0,1,0,Database Developer,Cybersecurity & Cloud
PS2_1494,PS2_Benchmark,2.0,7.0,4.4,1.1,1,1,1,Database Developer,Cybersecurity & Cloud
PS2_1495,PS2_Benchmark,2.0,4.0,4.8,4.4,1,1,0,Database Developer,Cybersecurity & Cloud
PS2_1496,PS2_Benchmark,1.0,3.0,3.5999999999999996,5.5,0,1,0,Database Developer,Cybersecurity & Cloud
PS2_1497,PS2_Benchmark,8.0,4.0,1.2,1.1,1,0,1,Database Developer,Cybersecurity & Cloud
PS2_1498,PS2_Benchmark,3.0,8.0,9.2,4.4,0,0,1,Database Developer,Cybersecurity & Cloud
PS2_1499,PS2_Benchmark,2.0,7.0,5.6,2.2,1,0,0,Database Developer,Cybersecurity & Cloud
PS2_1500,PS2_Benchmark,3.0,9.0,9.2,5.5,0,1,0,Database Developer,Cybersecurity & Cloud
PS2_1501,PS2_Benchmark,2.0,5.0,3.2,3.3000000000000003,0,0,1,Database Developer,Cybersecurity & Cloud
PS2_1502,PS2_Benchmark,9.0,1.0,2.4,1.1,0,1,0,Database Developer,Cybersecurity & Cloud
PS2_1503,PS2_Benchmark,5.0,2.0,2.4,6.6000000000000005,0,1,0,Database Developer,Cybersecurity & Cloud
PS2_1504,PS2_Benchmark,4.0,8.0,9.2,5.5,0,0,1,Database Developer,Cybersecurity & Cloud
PS2_1505,PS2_Benchmark,2.0,5.0,6.8,5.5,0,1,1,Database Developer,Cybersecurity & Cloud
PS2_1506,PS2_Benchmark,2.0,6.0,6.0,5.5,1,1,1,Database Developer,Cybersecurity & Cloud
PS2_1507,PS2_Benchmark,2.0,6.0,7.199999999999999,1.1,1,0,1,Database Developer,Cybersecurity & Cloud
PS2_1508,PS2_Benchmark,9.0,8.0,2.4,1.1,1,0,0,Database Developer,Cybersecurity & Cloud
PS2_1509,PS2_Benchmark,7.0,6.0,1.2,9.9,0,0,0,Database Developer,Cybersecurity & Cloud
PS2_1510,PS2_Benchmark,3.0,5.0,8.0,5.5,0,0,1,Database Developer,Cybersecurity & Cloud
PS2_1511,PS2_Benchmark,4.0,3.0,3.2,2.2,1,1,1,Database Developer,Cybersecurity & Cloud
PS2_1512,PS2_Benchmark,7.0,3.0,3.5999999999999996,1.1,0,0,1,Database Developer,Cybersecurity & Cloud
PS2_1513,PS2_Benchmark,2.0,7.0,8.0,7.700000000000001,0,1,1,Database Developer,Cybersecurity & Cloud
PS2_1514,PS2_Benchmark,3.0,1.0,7.199999999999999,1.1,1,1,0,Database Developer,Cybersecurity & Cloud
PS2_1515,PS2_Benchmark,9.0,3.0,4.4,4.4,0,0,0,Database Developer,Cybersecurity & Cloud
PS2_1516,PS2_Benchmark,7.0,6.0,6.8,7.700000000000001,1,0,0,Database Developer,Cybersecurity & Cloud
PS2_1517,PS2_Benchmark,7.0,1.0,8.0,2.2,0,1,1,Database Developer,Cybersecurity & Cloud
PS2_1518,PS2_Benchmark,7.0,4.0,3.5999999999999996,6.6000000000000005,0,0,1,Database Developer,Cybersecurity & Cloud
PS2_1519,PS2_Benchmark,9.0,8.0,9.2,2.2,0,0,0,Database Developer,Cybersecurity & Cloud
PS2_1520,PS2_Benchmark,1.0,6.0,1.2,3.3000000000000003,0,1,1,Database Developer,Cybersecurity & Cloud
PS2_1521,PS2_Benchmark,3.0,1.0,4.8,8.8,0,0,0,Database Developer,Cybersecurity & Cloud
PS2_1522,PS2_Benchmark,4.0,3.0,6.0,4.4,0,0,1,Database Developer,Cybersecurity & Cloud
PS2_1523,PS2_Benchmark,3.0,6.0,4.8,9.9,1,0,0,Database Developer,Cybersecurity & Cloud
PS2_1524,PS2_Benchmark,9.0,9.0,8.0,8.8,1,0,0,Database Developer,Cybersecurity & Cloud
PS2_1525,PS2_Benchmark,3.0,4.0,3.5999999999999996,2.2,0,0,1,Database Developer,Cybersecurity & Cloud
PS2_1526,PS2_Benchmark,2.0,1.0,4.8,5.5,1,0,0,Database Developer,Cybersecurity & Cloud
PS2_1527,PS2_Benchmark,7.0,5.0,6.0,6.6000000000000005,1,1,1,Database Developer,Cybersecurity & Cloud
PS2_1528,PS2_Benchmark,3.0,5.0,5.6,4.4,1,0,0,Database Developer,Cybersecurity & Cloud
PS2_1529,PS2_Benchmark,2.0,6.0,0.0,1.1,0,0,1,Database Developer,Cybersecurity & Cloud
PS2_1530,PS2_Benchmark,9.0,4.0,7.199999999999999,9.9,0,0,1,Database Developer,Cybersecurity & Cloud
PS2_1531,PS2_Benchmark,8.0,7.0,2.0,2.2,1,1,0,Database Developer,Cybersecurity & Cloud
PS2_1532,PS2_Benchmark,6.0,3.0,7.199999999999999,9.9,1,0,0,Database Developer,Cybersecurity & Cloud
PS2_1533,PS2_Benchmark,1.0,6.0,2.0,8.8,0,1,1,Database Developer,Cybersecurity & Cloud
PS2_1534,PS2_Benchmark,7.0,9.0,3.2,6.6000000000000005,0,1,1,Database Developer,Cybersecurity & Cloud
PS2_1535,PS2_Benchmark,6.0,9.0,7.199999999999999,7.700000000000001,1,1,1,Database Developer,Cybersecurity & Cloud
PS2_1536,PS2_Benchmark,8.0,7.0,7.199999999999999,9.9,0,1,0,Database Developer,Cybersecurity & Cloud
PS2_1537,PS2_Benchmark,1.0,6.0,3.2,2.2,0,0,0,Database Developer,Cybersecurity & Cloud
PS2_1538,PS2_Benchmark,6.0,6.0,2.0,3.3000000000000003,1,0,0,Database Developer,Cybersecurity & Cloud
PS2_1539,PS2_Benchmark,1.0,1.0,2.4,2.2,0,1,0,Database Developer,Cybersecurity & Cloud
PS2_1540,PS2_Benchmark,1.0,3.0,4.8,2.2,1,1,0,Database Developer,Cybersecurity & Cloud
PS2_1541,PS2_Benchmark,8.0,5.0,2.4,2.2,0,0,1,Database Developer,Cybersecurity & Cloud
PS2_1542,PS2_Benchmark,6.0,8.0,4.8,4.4,1,1,0,Database Developer,Cybersecurity & Cloud
PS2_1543,PS2_Benchmark,3.0,9.0,5.6,7.700000000000001,0,0,1,Database Developer,Cybersecurity & Cloud
PS2_1544,PS2_Benchmark,8.0,2.0,7.199999999999999,1.1,0,1,0,Database Developer,Cybersecurity & Cloud
PS2_1545,PS2_Benchmark,5.0,8.0,0.0,8.8,1,0,1,Database Developer,Cybersecurity & Cloud
PS2_1546,PS2_Benchmark,2.0,2.0,6.0,1.1,0,0,0,Database Developer,Cybersecurity & Cloud
PS2_1547,PS2_Benchmark,9.0,7.0,1.2,9.9,0,1,0,Database Developer,Cybersecurity & Cloud
PS2_1548,PS2_Benchmark,6.0,7.0,0.0,4.4,1,1,1,Database Developer,Cybersecurity & Cloud
PS2_1549,PS2_Benchmark,5.0,3.0,7.199999999999999,3.3000000000000003,1,1,1,Database Developer,Cybersecurity & Cloud
PS2_1550,PS2_Benchmark,7.0,1.0,4.8,7.700000000000001,0,1,1,Database Developer,Cybersecurity & Cloud
PS2_1551,PS2_Benchmark,4.0,5.0,7.199999999999999,4.4,1,0,0,Database Developer,Cybersecurity & Cloud
PS2_1552,PS2_Benchmark,9.0,6.0,6.8,5.5,0,1,0,Database Developer,Cybersecurity & Cloud
PS2_1553,PS2_Benchmark,1.0,3.0,4.8,5.5,0,1,1,Database Developer,Cybersecurity & Cloud
PS2_1554,PS2_Benchmark,6.0,2.0,3.2,5.5,1,0,1,Database Developer,Cybersecurity & Cloud
PS2_1555,PS2_Benchmark,8.0,2.0,4.8,7.700000000000001,0,1,0,Database Developer,Cybersecurity & Cloud
PS2_1556,PS2_Benchmark,3.0,6.0,9.2,3.3000000000000003,1,1,0,Database Developer,Cybersecurity & Cloud
PS2_1557,PS2_Benchmark,7.0,8.0,7.199999999999999,2.2,1,1,0,Database Developer,Cybersecurity & Cloud
PS2_1558,PS2_Benchmark,1.0,5.0,6.0,6.6000000000000005,0,0,1,Database Developer,Cybersecurity & Cloud
PS2_1559,PS2_Benchmark,5.0,5.0,4.8,7.700000000000001,0,0,1,Database Developer,Cybersecurity & Cloud
PS2_1560,PS2_Benchmark,6.0,4.0,1.2,8.8,1,0,0,Database Developer,Cybersecurity & Cloud
PS2_1561,PS2_Benchmark,3.0,2.0,6.0,7.700000000000001,1,0,1,Database Developer,Cybersecurity & Cloud
PS2_1562,PS2_Benchmark,5.0,8.0,8.0,5.5,0,0,1,Database Developer,Cybersecurity & Cloud
PS2_1563,PS2_Benchmark,9.0,8.0,2.4,2.2,1,0,1,Database Developer,Cybersecurity & Cloud
PS2_1564,PS2_Benchmark,8.0,8.0,4.8,1.1,0,1,0,Database Developer,Cybersecurity & Cloud
PS2_1565,PS2_Benchmark,7.0,6.0,1.2,5.5,0,1,1,Database Developer,Cybersecurity & Cloud
PS2_1566,PS2_Benchmark,5.0,8.0,2.0,8.8,0,0,0,Database Developer,Cybersecurity & Cloud
PS2_1567,PS2_Benchmark,7.0,2.0,8.0,6.6000000000000005,0,0,0,Database Developer,Cybersecurity & Cloud
PS2_1568,PS2_Benchmark,5.0,5.0,6.8,5.5,1,1,0,Database Developer,Cybersecurity & Cloud
PS2_1569,PS2_Benchmark,5.0,7.0,9.2,3.3000000000000003,1,1,0,Database Developer,Cybersecurity & Cloud
PS2_1570,PS2_Benchmark,3.0,9.0,1.2,1.1,0,0,1,Database Developer,Cybersecurity & Cloud
PS2_1571,PS2_Benchmark,5.0,4.0,5.6,4.4,0,1,0,Database Developer,Cybersecurity & Cloud
PS2_1572,PS2_Benchmark,3.0,9.0,5.6,3.3000000000000003,0,1,0,Database Developer,Cybersecurity & Cloud
PS2_1573,PS2_Benchmark,5.0,1.0,2.4,6.6000000000000005,1,0,0,Database Developer,Cybersecurity & Cloud
PS2_1574,PS2_Benchmark,5.0,1.0,9.2,4.4,0,1,1,Database Developer,Cybersecurity & Cloud
PS2_1575,PS2_Benchmark,6.0,2.0,6.0,5.5,1,1,1,Database Developer,Cybersecurity & Cloud
PS2_1576,PS2_Benchmark,3.0,6.0,3.2,9.9,1,1,0,Database Developer,Cybersecurity & Cloud
PS2_1577,PS2_Benchmark,8.0,2.0,9.2,7.700000000000001,0,1,1,Database Developer,Cybersecurity & Cloud
PS2_1578,PS2_Benchmark,2.0,7.0,4.8,8.8,1,0,1,Database Developer,Cybersecurity & Cloud
PS2_1579,PS2_Benchmark,5.0,8.0,3.2,2.2,1,1,1,Database Developer,Cybersecurity & Cloud
PS2_1580,PS2_Benchmark,9.0,7.0,0.0,1.1,1,1,0,Database Developer,Cybersecurity & Cloud
PS2_1581,PS2_Benchmark,7.0,6.0,4.8,6.6000000000000005,1,0,1,Database Developer,Cybersecurity & Cloud
PS2_1582,PS2_Benchmark,6.0,8.0,6.8,7.700000000000001,1,1,0,Database Developer,Cybersecurity & Cloud
PS2_1583,PS2_Benchmark,1.0,1.0,5.6,9.9,0,0,0,Database Developer,Cybersecurity & Cloud
PS2_1584,PS2_Benchmark,8.0,1.0,6.8,9.9,0,0,0,Database Developer,Cybersecurity & Cloud
PS2_1585,PS2_Benchmark,6.0,6.0,2.4,9.9,0,0,1,Database Developer,Cybersecurity & Cloud
PS2_1586,PS2_Benchmark,4.0,8.0,6.0,7.700000000000001,0,0,1,Database Developer,Cybersecurity & Cloud
PS2_1587,PS2_Benchmark,2.0,8.0,6.0,8.8,0,0,0,Database Developer,Cybersecurity & Cloud
PS2_1588,PS2_Benchmark,4.0,3.0,1.2,9.9,1,0,0,Database Developer,Cybersecurity & Cloud
PS2_1589,PS2_Benchmark,2.0,8.0,1.2,1.1,1,1,0,Database Developer,Cybersecurity & Cloud
PS2_1590,PS2_Benchmark,5.0,5.0,8.0,1.1,1,0,1,Database Developer,Cybersecurity & Cloud
PS2_1591,PS2_Benchmark,6.0,3.0,3.2,7.700000000000001,1,0,0,Database Developer,Cybersecurity & Cloud
PS2_1592,PS2_Benchmark,6.0,3.0,0.0,7.700000000000001,0,1,0,Database Developer,Cybersecurity & Cloud
PS2_1593,PS2_Benchmark,1.0,6.0,4.4,6.6000000000000005,1,0,1,Database Developer,Cybersecurity & Cloud
PS2_1594,PS2_Benchmark,8.0,9.0,1.2,9.9,0,0,1,Database Developer,Cybersecurity & Cloud
PS2_1595,PS2_Benchmark,3.0,8.0,6.8,2.2,1,1,0,Database Developer,Cybersecurity & Cloud
PS2_1596,PS2_Benchmark,6.0,3.0,7.199999999999999,6.6000000000000005,1,1,1,Database Developer,Cybersecurity & Cloud
PS2_1597,PS2_Benchmark,2.0,3.0,2.0,8.8,1,1,1,Database Developer,Cybersecurity & Cloud
PS2_1598,PS2_Benchmark,1.0,6.0,0.0,7.700000000000001,0,0,0,Database Developer,Cybersecurity & Cloud
PS2_1599,PS2_Benchmark,5.0,1.0,3.2,5.5,0,0,1,Database Developer,Cybersecurity & Cloud
PS2_1600,PS2_Benchmark,6.0,5.0,1.2,5.5,1,0,1,Database Developer,Cybersecurity & Cloud
PS2_1601,PS2_Benchmark,7.0,4.0,4.8,5.5,0,0,1,Database Developer,Cybersecurity & Cloud
PS2_1602,PS2_Benchmark,5.0,4.0,8.0,6.6000000000000005,1,1,1,Database Developer,Cybersecurity & Cloud
PS2_1603,PS2_Benchmark,5.0,8.0,3.2,7.700000000000001,0,0,0,Database Developer,Cybersecurity & Cloud
PS2_1604,PS2_Benchmark,6.0,7.0,6.0,3.3000000000000003,1,0,0,Database Developer,Cybersecurity & Cloud
PS2_1605,PS2_Benchmark,5.0,9.0,4.8,2.2,0,1,0,Database Developer,Cybersecurity & Cloud
PS2_1606,PS2_Benchmark,6.0,1.0,7.199999999999999,3.3000000000000003,1,0,1,Database Developer,Cybersecurity & Cloud
PS2_1607,PS2_Benchmark,8.0,5.0,4.4,3.3000000000000003,0,1,0,Database Developer,Cybersecurity & Cloud
PS2_1608,PS2_Benchmark,2.0,3.0,4.4,4.4,0,1,1,Database Developer,Cybersecurity & Cloud
PS2_1609,PS2_Benchmark,2.0,8.0,6.0,9.9,0,1,0,Database Developer,Cybersecurity & Cloud
PS2_1610,PS2_Benchmark,3.0,5.0,3.5999999999999996,1.1,1,1,0,Database Developer,Cybersecurity & Cloud
PS2_1611,PS2_Benchmark,6.0,7.0,2.0,3.3000000000000003,1,0,0,Database Developer,Cybersecurity & Cloud
PS2_1612,PS2_Benchmark,7.0,4.0,4.8,1.1,1,0,0,Database Developer,Cybersecurity & Cloud
PS2_1613,PS2_Benchmark,6.0,6.0,5.6,2.2,1,0,1,Database Developer,Cybersecurity & Cloud
PS2_1614,PS2_Benchmark,6.0,6.0,6.8,8.8,0,0,1,Database Developer,Cybersecurity & Cloud
PS2_1615,PS2_Benchmark,2.0,7.0,9.2,4.4,1,1,0,Database Developer,Cybersecurity & Cloud
PS2_1616,PS2_Benchmark,6.0,8.0,8.0,4.4,0,1,0,Database Developer,Cybersecurity & Cloud
PS2_1617,PS2_Benchmark,2.0,6.0,5.6,4.4,1,1,0,Database Developer,Cybersecurity & Cloud
PS2_1618,PS2_Benchmark,7.0,4.0,6.0,7.700000000000001,0,1,1,Database Developer,Cybersecurity & Cloud
PS2_1619,PS2_Benchmark,2.0,2.0,1.2,8.8,0,1,1,Database Developer,Cybersecurity & Cloud
PS2_1620,PS2_Benchmark,6.0,5.0,1.2,7.700000000000001,0,0,0,Database Developer,Cybersecurity & Cloud
PS2_1621,PS2_Benchmark,9.0,7.0,4.4,1.1,0,1,1,Database Developer,Cybersecurity & Cloud
PS2_1622,PS2_Benchmark,7.0,3.0,3.2,6.6000000000000005,0,1,0,Database Developer,Cybersecurity & Cloud
PS2_1623,PS2_Benchmark,9.0,8.0,4.8,6.6000000000000005,1,0,1,Database Developer,Cybersecurity & Cloud
PS2_1624,PS2_Benchmark,6.0,7.0,5.6,9.9,1,0,1,Database Developer,Cybersecurity & Cloud
PS2_1625,PS2_Benchmark,9.0,9.0,6.8,3.3000000000000003,0,0,0,Database Developer,Cybersecurity & Cloud
PS2_1626,PS2_Benchmark,5.0,7.0,6.8,8.8,1,0,1,Database Developer,Cybersecurity & Cloud
PS2_1627,PS2_Benchmark,9.0,8.0,8.0,4.4,1,0,0,Database Developer,Cybersecurity & Cloud
PS2_1628,PS2_Benchmark,1.0,2.0,0.0,4.4,0,0,1,Database Developer,Cybersecurity & Cloud
PS2_1629,PS2_Benchmark,8.0,6.0,2.4,1.1,1,0,1,Database Developer,Cybersecurity & Cloud
PS2_1630,PS2_Benchmark,4.0,6.0,7.199999999999999,2.2,0,0,0,Database Developer,Cybersecurity & Cloud
PS2_1631,PS2_Benchmark,6.0,2.0,9.2,5.5,1,1,0,Database Developer,Cybersecurity & Cloud
PS2_1632,PS2_Benchmark,5.0,7.0,4.8,5.5,1,0,0,Database Developer,Cybersecurity & Cloud
PS2_1633,PS2_Benchmark,1.0,6.0,3.2,9.9,0,0,0,Database Developer,Cybersecurity & Cloud
PS2_1634,PS2_Benchmark,9.0,3.0,1.2,9.9,0,0,0,Database Developer,Cybersecurity & Cloud
PS2_1635,PS2_Benchmark,2.0,4.0,4.4,4.4,1,1,1,Database Developer,Cybersecurity & Cloud
PS2_1636,PS2_Benchmark,2.0,7.0,2.4,9.9,0,1,0,Database Developer,Cybersecurity & Cloud
PS2_1637,PS2_Benchmark,4.0,2.0,5.6,5.5,1,0,0,Database Developer,Cybersecurity & Cloud
PS2_1638,PS2_Benchmark,8.0,9.0,6.8,9.9,0,0,1,Database Developer,Cybersecurity & Cloud
PS2_1639,PS2_Benchmark,7.0,5.0,2.4,1.1,1,1,1,Database Developer,Cybersecurity & Cloud
PS2_1640,PS2_Benchmark,8.0,2.0,3.5999999999999996,9.9,0,0,1,Database Developer,Cybersecurity & Cloud
PS2_1641,PS2_Benchmark,5.0,3.0,3.2,1.1,0,0,1,Database Developer,Cybersecurity & Cloud
PS2_1642,PS2_Benchmark,5.0,6.0,4.4,6.6000000000000005,1,1,1,Database Developer,Cybersecurity & Cloud
PS2_1643,PS2_Benchmark,3.0,1.0,7.199999999999999,9.9,1,0,0,Database Developer,Cybersecurity & Cloud
PS2_1644,PS2_Benchmark,5.0,1.0,3.5999999999999996,9.9,1,0,0,Database Developer,Cybersecurity & Cloud
PS2_1645,PS2_Benchmark,1.0,6.0,0.0,3.3000000000000003,0,0,0,Database Developer,Cybersecurity & Cloud
PS2_1646,PS2_Benchmark,9.0,2.0,1.2,8.8,0,1,1,Database Developer,Cybersecurity & Cloud
PS2_1647,PS2_Benchmark,2.0,3.0,0.0,5.5,0,0,0,Database Developer,Cybersecurity & Cloud
PS2_1648,PS2_Benchmark,2.0,2.0,5.6,8.8,1,1,1,Database Developer,Cybersecurity & Cloud
PS2_1649,PS2_Benchmark,4.0,3.0,5.6,3.3000000000000003,1,1,1,Database Developer,Cybersecurity & Cloud
PS2_1650,PS2_Benchmark,8.0,2.0,4.8,4.4,1,1,0,Database Developer,Cybersecurity & Cloud
PS2_1651,PS2_Benchmark,9.0,4.0,4.4,4.4,1,0,0,Database Developer,Cybersecurity & Cloud
PS2_1652,PS2_Benchmark,1.0,8.0,8.0,2.2,1,0,0,Database Developer,Cybersecurity & Cloud
PS2_1653,PS2_Benchmark,7.0,3.0,9.2,3.3000000000000003,0,0,1,Database Developer,Cybersecurity & Cloud
PS2_1654,PS2_Benchmark,6.0,6.0,1.2,6.6000000000000005,0,1,1,Database Developer,Cybersecurity & Cloud
PS2_1655,PS2_Benchmark,8.0,4.0,3.2,3.3000000000000003,1,0,0,Database Developer,Cybersecurity & Cloud
PS2_1656,PS2_Benchmark,9.0,6.0,6.8,6.6000000000000005,0,0,0,Database Developer,Cybersecurity & Cloud
PS2_1657,PS2_Benchmark,2.0,4.0,7.199999999999999,8.8,1,0,0,Database Developer,Cybersecurity & Cloud
PS2_1658,PS2_Benchmark,9.0,3.0,3.5999999999999996,6.6000000000000005,1,0,1,Database Developer,Cybersecurity & Cloud
PS2_1659,PS2_Benchmark,7.0,5.0,9.2,3.3000000000000003,0,0,1,Database Developer,Cybersecurity & Cloud
PS2_1660,PS2_Benchmark,4.0,9.0,3.5999999999999996,9.9,0,0,0,Database Developer,Cybersecurity & Cloud
PS2_1661,PS2_Benchmark,2.0,7.0,5.6,1.1,1,0,0,Database Developer,Cybersecurity & Cloud
PS2_1662,PS2_Benchmark,8.0,9.0,8.0,3.3000000000000003,0,0,0,Database Developer,Cybersecurity & Cloud
PS2_1663,PS2_Benchmark,6.0,8.0,7.199999999999999,6.6000000000000005,0,1,0,Database Developer,Cybersecurity & Cloud
PS2_1664,PS2_Benchmark,4.0,1.0,1.2,5.5,1,1,1,Database Developer,Cybersecurity & Cloud
PS2_1665,PS2_Benchmark,8.0,7.0,2.0,5.5,1,1,1,Database Developer,Cybersecurity & Cloud
PS2_1666,PS2_Benchmark,6.0,4.0,5.6,3.3000000000000003,0,0,0,Database Developer,Cybersecurity & Cloud
PS2_1667,PS2_Benchmark,1.0,2.0,4.4,2.2,0,1,0,Database Developer,Cybersecurity & Cloud
PS2_1668,PS2_Benchmark,4.0,8.0,3.5999999999999996,9.9,0,0,0,Database Developer,Cybersecurity & Cloud
PS2_1669,PS2_Benchmark,7.0,2.0,5.6,3.3000000000000003,1,1,1,Database Developer,Cybersecurity & Cloud
PS2_1670,PS2_Benchmark,5.0,8.0,0.0,8.8,1,1,0,Database Developer,Cybersecurity & Cloud
PS2_1671,PS2_Benchmark,6.0,6.0,2.0,4.4,1,1,1,Database Developer,Cybersecurity & Cloud
PS2_1672,PS2_Benchmark,9.0,2.0,2.4,8.8,1,1,0,Database Developer,Cybersecurity & Cloud
PS2_1673,PS2_Benchmark,4.0,5.0,8.0,6.6000000000000005,0,1,0,Database Developer,Cybersecurity & Cloud
PS2_1674,PS2_Benchmark,3.0,8.0,7.199999999999999,9.9,0,0,1,Database Developer,Cybersecurity & Cloud
PS2_1675,PS2_Benchmark,9.0,9.0,2.0,1.1,1,0,1,Database Developer,Cybersecurity & Cloud
PS2_1676,PS2_Benchmark,3.0,7.0,1.2,2.2,0,0,0,Database Developer,Cybersecurity & Cloud
PS2_1677,PS2_Benchmark,9.0,3.0,0.0,7.700000000000001,1,1,0,Database Developer,Cybersecurity & Cloud
PS2_1678,PS2_Benchmark,9.0,4.0,2.4,9.9,0,1,0,Database Developer,Cybersecurity & Cloud
PS2_1679,PS2_Benchmark,5.0,7.0,9.2,7.700000000000001,0,1,0,Database Developer,Cybersecurity & Cloud
PS2_1680,PS2_Benchmark,2.0,9.0,2.4,6.6000000000000005,1,1,1,Database Developer,Cybersecurity & Cloud
PS2_1681,PS2_Benchmark,3.0,2.0,5.6,7.700000000000001,0,1,0,Database Developer,Cybersecurity & Cloud
PS2_1682,PS2_Benchmark,9.0,4.0,3.5999999999999996,5.5,1,0,1,Database Developer,Cybersecurity & Cloud
PS2_1683,PS2_Benchmark,4.0,5.0,8.0,5.5,0,1,0,Database Developer,Cybersecurity & Cloud
PS2_1684,PS2_Benchmark,8.0,5.0,9.2,2.2,1,1,1,Database Developer,Cybersecurity & Cloud
PS2_1685,PS2_Benchmark,2.0,6.0,3.5999999999999996,2.2,1,0,0,Database Developer,Cybersecurity & Cloud
PS2_1686,PS2_Benchmark,3.0,4.0,7.199999999999999,4.4,1,1,0,Database Developer,Cybersecurity & Cloud
PS2_1687,PS2_Benchmark,6.0,5.0,4.8,7.700000000000001,0,1,0,Database Developer,Cybersecurity & Cloud
PS2_1688,PS2_Benchmark,2.0,3.0,2.4,1.1,1,1,0,Database Developer,Cybersecurity & Cloud
PS2_1689,PS2_Benchmark,5.0,7.0,5.6,9.9,1,1,0,Database Developer,Cybersecurity & Cloud
PS2_1690,PS2_Benchmark,4.0,3.0,4.8,5.5,1,0,0,Database Developer,Cybersecurity & Cloud
PS2_1691,PS2_Benchmark,7.0,2.0,9.2,7.700000000000001,0,1,1,Database Developer,Cybersecurity & Cloud
PS2_1692,PS2_Benchmark,5.0,7.0,2.4,9.9,1,1,1,Database Developer,Cybersecurity & Cloud
PS2_1693,PS2_Benchmark,8.0,6.0,8.0,2.2,0,1,1,Database Developer,Cybersecurity & Cloud
PS2_1694,PS2_Benchmark,4.0,3.0,6.8,5.5,1,1,0,Database Developer,Cybersecurity & Cloud
PS2_1695,PS2_Benchmark,9.0,2.0,1.2,4.4,0,1,0,Database Developer,Cybersecurity & Cloud
PS2_1696,PS2_Benchmark,6.0,1.0,3.5999999999999996,1.1,1,1,1,Database Developer,Cybersecurity & Cloud
PS2_1697,PS2_Benchmark,5.0,5.0,0.0,8.8,1,0,0,Database Developer,Cybersecurity & Cloud
PS2_1698,PS2_Benchmark,4.0,4.0,2.4,4.4,0,1,1,Database Developer,Cybersecurity & Cloud
PS2_1699,PS2_Benchmark,6.0,1.0,0.0,6.6000000000000005,1,1,0,Database Developer,Cybersecurity & Cloud
PS2_1700,PS2_Benchmark,6.0,3.0,2.4,9.9,0,1,0,Mobile Applications Developer,Software & Web Development
PS2_1701,PS2_Benchmark,3.0,3.0,6.8,8.8,0,0,1,Mobile Applications Developer,Software & Web Development
PS2_1702,PS2_Benchmark,2.0,4.0,0.0,3.3000000000000003,0,1,1,Mobile Applications Developer,Software & Web Development
PS2_1703,PS2_Benchmark,3.0,8.0,4.8,2.2,0,1,0,Mobile Applications Developer,Software & Web Development
PS2_1704,PS2_Benchmark,1.0,2.0,7.199999999999999,8.8,1,1,1,Mobile Applications Developer,Software & Web Development
PS2_1705,PS2_Benchmark,9.0,8.0,8.0,6.6000000000000005,1,1,1,Mobile Applications Developer,Software & Web Development
PS2_1706,PS2_Benchmark,6.0,6.0,2.0,5.5,0,1,1,Mobile Applications Developer,Software & Web Development
PS2_1707,PS2_Benchmark,2.0,3.0,4.4,6.6000000000000005,0,1,0,Mobile Applications Developer,Software & Web Development
PS2_1708,PS2_Benchmark,1.0,7.0,5.6,2.2,0,0,1,Mobile Applications Developer,Software & Web Development
PS2_1709,PS2_Benchmark,4.0,3.0,0.0,5.5,1,0,0,Mobile Applications Developer,Software & Web Development
PS2_1710,PS2_Benchmark,2.0,4.0,5.6,3.3000000000000003,0,1,1,Mobile Applications Developer,Software & Web Development
PS2_1711,PS2_Benchmark,7.0,7.0,2.0,7.700000000000001,1,0,1,Mobile Applications Developer,Software & Web Development
PS2_1712,PS2_Benchmark,8.0,5.0,4.8,7.700000000000001,0,0,0,Mobile Applications Developer,Software & Web Development
PS2_1713,PS2_Benchmark,9.0,6.0,6.0,9.9,0,1,0,Mobile Applications Developer,Software & Web Development
PS2_1714,PS2_Benchmark,3.0,7.0,3.5999999999999996,8.8,0,0,0,Mobile Applications Developer,Software & Web Development
PS2_1715,PS2_Benchmark,8.0,6.0,1.2,2.2,1,1,0,Mobile Applications Developer,Software & Web Development
PS2_1716,PS2_Benchmark,8.0,7.0,4.8,1.1,1,1,0,Mobile Applications Developer,Software & Web Development
PS2_1717,PS2_Benchmark,6.0,7.0,4.8,8.8,1,1,1,Mobile Applications Developer,Software & Web Development
PS2_1718,PS2_Benchmark,5.0,3.0,2.0,3.3000000000000003,0,0,0,Mobile Applications Developer,Software & Web Development
PS2_1719,PS2_Benchmark,7.0,5.0,9.2,6.6000000000000005,1,1,0,Mobile Applications Developer,Software & Web Development
PS2_1720,PS2_Benchmark,1.0,6.0,7.199999999999999,7.700000000000001,1,1,0,Mobile Applications Developer,Software & Web Development
PS2_1721,PS2_Benchmark,8.0,5.0,7.199999999999999,1.1,0,0,1,Mobile Applications Developer,Software & Web Development
PS2_1722,PS2_Benchmark,6.0,3.0,3.5999999999999996,6.6000000000000005,0,1,0,Mobile Applications Developer,Software & Web Development
PS2_1723,PS2_Benchmark,4.0,3.0,8.0,3.3000000000000003,0,0,0,Mobile Applications Developer,Software & Web Development
PS2_1724,PS2_Benchmark,9.0,8.0,6.8,5.5,1,0,0,Mobile Applications Developer,Software & Web Development
PS2_1725,PS2_Benchmark,8.0,5.0,7.199999999999999,5.5,1,1,0,Mobile Applications Developer,Software & Web Development
PS2_1726,PS2_Benchmark,9.0,4.0,0.0,6.6000000000000005,1,1,0,Mobile Applications Developer,Software & Web Development
PS2_1727,PS2_Benchmark,7.0,9.0,6.8,8.8,0,1,1,Mobile Applications Developer,Software & Web Development
PS2_1728,PS2_Benchmark,8.0,5.0,6.8,6.6000000000000005,0,0,0,Mobile Applications Developer,Software & Web Development
PS2_1729,PS2_Benchmark,3.0,4.0,8.0,7.700000000000001,0,0,1,Mobile Applications Developer,Software & Web Development
PS2_1730,PS2_Benchmark,1.0,9.0,2.4,2.2,1,0,0,Mobile Applications Developer,Software & Web Development
PS2_1731,PS2_Benchmark,8.0,1.0,0.0,9.9,0,1,1,Mobile Applications Developer,Software & Web Development
PS2_1732,PS2_Benchmark,7.0,7.0,6.0,5.5,1,1,0,Mobile Applications Developer,Software & Web Development
PS2_1733,PS2_Benchmark,2.0,8.0,9.2,5.5,0,0,0,Mobile Applications Developer,Software & Web Development
PS2_1734,PS2_Benchmark,4.0,1.0,7.199999999999999,2.2,1,0,0,Mobile Applications Developer,Software & Web Development
PS2_1735,PS2_Benchmark,8.0,1.0,1.2,8.8,0,1,1,Mobile Applications Developer,Software & Web Development
PS2_1736,PS2_Benchmark,1.0,8.0,9.2,7.700000000000001,0,1,0,Mobile Applications Developer,Software & Web Development
PS2_1737,PS2_Benchmark,9.0,3.0,8.0,6.6000000000000005,0,0,1,Mobile Applications Developer,Software & Web Development
PS2_1738,PS2_Benchmark,9.0,3.0,1.2,6.6000000000000005,1,0,1,Mobile Applications Developer,Software & Web Development
PS2_1739,PS2_Benchmark,6.0,3.0,7.199999999999999,2.2,1,0,1,Mobile Applications Developer,Software & Web Development
PS2_1740,PS2_Benchmark,3.0,6.0,2.0,4.4,1,0,1,Mobile Applications Developer,Software & Web Development
PS2_1741,PS2_Benchmark,5.0,5.0,7.199999999999999,5.5,1,1,0,Mobile Applications Developer,Software & Web Development
PS2_1742,PS2_Benchmark,3.0,4.0,6.0,3.3000000000000003,0,0,1,Mobile Applications Developer,Software & Web Development
PS2_1743,PS2_Benchmark,8.0,6.0,8.0,3.3000000000000003,0,1,0,Mobile Applications Developer,Software & Web Development
PS2_1744,PS2_Benchmark,7.0,1.0,3.5999999999999996,9.9,1,0,1,Mobile Applications Developer,Software & Web Development
PS2_1745,PS2_Benchmark,6.0,6.0,2.4,3.3000000000000003,1,0,0,Mobile Applications Developer,Software & Web Development
PS2_1746,PS2_Benchmark,2.0,4.0,1.2,3.3000000000000003,0,1,0,Mobile Applications Developer,Software & Web Development
PS2_1747,PS2_Benchmark,8.0,3.0,2.4,8.8,0,0,0,Mobile Applications Developer,Software & Web Development
PS2_1748,PS2_Benchmark,4.0,4.0,3.2,2.2,0,1,1,Mobile Applications Developer,Software & Web Development
PS2_1749,PS2_Benchmark,2.0,1.0,6.0,7.700000000000001,1,1,0,Mobile Applications Developer,Software & Web Development
PS2_1750,PS2_Benchmark,6.0,2.0,3.2,7.700000000000001,1,1,1,Mobile Applications Developer,Software & Web Development
PS2_1751,PS2_Benchmark,5.0,6.0,6.8,4.4,0,0,0,Mobile Applications Developer,Software & Web Development
PS2_1752,PS2_Benchmark,3.0,4.0,3.2,7.700000000000001,1,1,1,Mobile Applications Developer,Software & Web Development
PS2_1753,PS2_Benchmark,9.0,8.0,6.0,2.2,1,0,0,Mobile Applications Developer,Software & Web Development
PS2_1754,PS2_Benchmark,1.0,4.0,6.0,6.6000000000000005,0,1,1,Mobile Applications Developer,Software & Web Development
PS2_1755,PS2_Benchmark,8.0,4.0,1.2,8.8,0,1,1,Mobile Applications Developer,Software & Web Development
PS2_1756,PS2_Benchmark,6.0,9.0,9.2,6.6000000000000005,0,1,1,Mobile Applications Developer,Software & Web Development
PS2_1757,PS2_Benchmark,2.0,5.0,4.8,5.5,1,0,1,Mobile Applications Developer,Software & Web Development
PS2_1758,PS2_Benchmark,2.0,2.0,7.199999999999999,2.2,0,1,0,Mobile Applications Developer,Software & Web Development
PS2_1759,PS2_Benchmark,9.0,3.0,3.5999999999999996,6.6000000000000005,1,0,0,Mobile Applications Developer,Software & Web Development
PS2_1760,PS2_Benchmark,8.0,6.0,7.199999999999999,3.3000000000000003,1,0,0,Mobile Applications Developer,Software & Web Development
PS2_1761,PS2_Benchmark,5.0,2.0,2.0,9.9,0,1,1,Mobile Applications Developer,Software & Web Development
PS2_1762,PS2_Benchmark,8.0,6.0,3.5999999999999996,1.1,0,0,1,Mobile Applications Developer,Software & Web Development
PS2_1763,PS2_Benchmark,6.0,5.0,8.0,6.6000000000000005,1,1,0,Mobile Applications Developer,Software & Web Development
PS2_1764,PS2_Benchmark,2.0,6.0,4.4,2.2,0,1,0,Mobile Applications Developer,Software & Web Development
PS2_1765,PS2_Benchmark,6.0,2.0,3.5999999999999996,7.700000000000001,1,1,0,Mobile Applications Developer,Software & Web Development
PS2_1766,PS2_Benchmark,7.0,9.0,7.199999999999999,6.6000000000000005,1,1,0,Mobile Applications Developer,Software & Web Development
PS2_1767,PS2_Benchmark,6.0,4.0,9.2,6.6000000000000005,1,0,1,Mobile Applications Developer,Software & Web Development
PS2_1768,PS2_Benchmark,5.0,2.0,0.0,5.5,0,0,0,Mobile Applications Developer,Software & Web Development
PS2_1769,PS2_Benchmark,7.0,7.0,1.2,9.9,1,1,0,Mobile Applications Developer,Software & Web Development
PS2_1770,PS2_Benchmark,6.0,2.0,4.8,4.4,1,1,1,Mobile Applications Developer,Software & Web Development
PS2_1771,PS2_Benchmark,9.0,3.0,6.0,2.2,0,1,1,Mobile Applications Developer,Software & Web Development
PS2_1772,PS2_Benchmark,9.0,5.0,2.0,7.700000000000001,0,1,0,Mobile Applications Developer,Software & Web Development
PS2_1773,PS2_Benchmark,8.0,1.0,5.6,5.5,0,0,0,Mobile Applications Developer,Software & Web Development
PS2_1774,PS2_Benchmark,9.0,4.0,5.6,9.9,1,0,0,Mobile Applications Developer,Software & Web Development
PS2_1775,PS2_Benchmark,1.0,3.0,0.0,6.6000000000000005,0,1,0,Mobile Applications Developer,Software & Web Development
PS2_1776,PS2_Benchmark,6.0,3.0,3.2,9.9,1,0,1,Mobile Applications Developer,Software & Web Development
PS2_1777,PS2_Benchmark,6.0,4.0,5.6,7.700000000000001,0,0,1,Mobile Applications Developer,Software & Web Development
PS2_1778,PS2_Benchmark,4.0,7.0,0.0,4.4,1,0,0,Mobile Applications Developer,Software & Web Development
PS2_1779,PS2_Benchmark,6.0,6.0,3.5999999999999996,1.1,1,0,1,Mobile Applications Developer,Software & Web Development
PS2_1780,PS2_Benchmark,6.0,6.0,4.4,3.3000000000000003,1,1,0,Mobile Applications Developer,Software & Web Development
PS2_1781,PS2_Benchmark,5.0,9.0,6.0,7.700000000000001,1,0,0,Mobile Applications Developer,Software & Web Development
PS2_1782,PS2_Benchmark,3.0,8.0,4.4,9.9,1,1,0,Mobile Applications Developer,Software & Web Development
PS2_1783,PS2_Benchmark,7.0,9.0,1.2,7.700000000000001,1,1,0,Mobile Applications Developer,Software & Web Development
PS2_1784,PS2_Benchmark,9.0,4.0,2.4,6.6000000000000005,0,1,1,Mobile Applications Developer,Software & Web Development
PS2_1785,PS2_Benchmark,9.0,1.0,0.0,3.3000000000000003,1,1,1,Mobile Applications Developer,Software & Web Development
PS2_1786,PS2_Benchmark,2.0,5.0,4.8,1.1,1,0,1,Mobile Applications Developer,Software & Web Development
PS2_1787,PS2_Benchmark,9.0,3.0,4.4,1.1,1,0,1,Mobile Applications Developer,Software & Web Development
PS2_1788,PS2_Benchmark,6.0,1.0,8.0,7.700000000000001,0,0,0,Mobile Applications Developer,Software & Web Development
PS2_1789,PS2_Benchmark,1.0,9.0,8.0,4.4,1,1,0,Mobile Applications Developer,Software & Web Development
PS2_1790,PS2_Benchmark,6.0,8.0,8.0,4.4,0,1,0,Mobile Applications Developer,Software & Web Development
PS2_1791,PS2_Benchmark,4.0,9.0,6.8,4.4,0,1,1,Mobile Applications Developer,Software & Web Development
PS2_1792,PS2_Benchmark,9.0,9.0,4.8,9.9,0,0,0,Mobile Applications Developer,Software & Web Development
PS2_1793,PS2_Benchmark,1.0,9.0,4.4,5.5,1,0,1,Mobile Applications Developer,Software & Web Development
PS2_1794,PS2_Benchmark,1.0,4.0,2.0,8.8,1,0,1,Mobile Applications Developer,Software & Web Development
PS2_1795,PS2_Benchmark,9.0,9.0,3.5999999999999996,1.1,0,1,0,Mobile Applications Developer,Software & Web Development
PS2_1796,PS2_Benchmark,9.0,1.0,3.5999999999999996,4.4,0,0,1,Mobile Applications Developer,Software & Web Development
PS2_1797,PS2_Benchmark,9.0,1.0,3.2,7.700000000000001,0,0,1,Mobile Applications Developer,Software & Web Development
PS2_1798,PS2_Benchmark,9.0,4.0,5.6,6.6000000000000005,0,1,0,Mobile Applications Developer,Software & Web Development
PS2_1799,PS2_Benchmark,1.0,1.0,6.0,6.6000000000000005,0,0,0,Mobile Applications Developer,Software & Web Development
PS2_1800,PS2_Benchmark,1.0,1.0,4.4,5.5,0,0,0,Mobile Applications Developer,Software & Web Development
PS2_1801,PS2_Benchmark,5.0,1.0,4.4,3.3000000000000003,1,0,0,Mobile Applications Developer,Software & Web Development
PS2_1802,PS2_Benchmark,4.0,3.0,9.2,4.4,1,1,0,Mobile Applications Developer,Software & Web Development
PS2_1803,PS2_Benchmark,2.0,1.0,6.8,1.1,0,1,0,Mobile Applications Developer,Software & Web Development
PS2_1804,PS2_Benchmark,6.0,1.0,8.0,4.4,1,1,0,Mobile Applications Developer,Software & Web Development
PS2_1805,PS2_Benchmark,9.0,3.0,8.0,4.4,0,0,1,Mobile Applications Developer,Software & Web Development
PS2_1806,PS2_Benchmark,4.0,1.0,8.0,3.3000000000000003,1,1,1,Mobile Applications Developer,Software & Web Development
PS2_1807,PS2_Benchmark,6.0,7.0,3.5999999999999996,7.700000000000001,0,1,0,Mobile Applications Developer,Software & Web Development
PS2_1808,PS2_Benchmark,8.0,1.0,7.199999999999999,1.1,0,0,0,Mobile Applications Developer,Software & Web Development
PS2_1809,PS2_Benchmark,8.0,8.0,8.0,1.1,0,0,1,Mobile Applications Developer,Software & Web Development
PS2_1810,PS2_Benchmark,7.0,7.0,3.2,9.9,1,1,0,Mobile Applications Developer,Software & Web Development
PS2_1811,PS2_Benchmark,8.0,1.0,8.0,8.8,1,0,1,Mobile Applications Developer,Software & Web Development
PS2_1812,PS2_Benchmark,6.0,2.0,9.2,8.8,0,1,0,Mobile Applications Developer,Software & Web Development
PS2_1813,PS2_Benchmark,8.0,6.0,5.6,7.700000000000001,0,1,0,Mobile Applications Developer,Software & Web Development
PS2_1814,PS2_Benchmark,4.0,4.0,3.5999999999999996,9.9,0,0,0,Mobile Applications Developer,Software & Web Development
PS2_1815,PS2_Benchmark,1.0,4.0,4.8,8.8,1,0,1,Mobile Applications Developer,Software & Web Development
PS2_1816,PS2_Benchmark,1.0,3.0,2.0,6.6000000000000005,1,1,0,Mobile Applications Developer,Software & Web Development
PS2_1817,PS2_Benchmark,9.0,3.0,5.6,3.3000000000000003,0,1,0,Mobile Applications Developer,Software & Web Development
PS2_1818,PS2_Benchmark,9.0,3.0,1.2,7.700000000000001,0,0,0,Mobile Applications Developer,Software & Web Development
PS2_1819,PS2_Benchmark,4.0,1.0,7.199999999999999,2.2,0,0,0,Mobile Applications Developer,Software & Web Development
PS2_1820,PS2_Benchmark,5.0,8.0,6.8,8.8,0,0,1,Mobile Applications Developer,Software & Web Development
PS2_1821,PS2_Benchmark,9.0,4.0,3.5999999999999996,2.2,1,1,1,Mobile Applications Developer,Software & Web Development
PS2_1822,PS2_Benchmark,6.0,5.0,3.5999999999999996,8.8,0,1,1,Mobile Applications Developer,Software & Web Development
PS2_1823,PS2_Benchmark,5.0,1.0,6.8,3.3000000000000003,0,1,1,Mobile Applications Developer,Software & Web Development
PS2_1824,PS2_Benchmark,8.0,4.0,4.4,4.4,0,1,0,Mobile Applications Developer,Software & Web Development
PS2_1825,PS2_Benchmark,9.0,3.0,2.0,5.5,1,1,0,Mobile Applications Developer,Software & Web Development
PS2_1826,PS2_Benchmark,9.0,7.0,1.2,3.3000000000000003,1,1,1,Mobile Applications Developer,Software & Web Development
PS2_1827,PS2_Benchmark,3.0,8.0,6.0,4.4,1,0,0,Mobile Applications Developer,Software & Web Development
PS2_1828,PS2_Benchmark,4.0,7.0,0.0,9.9,0,1,1,Mobile Applications Developer,Software & Web Development
PS2_1829,PS2_Benchmark,3.0,3.0,6.0,1.1,0,1,0,Mobile Applications Developer,Software & Web Development
PS2_1830,PS2_Benchmark,2.0,2.0,6.0,2.2,1,1,0,Mobile Applications Developer,Software & Web Development
PS2_1831,PS2_Benchmark,2.0,2.0,2.4,6.6000000000000005,0,0,1,Mobile Applications Developer,Software & Web Development
PS2_1832,PS2_Benchmark,7.0,7.0,8.0,4.4,1,1,0,Mobile Applications Developer,Software & Web Development
PS2_1833,PS2_Benchmark,8.0,3.0,4.8,6.6000000000000005,0,1,0,Mobile Applications Developer,Software & Web Development
PS2_1834,PS2_Benchmark,5.0,1.0,4.8,9.9,1,0,0,Mobile Applications Developer,Software & Web Development
PS2_1835,PS2_Benchmark,7.0,3.0,9.2,2.2,1,1,1,Mobile Applications Developer,Software & Web Development
PS2_1836,PS2_Benchmark,8.0,5.0,2.0,9.9,1,1,1,Mobile Applications Developer,Software & Web Development
PS2_1837,PS2_Benchmark,7.0,5.0,2.0,2.2,1,1,0,Mobile Applications Developer,Software & Web Development
PS2_1838,PS2_Benchmark,5.0,1.0,2.0,7.700000000000001,0,0,1,Mobile Applications Developer,Software & Web Development
PS2_1839,PS2_Benchmark,2.0,3.0,4.8,9.9,1,1,1,Mobile Applications Developer,Software & Web Development
PS2_1840,PS2_Benchmark,4.0,7.0,2.0,9.9,0,0,1,Mobile Applications Developer,Software & Web Development
PS2_1841,PS2_Benchmark,8.0,9.0,3.2,1.1,0,0,1,Mobile Applications Developer,Software & Web Development
PS2_1842,PS2_Benchmark,6.0,5.0,9.2,4.4,0,0,1,Mobile Applications Developer,Software & Web Development
PS2_1843,PS2_Benchmark,9.0,3.0,2.0,4.4,0,1,1,Mobile Applications Developer,Software & Web Development
PS2_1844,PS2_Benchmark,8.0,6.0,3.2,2.2,0,0,1,Mobile Applications Developer,Software & Web Development
PS2_1845,PS2_Benchmark,5.0,6.0,6.8,5.5,0,0,0,Mobile Applications Developer,Software & Web Development
PS2_1846,PS2_Benchmark,2.0,3.0,6.8,7.700000000000001,1,0,1,Mobile Applications Developer,Software & Web Development
PS2_1847,PS2_Benchmark,2.0,1.0,0.0,1.1,1,1,0,Mobile Applications Developer,Software & Web Development
PS2_1848,PS2_Benchmark,3.0,6.0,9.2,1.1,1,1,0,Mobile Applications Developer,Software & Web Development
PS2_1849,PS2_Benchmark,4.0,6.0,2.0,6.6000000000000005,0,1,0,Mobile Applications Developer,Software & Web Development
PS2_1850,PS2_Benchmark,3.0,8.0,5.6,4.4,1,1,1,Mobile Applications Developer,Software & Web Development
PS2_1851,PS2_Benchmark,6.0,3.0,3.5999999999999996,7.700000000000001,1,0,0,Mobile Applications Developer,Software & Web Development
PS2_1852,PS2_Benchmark,3.0,8.0,6.0,2.2,0,1,1,Mobile Applications Developer,Software & Web Development
PS2_1853,PS2_Benchmark,1.0,3.0,3.5999999999999996,4.4,1,1,1,Mobile Applications Developer,Software & Web Development
PS2_1854,PS2_Benchmark,9.0,1.0,3.2,4.4,1,0,0,Mobile Applications Developer,Software & Web Development
PS2_1855,PS2_Benchmark,7.0,9.0,8.0,8.8,1,1,1,Mobile Applications Developer,Software & Web Development
PS2_1856,PS2_Benchmark,9.0,2.0,6.0,2.2,0,0,0,Mobile Applications Developer,Software & Web Development
PS2_1857,PS2_Benchmark,8.0,8.0,6.0,3.3000000000000003,1,0,1,Mobile Applications Developer,Software & Web Development
PS2_1858,PS2_Benchmark,3.0,7.0,6.0,6.6000000000000005,0,1,0,Mobile Applications Developer,Software & Web Development
PS2_1859,PS2_Benchmark,5.0,1.0,2.4,5.5,0,0,0,Mobile Applications Developer,Software & Web Development
PS2_1860,PS2_Benchmark,6.0,5.0,5.6,8.8,0,1,0,Mobile Applications Developer,Software & Web Development
PS2_1861,PS2_Benchmark,8.0,8.0,3.5999999999999996,9.9,0,0,0,Mobile Applications Developer,Software & Web Development
PS2_1862,PS2_Benchmark,8.0,1.0,6.0,9.9,0,1,0,Mobile Applications Developer,Software & Web Development
PS2_1863,PS2_Benchmark,1.0,4.0,6.8,6.6000000000000005,1,1,0,Mobile Applications Developer,Software & Web Development
PS2_1864,PS2_Benchmark,3.0,7.0,3.5999999999999996,2.2,0,0,1,Mobile Applications Developer,Software & Web Development
PS2_1865,PS2_Benchmark,5.0,3.0,0.0,5.5,0,0,1,Mobile Applications Developer,Software & Web Development
PS2_1866,PS2_Benchmark,3.0,4.0,4.8,7.700000000000001,1,0,0,Mobile Applications Developer,Software & Web Development
PS2_1867,PS2_Benchmark,1.0,4.0,3.5999999999999996,9.9,0,1,1,Mobile Applications Developer,Software & Web Development
PS2_1868,PS2_Benchmark,4.0,8.0,2.0,7.700000000000001,1,0,1,Mobile Applications Developer,Software & Web Development
PS2_1869,PS2_Benchmark,4.0,8.0,2.4,1.1,0,1,1,Mobile Applications Developer,Software & Web Development
PS2_1870,PS2_Benchmark,6.0,7.0,4.4,1.1,1,0,0,Mobile Applications Developer,Software & Web Development
PS2_1871,PS2_Benchmark,2.0,5.0,4.8,4.4,1,0,1,Mobile Applications Developer,Software & Web Development
PS2_1872,PS2_Benchmark,6.0,5.0,2.0,6.6000000000000005,0,1,0,Mobile Applications Developer,Software & Web Development
PS2_1873,PS2_Benchmark,7.0,1.0,9.2,8.8,1,0,1,Mobile Applications Developer,Software & Web Development
PS2_1874,PS2_Benchmark,3.0,6.0,0.0,4.4,0,0,1,Mobile Applications Developer,Software & Web Development
PS2_1875,PS2_Benchmark,3.0,3.0,9.2,5.5,0,0,1,Mobile Applications Developer,Software & Web Development
PS2_1876,PS2_Benchmark,7.0,8.0,4.8,5.5,0,0,1,Mobile Applications Developer,Software & Web Development
PS2_1877,PS2_Benchmark,8.0,9.0,6.8,5.5,1,0,0,Mobile Applications Developer,Software & Web Development
PS2_1878,PS2_Benchmark,8.0,4.0,9.2,3.3000000000000003,0,1,0,Mobile Applications Developer,Software & Web Development
PS2_1879,PS2_Benchmark,1.0,1.0,1.2,4.4,0,0,0,Mobile Applications Developer,Software & Web Development
PS2_1880,PS2_Benchmark,5.0,9.0,4.4,3.3000000000000003,0,0,0,Mobile Applications Developer,Software & Web Development
PS2_1881,PS2_Benchmark,8.0,6.0,5.6,8.8,0,0,1,Mobile Applications Developer,Software & Web Development
PS2_1882,PS2_Benchmark,1.0,7.0,6.8,5.5,1,0,0,Mobile Applications Developer,Software & Web Development
PS2_1883,PS2_Benchmark,8.0,4.0,4.4,1.1,0,1,1,Mobile Applications Developer,Software & Web Development
PS2_1884,PS2_Benchmark,2.0,2.0,1.2,2.2,1,0,1,Mobile Applications Developer,Software & Web Development
PS2_1885,PS2_Benchmark,1.0,7.0,8.0,5.5,1,1,1,Mobile Applications Developer,Software & Web Development
PS2_1886,PS2_Benchmark,9.0,1.0,6.0,7.700000000000001,0,0,1,Mobile Applications Developer,Software & Web Development
PS2_1887,PS2_Benchmark,2.0,8.0,2.4,1.1,0,0,1,Mobile Applications Developer,Software & Web Development
PS2_1888,PS2_Benchmark,4.0,5.0,7.199999999999999,6.6000000000000005,0,0,0,Mobile Applications Developer,Software & Web Development
PS2_1889,PS2_Benchmark,9.0,5.0,5.6,6.6000000000000005,0,0,0,Mobile Applications Developer,Software & Web Development
PS2_1890,PS2_Benchmark,9.0,3.0,9.2,8.8,0,0,1,Mobile Applications Developer,Software & Web Development
PS2_1891,PS2_Benchmark,4.0,5.0,4.8,5.5,1,0,1,Mobile Applications Developer,Software & Web Development
PS2_1892,PS2_Benchmark,6.0,9.0,4.4,5.5,0,1,1,Mobile Applications Developer,Software & Web Development
PS2_1893,PS2_Benchmark,4.0,8.0,5.6,1.1,0,1,1,Mobile Applications Developer,Software & Web Development
PS2_1894,PS2_Benchmark,5.0,8.0,4.4,9.9,1,1,0,Mobile Applications Developer,Software & Web Development
PS2_1895,PS2_Benchmark,6.0,9.0,2.0,2.2,1,1,0,Mobile Applications Developer,Software & Web Development
PS2_1896,PS2_Benchmark,3.0,2.0,4.8,5.5,0,1,1,Mobile Applications Developer,Software & Web Development
PS2_1897,PS2_Benchmark,6.0,4.0,6.0,9.9,0,0,0,Mobile Applications Developer,Software & Web Development
PS2_1898,PS2_Benchmark,9.0,3.0,2.4,7.700000000000001,0,0,1,Mobile Applications Developer,Software & Web Development
PS2_1899,PS2_Benchmark,8.0,5.0,0.0,4.4,1,0,0,Mobile Applications Developer,Software & Web Development
PS2_1900,PS2_Benchmark,2.0,1.0,4.8,1.1,1,1,0,Mobile Applications Developer,Software & Web Development
PS2_1901,PS2_Benchmark,7.0,3.0,4.8,1.1,0,1,0,Mobile Applications Developer,Software & Web Development
PS2_1902,PS2_Benchmark,9.0,4.0,3.2,1.1,0,0,0,Mobile Applications Developer,Software & Web Development
PS2_1903,PS2_Benchmark,6.0,4.0,8.0,5.5,0,0,0,Mobile Applications Developer,Software & Web Development
PS2_1904,PS2_Benchmark,5.0,3.0,3.5999999999999996,1.1,0,1,0,Mobile Applications Developer,Software & Web Development
PS2_1905,PS2_Benchmark,2.0,4.0,4.8,9.9,0,1,0,Mobile Applications Developer,Software & Web Development
PS2_1906,PS2_Benchmark,4.0,6.0,2.4,9.9,1,0,1,Mobile Applications Developer,Software & Web Development
PS2_1907,PS2_Benchmark,7.0,9.0,1.2,8.8,1,1,0,Mobile Applications Developer,Software & Web Development
PS2_1908,PS2_Benchmark,9.0,9.0,9.2,2.2,0,1,1,Mobile Applications Developer,Software & Web Development
PS2_1909,PS2_Benchmark,5.0,5.0,6.0,8.8,1,0,1,Mobile Applications Developer,Software & Web Development
PS2_1910,PS2_Benchmark,1.0,7.0,9.2,4.4,1,0,0,Mobile Applications Developer,Software & Web Development
PS2_1911,PS2_Benchmark,3.0,2.0,2.4,5.5,1,0,1,Mobile Applications Developer,Software & Web Development
PS2_1912,PS2_Benchmark,8.0,8.0,2.4,4.4,0,1,0,Mobile Applications Developer,Software & Web Development
PS2_1913,PS2_Benchmark,3.0,5.0,4.8,1.1,1,1,0,Mobile Applications Developer,Software & Web Development
PS2_1914,PS2_Benchmark,9.0,1.0,7.199999999999999,2.2,0,1,1,Mobile Applications Developer,Software & Web Development
PS2_1915,PS2_Benchmark,9.0,9.0,7.199999999999999,6.6000000000000005,1,1,1,Mobile Applications Developer,Software & Web Development
PS2_1916,PS2_Benchmark,8.0,4.0,1.2,6.6000000000000005,1,0,0,Mobile Applications Developer,Software & Web Development
PS2_1917,PS2_Benchmark,4.0,9.0,7.199999999999999,6.6000000000000005,1,1,1,Mobile Applications Developer,Software & Web Development
PS2_1918,PS2_Benchmark,2.0,8.0,3.5999999999999996,7.700000000000001,1,0,1,Mobile Applications Developer,Software & Web Development
PS2_1919,PS2_Benchmark,2.0,4.0,8.0,7.700000000000001,0,0,0,Mobile Applications Developer,Software & Web Development
PS2_1920,PS2_Benchmark,4.0,4.0,9.2,9.9,0,1,0,Mobile Applications Developer,Software & Web Development
PS2_1921,PS2_Benchmark,4.0,5.0,2.0,7.700000000000001,0,1,1,Mobile Applications Developer,Software & Web Development
PS2_1922,PS2_Benchmark,1.0,3.0,4.4,6.6000000000000005,0,1,1,Mobile Applications Developer,Software & Web Development
PS2_1923,PS2_Benchmark,9.0,2.0,4.8,7.700000000000001,0,1,1,Mobile Applications Developer,Software & Web Development
PS2_1924,PS2_Benchmark,8.0,3.0,9.2,1.1,1,1,1,Mobile Applications Developer,Software & Web Development
PS2_1925,PS2_Benchmark,8.0,7.0,7.199999999999999,2.2,1,1,0,Mobile Applications Developer,Software & Web Development
PS2_1926,PS2_Benchmark,7.0,1.0,9.2,5.5,0,1,1,Mobile Applications Developer,Software & Web Development
PS2_1927,PS2_Benchmark,5.0,2.0,4.4,5.5,1,0,1,Mobile Applications Developer,Software & Web Development
PS2_1928,PS2_Benchmark,1.0,1.0,4.4,4.4,1,0,1,Mobile Applications Developer,Software & Web Development
PS2_1929,PS2_Benchmark,2.0,6.0,2.0,5.5,1,0,0,Mobile Applications Developer,Software & Web Development
PS2_1930,PS2_Benchmark,6.0,6.0,1.2,8.8,0,0,1,Mobile Applications Developer,Software & Web Development
PS2_1931,PS2_Benchmark,6.0,4.0,4.8,3.3000000000000003,1,1,1,Mobile Applications Developer,Software & Web Development
PS2_1932,PS2_Benchmark,8.0,1.0,4.8,8.8,0,0,0,Mobile Applications Developer,Software & Web Development
PS2_1933,PS2_Benchmark,5.0,2.0,3.5999999999999996,2.2,0,1,1,Mobile Applications Developer,Software & Web Development
PS2_1934,PS2_Benchmark,5.0,7.0,5.6,4.4,0,0,1,Mobile Applications Developer,Software & Web Development
PS2_1935,PS2_Benchmark,2.0,4.0,6.8,5.5,1,1,1,Mobile Applications Developer,Software & Web Development
PS2_1936,PS2_Benchmark,4.0,1.0,0.0,3.3000000000000003,1,0,1,Mobile Applications Developer,Software & Web Development
PS2_1937,PS2_Benchmark,5.0,2.0,4.4,4.4,1,1,0,Mobile Applications Developer,Software & Web Development
PS2_1938,PS2_Benchmark,8.0,5.0,0.0,5.5,1,1,0,Mobile Applications Developer,Software & Web Development
PS2_1939,PS2_Benchmark,3.0,9.0,2.0,9.9,1,1,1,Mobile Applications Developer,Software & Web Development
PS2_1940,PS2_Benchmark,5.0,7.0,3.5999999999999996,1.1,1,1,0,Mobile Applications Developer,Software & Web Development
PS2_1941,PS2_Benchmark,8.0,3.0,2.4,4.4,0,1,0,Mobile Applications Developer,Software & Web Development
PS2_1942,PS2_Benchmark,6.0,5.0,0.0,2.2,1,0,0,Mobile Applications Developer,Software & Web Development
PS2_1943,PS2_Benchmark,3.0,4.0,8.0,6.6000000000000005,0,1,0,Mobile Applications Developer,Software & Web Development
PS2_1944,PS2_Benchmark,2.0,5.0,1.2,4.4,1,0,1,Mobile Applications Developer,Software & Web Development
PS2_1945,PS2_Benchmark,9.0,1.0,5.6,5.5,1,0,0,Mobile Applications Developer,Software & Web Development
PS2_1946,PS2_Benchmark,5.0,9.0,2.4,8.8,1,1,1,Mobile Applications Developer,Software & Web Development
PS2_1947,PS2_Benchmark,8.0,5.0,4.8,5.5,0,0,0,Mobile Applications Developer,Software & Web Development
PS2_1948,PS2_Benchmark,7.0,1.0,9.2,9.9,1,0,0,Mobile Applications Developer,Software & Web Development
PS2_1949,PS2_Benchmark,3.0,4.0,1.2,5.5,0,1,0,Mobile Applications Developer,Software & Web Development
PS2_1950,PS2_Benchmark,4.0,9.0,4.4,4.4,0,0,0,Mobile Applications Developer,Software & Web Development
PS2_1951,PS2_Benchmark,8.0,3.0,4.4,9.9,1,0,1,Mobile Applications Developer,Software & Web Development
PS2_1952,PS2_Benchmark,9.0,2.0,3.2,7.700000000000001,1,1,0,Mobile Applications Developer,Software & Web Development
PS2_1953,PS2_Benchmark,9.0,9.0,1.2,8.8,1,0,1,Mobile Applications Developer,Software & Web Development
PS2_1954,PS2_Benchmark,9.0,9.0,8.0,8.8,0,0,1,Mobile Applications Developer,Software & Web Development
PS2_1955,PS2_Benchmark,9.0,5.0,9.2,7.700000000000001,0,0,0,Mobile Applications Developer,Software & Web Development
PS2_1956,PS2_Benchmark,1.0,3.0,2.4,7.700000000000001,0,0,0,Mobile Applications Developer,Software & Web Development
PS2_1957,PS2_Benchmark,3.0,6.0,6.0,3.3000000000000003,1,0,1,Mobile Applications Developer,Software & Web Development
PS2_1958,PS2_Benchmark,2.0,7.0,4.4,3.3000000000000003,1,0,0,Mobile Applications Developer,Software & Web Development
PS2_1959,PS2_Benchmark,4.0,6.0,2.4,9.9,1,0,0,Mobile Applications Developer,Software & Web Development
PS2_1960,PS2_Benchmark,3.0,9.0,2.4,1.1,0,1,1,Mobile Applications Developer,Software & Web Development
PS2_1961,PS2_Benchmark,8.0,6.0,2.0,5.5,1,0,1,Mobile Applications Developer,Software & Web Development
PS2_1962,PS2_Benchmark,1.0,9.0,5.6,2.2,0,0,0,Mobile Applications Developer,Software & Web Development
PS2_1963,PS2_Benchmark,4.0,4.0,2.4,7.700000000000001,0,0,0,Mobile Applications Developer,Software & Web Development
PS2_1964,PS2_Benchmark,2.0,8.0,6.0,2.2,1,1,1,Mobile Applications Developer,Software & Web Development
PS2_1965,PS2_Benchmark,6.0,7.0,6.8,2.2,1,0,1,Mobile Applications Developer,Software & Web Development
PS2_1966,PS2_Benchmark,2.0,2.0,5.6,6.6000000000000005,1,0,0,Mobile Applications Developer,Software & Web Development
PS2_1967,PS2_Benchmark,5.0,7.0,5.6,8.8,1,1,0,Mobile Applications Developer,Software & Web Development
PS2_1968,PS2_Benchmark,9.0,4.0,2.0,5.5,0,1,1,Mobile Applications Developer,Software & Web Development
PS2_1969,PS2_Benchmark,2.0,1.0,2.4,8.8,1,1,0,Mobile Applications Developer,Software & Web Development
PS2_1970,PS2_Benchmark,8.0,8.0,3.2,9.9,1,0,0,Mobile Applications Developer,Software & Web Development
PS2_1971,PS2_Benchmark,4.0,9.0,6.0,5.5,1,1,0,Mobile Applications Developer,Software & Web Development
PS2_1972,PS2_Benchmark,6.0,4.0,5.6,9.9,0,0,0,Mobile Applications Developer,Software & Web Development
PS2_1973,PS2_Benchmark,3.0,9.0,4.4,1.1,1,1,1,Mobile Applications Developer,Software & Web Development
PS2_1974,PS2_Benchmark,7.0,7.0,3.2,1.1,1,0,0,Mobile Applications Developer,Software & Web Development
PS2_1975,PS2_Benchmark,9.0,9.0,4.4,2.2,1,1,1,Mobile Applications Developer,Software & Web Development
PS2_1976,PS2_Benchmark,7.0,1.0,2.0,7.700000000000001,1,0,1,Mobile Applications Developer,Software & Web Development
PS2_1977,PS2_Benchmark,4.0,6.0,1.2,9.9,0,0,0,Mobile Applications Developer,Software & Web Development
PS2_1978,PS2_Benchmark,4.0,1.0,7.199999999999999,5.5,1,0,0,Mobile Applications Developer,Software & Web Development
PS2_1979,PS2_Benchmark,2.0,7.0,1.2,1.1,1,0,1,Mobile Applications Developer,Software & Web Development
PS2_1980,PS2_Benchmark,2.0,8.0,3.2,5.5,0,1,1,Mobile Applications Developer,Software & Web Development
PS2_1981,PS2_Benchmark,3.0,3.0,2.0,7.700000000000001,1,0,1,Mobile Applications Developer,Software & Web Development
PS2_1982,PS2_Benchmark,2.0,5.0,7.199999999999999,8.8,0,0,1,Mobile Applications Developer,Software & Web Development
PS2_1983,PS2_Benchmark,3.0,3.0,4.4,8.8,0,1,0,Mobile Applications Developer,Software & Web Development
PS2_1984,PS2_Benchmark,3.0,5.0,8.0,3.3000000000000003,1,0,0,Mobile Applications Developer,Software & Web Development
PS2_1985,PS2_Benchmark,1.0,7.0,0.0,4.4,0,0,0,Mobile Applications Developer,Software & Web Development
PS2_1986,PS2_Benchmark,3.0,1.0,8.0,2.2,1,1,1,Mobile Applications Developer,Software & Web Development
PS2_1987,PS2_Benchmark,4.0,7.0,6.0,9.9,0,1,1,Mobile Applications Developer,Software & Web Development
PS2_1988,PS2_Benchmark,7.0,1.0,4.8,3.3000000000000003,1,0,0,Mobile Applications Developer,Software & Web Development
PS2_1989,PS2_Benchmark,8.0,9.0,2.4,2.2,1,0,0,Mobile Applications Developer,Software & Web Development
PS2_1990,PS2_Benchmark,7.0,1.0,8.0,9.9,1,0,0,Mobile Applications Developer,Software & Web Development
PS2_1991,PS2_Benchmark,4.0,1.0,3.5999999999999996,4.4,0,1,0,Mobile Applications Developer,Software & Web Development
PS2_1992,PS2_Benchmark,3.0,1.0,6.0,7.700000000000001,0,0,0,Mobile Applications Developer,Software & Web Development
PS2_1993,PS2_Benchmark,9.0,8.0,2.0,7.700000000000001,1,1,0,Mobile Applications Developer,Software & Web Development
PS2_1994,PS2_Benchmark,3.0,1.0,2.4,3.3000000000000003,1,1,0,Mobile Applications Developer,Software & Web Development
PS2_1995,PS2_Benchmark,6.0,4.0,2.4,3.3000000000000003,1,0,1,Mobile Applications Developer,Software & Web Development
PS2_1996,PS2_Benchmark,4.0,4.0,7.199999999999999,1.1,0,0,0,Mobile Applications Developer,Software & Web Development
PS2_1997,PS2_Benchmark,3.0,9.0,9.2,8.8,1,0,1,Mobile Applications Developer,Software & Web Development
PS2_1998,PS2_Benchmark,5.0,5.0,4.4,5.5,1,1,0,Mobile Applications Developer,Software & Web Development
PS2_1999,PS2_Benchmark,5.0,4.0,1.2,7.700000000000001,0,1,0,Mobile Applications Developer,Software & Web Development
PS2_2000,PS2_Benchmark,9.0,6.0,6.0,5.5,0,0,1,Mobile Applications Developer,Software & Web Development
PS2_2001,PS2_Benchmark,2.0,6.0,2.0,9.9,0,1,1,Mobile Applications Developer,Software & Web Development
PS2_2002,PS2_Benchmark,5.0,5.0,1.2,4.4,0,0,0,Mobile Applications Developer,Software & Web Development
PS2_2003,PS2_Benchmark,5.0,8.0,7.199999999999999,1.1,0,1,1,Mobile Applications Developer,Software & Web Development
PS2_2004,PS2_Benchmark,5.0,2.0,2.0,8.8,1,0,0,Mobile Applications Developer,Software & Web Development
PS2_2005,PS2_Benchmark,2.0,2.0,8.0,7.700000000000001,0,0,1,Mobile Applications Developer,Software & Web Development
PS2_2006,PS2_Benchmark,9.0,7.0,6.0,8.8,0,1,0,Mobile Applications Developer,Software & Web Development
PS2_2007,PS2_Benchmark,6.0,6.0,2.4,3.3000000000000003,1,1,1,Mobile Applications Developer,Software & Web Development
PS2_2008,PS2_Benchmark,3.0,5.0,2.4,8.8,1,0,1,Mobile Applications Developer,Software & Web Development
PS2_2009,PS2_Benchmark,1.0,1.0,3.2,3.3000000000000003,0,0,1,Mobile Applications Developer,Software & Web Development
PS2_2010,PS2_Benchmark,1.0,8.0,3.2,9.9,1,0,1,Mobile Applications Developer,Software & Web Development
PS2_2011,PS2_Benchmark,6.0,8.0,3.2,8.8,0,0,0,Mobile Applications Developer,Software & Web Development
PS2_2012,PS2_Benchmark,7.0,7.0,4.8,4.4,1,1,0,Mobile Applications Developer,Software & Web Development
PS2_2013,PS2_Benchmark,3.0,1.0,9.2,2.2,1,0,0,Mobile Applications Developer,Software & Web Development
PS2_2014,PS2_Benchmark,3.0,5.0,4.4,4.4,0,1,1,Mobile Applications Developer,Software & Web Development
PS2_2015,PS2_Benchmark,7.0,6.0,5.6,5.5,0,1,0,Mobile Applications Developer,Software & Web Development
PS2_2016,PS2_Benchmark,6.0,9.0,6.8,2.2,1,0,0,Mobile Applications Developer,Software & Web Development
PS2_2017,PS2_Benchmark,2.0,3.0,6.8,5.5,1,1,0,Mobile Applications Developer,Software & Web Development
PS2_2018,PS2_Benchmark,9.0,2.0,4.8,9.9,1,1,1,Mobile Applications Developer,Software & Web Development
PS2_2019,PS2_Benchmark,3.0,3.0,0.0,4.4,0,1,0,Mobile Applications Developer,Software & Web Development
PS2_2020,PS2_Benchmark,3.0,5.0,8.0,4.4,1,0,1,Mobile Applications Developer,Software & Web Development
PS2_2021,PS2_Benchmark,3.0,1.0,9.2,5.5,0,0,1,Mobile Applications Developer,Software & Web Development
PS2_2022,PS2_Benchmark,5.0,4.0,7.199999999999999,1.1,1,0,0,Mobile Applications Developer,Software & Web Development
PS2_2023,PS2_Benchmark,4.0,8.0,3.5999999999999996,1.1,1,1,0,Mobile Applications Developer,Software & Web Development
PS2_2024,PS2_Benchmark,1.0,5.0,3.5999999999999996,9.9,1,0,0,Mobile Applications Developer,Software & Web Development
PS2_2025,PS2_Benchmark,7.0,6.0,2.0,2.2,1,0,1,Mobile Applications Developer,Software & Web Development
PS2_2026,PS2_Benchmark,7.0,7.0,5.6,3.3000000000000003,1,0,1,Mobile Applications Developer,Software & Web Development
PS2_2027,PS2_Benchmark,5.0,4.0,1.2,6.6000000000000005,1,0,1,Mobile Applications Developer,Software & Web Development
PS2_2028,PS2_Benchmark,1.0,4.0,2.4,6.6000000000000005,1,0,0,Mobile Applications Developer,Software & Web Development
PS2_2029,PS2_Benchmark,7.0,1.0,6.8,1.1,1,1,1,Mobile Applications Developer,Software & Web Development
PS2_2030,PS2_Benchmark,7.0,3.0,9.2,7.700000000000001,0,1,1,Mobile Applications Developer,Software & Web Development
PS2_2031,PS2_Benchmark,8.0,1.0,5.6,1.1,1,0,0,Mobile Applications Developer,Software & Web Development
PS2_2032,PS2_Benchmark,5.0,9.0,6.0,4.4,1,1,1,Mobile Applications Developer,Software & Web Development
PS2_2033,PS2_Benchmark,5.0,9.0,7.199999999999999,7.700000000000001,1,1,0,Mobile Applications Developer,Software & Web Development
PS2_2034,PS2_Benchmark,2.0,5.0,2.0,9.9,1,1,0,Mobile Applications Developer,Software & Web Development
PS2_2035,PS2_Benchmark,2.0,9.0,6.8,5.5,1,1,1,Mobile Applications Developer,Software & Web Development
PS2_2036,PS2_Benchmark,1.0,9.0,6.8,2.2,1,0,1,Mobile Applications Developer,Software & Web Development
PS2_2037,PS2_Benchmark,8.0,9.0,4.4,8.8,0,0,1,Mobile Applications Developer,Software & Web Development
PS2_2038,PS2_Benchmark,6.0,6.0,0.0,9.9,1,0,0,Mobile Applications Developer,Software & Web Development
PS2_2039,PS2_Benchmark,2.0,7.0,2.0,1.1,1,0,0,Mobile Applications Developer,Software & Web Development
PS2_2040,PS2_Benchmark,7.0,7.0,4.4,8.8,1,1,0,Mobile Applications Developer,Software & Web Development
PS2_2041,PS2_Benchmark,1.0,1.0,3.2,8.8,0,1,1,Mobile Applications Developer,Software & Web Development
PS2_2042,PS2_Benchmark,3.0,7.0,2.4,6.6000000000000005,1,0,1,Mobile Applications Developer,Software & Web Development
PS2_2043,PS2_Benchmark,6.0,4.0,4.4,1.1,0,1,0,Mobile Applications Developer,Software & Web Development
PS2_2044,PS2_Benchmark,6.0,9.0,4.4,1.1,0,1,0,Mobile Applications Developer,Software & Web Development
PS2_2045,PS2_Benchmark,8.0,3.0,0.0,9.9,0,0,1,Mobile Applications Developer,Software & Web Development
PS2_2046,PS2_Benchmark,6.0,4.0,4.8,1.1,0,0,1,Mobile Applications Developer,Software & Web Development
PS2_2047,PS2_Benchmark,5.0,4.0,8.0,7.700000000000001,0,0,0,Mobile Applications Developer,Software & Web Development
PS2_2048,PS2_Benchmark,6.0,2.0,3.5999999999999996,7.700000000000001,0,0,1,Mobile Applications Developer,Software & Web Development
PS2_2049,PS2_Benchmark,6.0,1.0,9.2,6.6000000000000005,0,1,1,Mobile Applications Developer,Software & Web Development
PS2_2050,PS2_Benchmark,9.0,3.0,3.5999999999999996,6.6000000000000005,1,0,0,Mobile Applications Developer,Software & Web Development
PS2_2051,PS2_Benchmark,1.0,5.0,4.4,9.9,1,1,0,Mobile Applications Developer,Software & Web Development
PS2_2052,PS2_Benchmark,8.0,1.0,2.0,5.5,1,0,0,Mobile Applications Developer,Software & Web Development
PS2_2053,PS2_Benchmark,3.0,9.0,8.0,1.1,1,1,0,Mobile Applications Developer,Software & Web Development
PS2_2054,PS2_Benchmark,8.0,9.0,2.0,8.8,0,0,1,Mobile Applications Developer,Software & Web Development
PS2_2055,PS2_Benchmark,2.0,4.0,9.2,9.9,1,0,1,Mobile Applications Developer,Software & Web Development
PS2_2056,PS2_Benchmark,8.0,3.0,5.6,4.4,0,1,1,Mobile Applications Developer,Software & Web Development
PS2_2057,PS2_Benchmark,2.0,2.0,4.4,4.4,0,1,1,Mobile Applications Developer,Software & Web Development
PS2_2058,PS2_Benchmark,8.0,4.0,0.0,3.3000000000000003,0,0,1,Mobile Applications Developer,Software & Web Development
PS2_2059,PS2_Benchmark,1.0,3.0,0.0,2.2,0,0,0,Mobile Applications Developer,Software & Web Development
PS2_2060,PS2_Benchmark,4.0,9.0,1.2,1.1,1,0,0,Mobile Applications Developer,Software & Web Development
PS2_2061,PS2_Benchmark,5.0,3.0,2.4,2.2,0,1,0,Mobile Applications Developer,Software & Web Development
PS2_2062,PS2_Benchmark,7.0,2.0,4.8,9.9,1,0,0,Mobile Applications Developer,Software & Web Development
PS2_2063,PS2_Benchmark,6.0,1.0,3.2,8.8,0,1,1,Mobile Applications Developer,Software & Web Development
PS2_2064,PS2_Benchmark,7.0,6.0,3.2,6.6000000000000005,1,1,1,Mobile Applications Developer,Software & Web Development
PS2_2065,PS2_Benchmark,2.0,2.0,4.4,6.6000000000000005,0,0,1,Mobile Applications Developer,Software & Web Development
PS2_2066,PS2_Benchmark,4.0,6.0,4.8,2.2,0,1,1,Mobile Applications Developer,Software & Web Development
PS2_2067,PS2_Benchmark,5.0,9.0,4.4,4.4,0,1,1,Mobile Applications Developer,Software & Web Development
PS2_2068,PS2_Benchmark,4.0,4.0,6.0,4.4,1,0,0,Mobile Applications Developer,Software & Web Development
PS2_2069,PS2_Benchmark,1.0,5.0,4.4,9.9,1,1,0,Mobile Applications Developer,Software & Web Development
PS2_2070,PS2_Benchmark,6.0,4.0,4.4,4.4,0,0,1,Mobile Applications Developer,Software & Web Development
PS2_2071,PS2_Benchmark,6.0,5.0,7.199999999999999,9.9,1,0,1,Mobile Applications Developer,Software & Web Development
PS2_2072,PS2_Benchmark,4.0,6.0,7.199999999999999,3.3000000000000003,0,1,0,Mobile Applications Developer,Software & Web Development
PS2_2073,PS2_Benchmark,1.0,6.0,0.0,1.1,0,1,1,Mobile Applications Developer,Software & Web Development
PS2_2074,PS2_Benchmark,7.0,7.0,4.4,5.5,1,1,0,Mobile Applications Developer,Software & Web Development
PS2_2075,PS2_Benchmark,8.0,7.0,7.199999999999999,8.8,0,1,1,Mobile Applications Developer,Software & Web Development
PS2_2076,PS2_Benchmark,5.0,4.0,3.2,1.1,0,0,0,Mobile Applications Developer,Software & Web Development
PS2_2077,PS2_Benchmark,9.0,3.0,0.0,8.8,1,0,0,Mobile Applications Developer,Software & Web Development
PS2_2078,PS2_Benchmark,8.0,9.0,4.8,4.4,1,1,0,Mobile Applications Developer,Software & Web Development
PS2_2079,PS2_Benchmark,2.0,9.0,7.199999999999999,4.4,1,0,0,Mobile Applications Developer,Software & Web Development
PS2_2080,PS2_Benchmark,7.0,1.0,3.5999999999999996,8.8,0,1,0,Mobile Applications Developer,Software & Web Development
PS2_2081,PS2_Benchmark,2.0,4.0,2.0,1.1,0,1,1,Mobile Applications Developer,Software & Web Development
PS2_2082,PS2_Benchmark,9.0,5.0,1.2,3.3000000000000003,1,0,1,Mobile Applications Developer,Software & Web Development
PS2_2083,PS2_Benchmark,2.0,9.0,6.0,8.8,1,1,1,Mobile Applications Developer,Software & Web Development
PS2_2084,PS2_Benchmark,4.0,2.0,3.5999999999999996,3.3000000000000003,0,1,1,Mobile Applications Developer,Software & Web Development
PS2_2085,PS2_Benchmark,1.0,1.0,4.4,1.1,0,0,1,Mobile Applications Developer,Software & Web Development
PS2_2086,PS2_Benchmark,9.0,2.0,9.2,8.8,0,1,1,Mobile Applications Developer,Software & Web Development
PS2_2087,PS2_Benchmark,6.0,3.0,3.2,7.700000000000001,0,1,0,Mobile Applications Developer,Software & Web Development
PS2_2088,PS2_Benchmark,9.0,5.0,2.4,4.4,0,1,1,Mobile Applications Developer,Software & Web Development
PS2_2089,PS2_Benchmark,4.0,1.0,3.5999999999999996,9.9,1,1,1,Mobile Applications Developer,Software & Web Development
PS2_2090,PS2_Benchmark,7.0,7.0,6.0,3.3000000000000003,1,1,1,Mobile Applications Developer,Software & Web Development
PS2_2091,PS2_Benchmark,2.0,7.0,6.0,8.8,0,1,0,Mobile Applications Developer,Software & Web Development
PS2_2092,PS2_Benchmark,9.0,2.0,2.0,3.3000000000000003,1,0,0,Mobile Applications Developer,Software & Web Development
PS2_2093,PS2_Benchmark,4.0,4.0,6.0,7.700000000000001,0,0,0,Mobile Applications Developer,Software & Web Development
PS2_2094,PS2_Benchmark,3.0,1.0,1.2,2.2,0,1,0,Mobile Applications Developer,Software & Web Development
PS2_2095,PS2_Benchmark,9.0,4.0,8.0,5.5,0,1,0,Mobile Applications Developer,Software & Web Development
PS2_2096,PS2_Benchmark,9.0,7.0,7.199999999999999,7.700000000000001,0,0,1,Mobile Applications Developer,Software & Web Development
PS2_2097,PS2_Benchmark,2.0,6.0,1.2,5.5,1,0,0,Mobile Applications Developer,Software & Web Development
PS2_2098,PS2_Benchmark,3.0,2.0,2.0,9.9,0,1,0,Mobile Applications Developer,Software & Web Development
PS2_2099,PS2_Benchmark,4.0,3.0,1.2,3.3000000000000003,1,0,1,Mobile Applications Developer,Software & Web Development
PS2_2100,PS2_Benchmark,5.0,7.0,2.4,1.1,0,0,0,Mobile Applications Developer,Software & Web Development
PS2_2101,PS2_Benchmark,8.0,6.0,2.4,2.2,1,0,1,Mobile Applications Developer,Software & Web Development
PS2_2102,PS2_Benchmark,7.0,4.0,6.0,5.5,0,0,0,Mobile Applications Developer,Software & Web Development
PS2_2103,PS2_Benchmark,4.0,4.0,6.8,1.1,0,1,1,Mobile Applications Developer,Software & Web Development
PS2_2104,PS2_Benchmark,6.0,3.0,5.6,3.3000000000000003,0,0,1,Mobile Applications Developer,Software & Web Development
PS2_2105,PS2_Benchmark,2.0,5.0,1.2,3.3000000000000003,0,1,1,Mobile Applications Developer,Software & Web Development
PS2_2106,PS2_Benchmark,4.0,6.0,0.0,1.1,0,1,0,Mobile Applications Developer,Software & Web Development
PS2_2107,PS2_Benchmark,8.0,3.0,2.0,9.9,0,1,0,Mobile Applications Developer,Software & Web Development
PS2_2108,PS2_Benchmark,4.0,2.0,3.5999999999999996,5.5,1,0,0,Mobile Applications Developer,Software & Web Development
PS2_2109,PS2_Benchmark,9.0,8.0,6.8,9.9,0,1,1,Mobile Applications Developer,Software & Web Development
PS2_2110,PS2_Benchmark,2.0,7.0,4.4,7.700000000000001,1,1,0,Mobile Applications Developer,Software & Web Development
PS2_2111,PS2_Benchmark,9.0,9.0,8.0,1.1,1,0,1,Mobile Applications Developer,Software & Web Development
PS2_2112,PS2_Benchmark,4.0,2.0,7.199999999999999,1.1,0,1,0,Mobile Applications Developer,Software & Web Development
PS2_2113,PS2_Benchmark,3.0,2.0,2.0,5.5,0,0,1,Mobile Applications Developer,Software & Web Development
PS2_2114,PS2_Benchmark,3.0,5.0,9.2,5.5,0,0,0,Mobile Applications Developer,Software & Web Development
PS2_2115,PS2_Benchmark,7.0,5.0,1.2,2.2,0,1,1,Mobile Applications Developer,Software & Web Development
PS2_2116,PS2_Benchmark,2.0,1.0,8.0,2.2,1,0,1,Mobile Applications Developer,Software & Web Development
PS2_2117,PS2_Benchmark,7.0,2.0,6.8,9.9,1,1,1,Mobile Applications Developer,Software & Web Development
PS2_2118,PS2_Benchmark,3.0,1.0,6.8,6.6000000000000005,1,0,0,Mobile Applications Developer,Software & Web Development
PS2_2119,PS2_Benchmark,1.0,6.0,9.2,2.2,1,0,0,Mobile Applications Developer,Software & Web Development
PS2_2120,PS2_Benchmark,2.0,7.0,2.0,1.1,1,0,0,Mobile Applications Developer,Software & Web Development
PS2_2121,PS2_Benchmark,3.0,1.0,9.2,7.700000000000001,0,1,1,Mobile Applications Developer,Software & Web Development
PS2_2122,PS2_Benchmark,9.0,2.0,1.2,6.6000000000000005,1,0,0,Mobile Applications Developer,Software & Web Development
PS2_2123,PS2_Benchmark,3.0,9.0,1.2,9.9,0,1,0,Mobile Applications Developer,Software & Web Development
PS2_2124,PS2_Benchmark,8.0,5.0,2.4,3.3000000000000003,0,0,0,Mobile Applications Developer,Software & Web Development
PS2_2125,PS2_Benchmark,4.0,2.0,2.4,5.5,0,1,0,Mobile Applications Developer,Software & Web Development
PS2_2126,PS2_Benchmark,1.0,6.0,4.8,9.9,0,1,1,Mobile Applications Developer,Software & Web Development
PS2_2127,PS2_Benchmark,2.0,8.0,1.2,9.9,1,0,1,Mobile Applications Developer,Software & Web Development
PS2_2128,PS2_Benchmark,2.0,5.0,0.0,2.2,0,0,1,Mobile Applications Developer,Software & Web Development
PS2_2129,PS2_Benchmark,9.0,1.0,3.5999999999999996,7.700000000000001,0,1,1,Mobile Applications Developer,Software & Web Development
PS2_2130,PS2_Benchmark,5.0,3.0,3.2,9.9,0,0,0,Mobile Applications Developer,Software & Web Development
PS2_2131,PS2_Benchmark,1.0,9.0,8.0,6.6000000000000005,1,1,0,Mobile Applications Developer,Software & Web Development
PS2_2132,PS2_Benchmark,3.0,8.0,1.2,6.6000000000000005,0,1,0,Mobile Applications Developer,Software & Web Development
PS2_2133,PS2_Benchmark,3.0,2.0,8.0,3.3000000000000003,0,0,0,Mobile Applications Developer,Software & Web Development
PS2_2134,PS2_Benchmark,9.0,3.0,7.199999999999999,2.2,0,1,0,Mobile Applications Developer,Software & Web Development
PS2_2135,PS2_Benchmark,9.0,2.0,3.5999999999999996,5.5,0,0,1,Mobile Applications Developer,Software & Web Development
PS2_2136,PS2_Benchmark,6.0,5.0,1.2,8.8,0,0,1,Mobile Applications Developer,Software & Web Development
PS2_2137,PS2_Benchmark,4.0,7.0,7.199999999999999,2.2,0,1,1,Mobile Applications Developer,Software & Web Development
PS2_2138,PS2_Benchmark,1.0,2.0,8.0,8.8,1,0,1,Mobile Applications Developer,Software & Web Development
PS2_2139,PS2_Benchmark,2.0,8.0,7.199999999999999,3.3000000000000003,0,0,1,Mobile Applications Developer,Software & Web Development
PS2_2140,PS2_Benchmark,9.0,7.0,8.0,3.3000000000000003,1,0,1,Mobile Applications Developer,Software & Web Development
PS2_2141,PS2_Benchmark,5.0,1.0,9.2,4.4,1,0,1,Mobile Applications Developer,Software & Web Development
PS2_2142,PS2_Benchmark,7.0,3.0,0.0,5.5,0,1,0,Mobile Applications Developer,Software & Web Development
PS2_2143,PS2_Benchmark,3.0,1.0,5.6,2.2,0,0,1,Mobile Applications Developer,Software & Web Development
PS2_2144,PS2_Benchmark,5.0,4.0,1.2,5.5,0,0,0,Mobile Applications Developer,Software & Web Development
PS2_2145,PS2_Benchmark,8.0,2.0,9.2,5.5,0,0,0,Mobile Applications Developer,Software & Web Development
PS2_2146,PS2_Benchmark,7.0,6.0,3.2,2.2,1,0,1,Mobile Applications Developer,Software & Web Development
PS2_2147,PS2_Benchmark,9.0,7.0,0.0,7.700000000000001,0,1,1,Mobile Applications Developer,Software & Web Development
PS2_2148,PS2_Benchmark,2.0,6.0,5.6,2.2,0,0,0,Mobile Applications Developer,Software & Web Development
PS2_2149,PS2_Benchmark,7.0,5.0,7.199999999999999,1.1,0,1,0,Mobile Applications Developer,Software & Web Development
PS2_2150,PS2_Benchmark,4.0,9.0,4.8,7.700000000000001,0,1,0,Mobile Applications Developer,Software & Web Development
PS2_2151,PS2_Benchmark,8.0,9.0,2.0,8.8,1,1,0,Mobile Applications Developer,Software & Web Development
PS2_2152,PS2_Benchmark,2.0,2.0,6.8,4.4,1,0,0,Mobile Applications Developer,Software & Web Development
PS2_2153,PS2_Benchmark,6.0,6.0,5.6,7.700000000000001,1,1,0,Mobile Applications Developer,Software & Web Development
PS2_2154,PS2_Benchmark,4.0,6.0,9.2,5.5,0,1,1,Mobile Applications Developer,Software & Web Development
PS2_2155,PS2_Benchmark,8.0,3.0,3.2,8.8,0,1,0,Mobile Applications Developer,Software & Web Development
PS2_2156,PS2_Benchmark,4.0,6.0,3.2,4.4,1,1,0,Mobile Applications Developer,Software & Web Development
PS2_2157,PS2_Benchmark,5.0,9.0,4.4,3.3000000000000003,0,1,1,Mobile Applications Developer,Software & Web Development
PS2_2158,PS2_Benchmark,4.0,5.0,7.199999999999999,1.1,0,1,0,Mobile Applications Developer,Software & Web Development
PS2_2159,PS2_Benchmark,7.0,2.0,6.8,6.6000000000000005,1,1,1,Mobile Applications Developer,Software & Web Development
PS2_2160,PS2_Benchmark,8.0,9.0,3.5999999999999996,6.6000000000000005,0,1,0,Mobile Applications Developer,Software & Web Development
PS2_2161,PS2_Benchmark,7.0,7.0,5.6,3.3000000000000003,0,1,1,Mobile Applications Developer,Software & Web Development
PS2_2162,PS2_Benchmark,4.0,1.0,6.0,6.6000000000000005,0,0,1,Mobile Applications Developer,Software & Web Development
PS2_2163,PS2_Benchmark,2.0,5.0,1.2,1.1,1,1,0,Mobile Applications Developer,Software & Web Development
PS2_2164,PS2_Benchmark,4.0,6.0,8.0,8.8,0,0,0,Mobile Applications Developer,Software & Web Development
PS2_2165,PS2_Benchmark,9.0,1.0,2.4,4.4,1,1,1,Mobile Applications Developer,Software & Web Development
PS2_2166,PS2_Benchmark,2.0,7.0,5.6,6.6000000000000005,1,0,0,Mobile Applications Developer,Software & Web Development
PS2_2167,PS2_Benchmark,2.0,4.0,6.0,3.3000000000000003,0,0,1,Mobile Applications Developer,Software & Web Development
PS2_2168,PS2_Benchmark,5.0,8.0,0.0,3.3000000000000003,1,0,1,Mobile Applications Developer,Software & Web Development
PS2_2169,PS2_Benchmark,2.0,3.0,3.2,2.2,1,0,0,Mobile Applications Developer,Software & Web Development
PS2_2170,PS2_Benchmark,7.0,9.0,9.2,2.2,1,0,0,Mobile Applications Developer,Software & Web Development
PS2_2171,PS2_Benchmark,5.0,7.0,4.4,1.1,1,0,1,Mobile Applications Developer,Software & Web Development
PS2_2172,PS2_Benchmark,2.0,7.0,4.4,2.2,1,1,0,Mobile Applications Developer,Software & Web Development
PS2_2173,PS2_Benchmark,2.0,8.0,4.4,6.6000000000000005,0,0,0,Mobile Applications Developer,Software & Web Development
PS2_2174,PS2_Benchmark,5.0,1.0,4.4,1.1,0,0,1,Mobile Applications Developer,Software & Web Development
PS2_2175,PS2_Benchmark,1.0,7.0,5.6,9.9,0,1,0,Mobile Applications Developer,Software & Web Development
PS2_2176,PS2_Benchmark,4.0,5.0,6.0,5.5,1,0,1,Mobile Applications Developer,Software & Web Development
PS2_2177,PS2_Benchmark,5.0,1.0,1.2,3.3000000000000003,0,1,0,Mobile Applications Developer,Software & Web Development
PS2_2178,PS2_Benchmark,3.0,8.0,1.2,6.6000000000000005,1,1,0,Mobile Applications Developer,Software & Web Development
PS2_2179,PS2_Benchmark,5.0,2.0,4.4,3.3000000000000003,1,0,1,Mobile Applications Developer,Software & Web Development
PS2_2180,PS2_Benchmark,9.0,8.0,4.8,1.1,1,1,0,Mobile Applications Developer,Software & Web Development
PS2_2181,PS2_Benchmark,2.0,9.0,4.8,4.4,0,0,0,Mobile Applications Developer,Software & Web Development
PS2_2182,PS2_Benchmark,5.0,3.0,6.0,3.3000000000000003,1,1,1,Mobile Applications Developer,Software & Web Development
PS2_2183,PS2_Benchmark,3.0,8.0,2.0,1.1,1,1,1,Mobile Applications Developer,Software & Web Development
PS2_2184,PS2_Benchmark,5.0,4.0,4.4,9.9,0,0,0,Mobile Applications Developer,Software & Web Development
PS2_2185,PS2_Benchmark,5.0,5.0,5.6,9.9,0,1,0,Mobile Applications Developer,Software & Web Development
PS2_2186,PS2_Benchmark,8.0,1.0,4.8,8.8,0,1,0,Mobile Applications Developer,Software & Web Development
PS2_2187,PS2_Benchmark,7.0,5.0,7.199999999999999,2.2,1,1,0,Mobile Applications Developer,Software & Web Development
PS2_2188,PS2_Benchmark,6.0,2.0,8.0,1.1,1,1,0,Mobile Applications Developer,Software & Web Development
PS2_2189,PS2_Benchmark,7.0,7.0,6.0,2.2,1,0,1,Mobile Applications Developer,Software & Web Development
PS2_2190,PS2_Benchmark,3.0,4.0,8.0,4.4,0,0,1,Mobile Applications Developer,Software & Web Development
PS2_2191,PS2_Benchmark,5.0,7.0,5.6,8.8,1,1,0,Mobile Applications Developer,Software & Web Development
PS2_2192,PS2_Benchmark,5.0,1.0,0.0,8.8,1,0,0,Mobile Applications Developer,Software & Web Development
PS2_2193,PS2_Benchmark,7.0,5.0,7.199999999999999,4.4,1,0,1,Mobile Applications Developer,Software & Web Development
PS2_2194,PS2_Benchmark,4.0,1.0,8.0,5.5,1,0,0,Mobile Applications Developer,Software & Web Development
PS2_2195,PS2_Benchmark,9.0,1.0,6.0,1.1,1,1,0,Mobile Applications Developer,Software & Web Development
PS2_2196,PS2_Benchmark,9.0,8.0,2.0,3.3000000000000003,0,0,0,Mobile Applications Developer,Software & Web Development
PS2_2197,PS2_Benchmark,3.0,1.0,6.0,4.4,1,0,0,Mobile Applications Developer,Software & Web Development
PS2_2198,PS2_Benchmark,2.0,6.0,5.6,3.3000000000000003,0,0,0,Mobile Applications Developer,Software & Web Development
PS2_2199,PS2_Benchmark,9.0,4.0,6.0,2.2,1,1,1,Mobile Applications Developer,Software & Web Development
PS2_2200,PS2_Benchmark,6.0,7.0,1.2,8.8,0,0,0,Mobile Applications Developer,Software & Web Development
PS2_2201,PS2_Benchmark,4.0,5.0,0.0,1.1,1,1,0,Mobile Applications Developer,Software & Web Development
PS2_2202,PS2_Benchmark,5.0,6.0,2.0,5.5,0,0,1,Mobile Applications Developer,Software & Web Development
PS2_2203,PS2_Benchmark,6.0,8.0,8.0,8.8,0,0,0,Mobile Applications Developer,Software & Web Development
PS2_2204,PS2_Benchmark,7.0,2.0,1.2,7.700000000000001,1,0,1,Mobile Applications Developer,Software & Web Development
PS2_2205,PS2_Benchmark,9.0,8.0,1.2,5.5,1,0,1,Mobile Applications Developer,Software & Web Development
PS2_2206,PS2_Benchmark,8.0,7.0,2.0,2.2,0,0,0,Mobile Applications Developer,Software & Web Development
PS2_2207,PS2_Benchmark,4.0,9.0,3.2,1.1,0,0,1,Mobile Applications Developer,Software & Web Development
PS2_2208,PS2_Benchmark,4.0,1.0,0.0,2.2,0,0,1,Mobile Applications Developer,Software & Web Development
PS2_2209,PS2_Benchmark,9.0,9.0,5.6,8.8,0,0,0,Mobile Applications Developer,Software & Web Development
PS2_2210,PS2_Benchmark,2.0,5.0,0.0,9.9,1,0,0,Mobile Applications Developer,Software & Web Development
PS2_2211,PS2_Benchmark,1.0,4.0,7.199999999999999,5.5,1,0,0,Mobile Applications Developer,Software & Web Development
PS2_2212,PS2_Benchmark,2.0,7.0,1.2,2.2,1,0,1,Mobile Applications Developer,Software & Web Development
PS2_2213,PS2_Benchmark,7.0,4.0,0.0,2.2,1,1,1,Mobile Applications Developer,Software & Web Development
PS2_2214,PS2_Benchmark,6.0,9.0,0.0,5.5,0,0,0,Mobile Applications Developer,Software & Web Development
PS2_2215,PS2_Benchmark,1.0,2.0,9.2,6.6000000000000005,0,1,1,Mobile Applications Developer,Software & Web Development
PS2_2216,PS2_Benchmark,6.0,6.0,5.6,6.6000000000000005,1,1,0,Mobile Applications Developer,Software & Web Development
PS2_2217,PS2_Benchmark,7.0,4.0,2.0,9.9,1,1,1,Mobile Applications Developer,Software & Web Development
PS2_2218,PS2_Benchmark,3.0,9.0,6.0,5.5,1,1,1,Mobile Applications Developer,Software & Web Development
PS2_2219,PS2_Benchmark,2.0,6.0,2.0,1.1,1,0,1,Mobile Applications Developer,Software & Web Development
PS2_2220,PS2_Benchmark,9.0,1.0,8.0,1.1,0,1,0,Mobile Applications Developer,Software & Web Development
PS2_2221,PS2_Benchmark,3.0,6.0,2.0,7.700000000000001,0,1,0,Mobile Applications Developer,Software & Web Development
PS2_2222,PS2_Benchmark,2.0,7.0,3.2,6.6000000000000005,0,0,1,Mobile Applications Developer,Software & Web Development
PS2_2223,PS2_Benchmark,1.0,8.0,4.8,5.5,0,0,1,Mobile Applications Developer,Software & Web Development
PS2_2224,PS2_Benchmark,9.0,2.0,8.0,5.5,1,0,1,Mobile Applications Developer,Software & Web Development
PS2_2225,PS2_Benchmark,1.0,6.0,3.5999999999999996,9.9,1,1,1,Mobile Applications Developer,Software & Web Development
PS2_2226,PS2_Benchmark,1.0,1.0,3.5999999999999996,7.700000000000001,0,0,1,Mobile Applications Developer,Software & Web Development
PS2_2227,PS2_Benchmark,4.0,2.0,9.2,6.6000000000000005,1,1,0,Mobile Applications Developer,Software & Web Development
PS2_2228,PS2_Benchmark,9.0,3.0,6.8,6.6000000000000005,1,0,0,Mobile Applications Developer,Software & Web Development
PS2_2229,PS2_Benchmark,4.0,6.0,8.0,1.1,0,0,0,Mobile Applications Developer,Software & Web Development
PS2_2230,PS2_Benchmark,2.0,8.0,5.6,2.2,1,1,0,Mobile Applications Developer,Software & Web Development
PS2_2231,PS2_Benchmark,8.0,6.0,8.0,6.6000000000000005,0,1,1,Mobile Applications Developer,Software & Web Development
PS2_2232,PS2_Benchmark,4.0,3.0,0.0,4.4,1,0,1,Mobile Applications Developer,Software & Web Development
PS2_2233,PS2_Benchmark,4.0,5.0,6.8,2.2,0,0,1,Mobile Applications Developer,Software & Web Development
PS2_2234,PS2_Benchmark,2.0,9.0,4.4,4.4,1,0,1,Mobile Applications Developer,Software & Web Development
PS2_2235,PS2_Benchmark,9.0,7.0,7.199999999999999,8.8,0,1,0,Mobile Applications Developer,Software & Web Development
PS2_2236,PS2_Benchmark,9.0,6.0,2.0,7.700000000000001,1,0,0,Mobile Applications Developer,Software & Web Development
PS2_2237,PS2_Benchmark,7.0,8.0,5.6,9.9,1,1,1,Mobile Applications Developer,Software & Web Development
PS2_2238,PS2_Benchmark,5.0,1.0,9.2,9.9,1,1,1,Network Security Engineer,Cybersecurity & Cloud
PS2_2239,PS2_Benchmark,3.0,7.0,5.6,8.8,0,0,0,Network Security Engineer,Cybersecurity & Cloud
PS2_2240,PS2_Benchmark,7.0,1.0,5.6,1.1,0,0,0,Network Security Engineer,Cybersecurity & Cloud
PS2_2241,PS2_Benchmark,2.0,6.0,9.2,3.3000000000000003,0,0,0,Network Security Engineer,Cybersecurity & Cloud
PS2_2242,PS2_Benchmark,4.0,2.0,4.4,9.9,1,0,1,Network Security Engineer,Cybersecurity & Cloud
PS2_2243,PS2_Benchmark,5.0,8.0,1.2,5.5,0,0,1,Network Security Engineer,Cybersecurity & Cloud
PS2_2244,PS2_Benchmark,7.0,7.0,9.2,8.8,0,1,0,Network Security Engineer,Cybersecurity & Cloud
PS2_2245,PS2_Benchmark,5.0,7.0,2.0,5.5,0,1,0,Network Security Engineer,Cybersecurity & Cloud
PS2_2246,PS2_Benchmark,3.0,8.0,7.199999999999999,5.5,1,1,1,Network Security Engineer,Cybersecurity & Cloud
PS2_2247,PS2_Benchmark,5.0,5.0,0.0,7.700000000000001,0,0,0,Network Security Engineer,Cybersecurity & Cloud
PS2_2248,PS2_Benchmark,7.0,2.0,8.0,7.700000000000001,0,0,1,Network Security Engineer,Cybersecurity & Cloud
PS2_2249,PS2_Benchmark,9.0,2.0,2.4,7.700000000000001,1,0,0,Network Security Engineer,Cybersecurity & Cloud
PS2_2250,PS2_Benchmark,2.0,7.0,2.0,2.2,1,1,0,Network Security Engineer,Cybersecurity & Cloud
PS2_2251,PS2_Benchmark,7.0,2.0,2.4,8.8,1,1,0,Network Security Engineer,Cybersecurity & Cloud
PS2_2252,PS2_Benchmark,7.0,1.0,6.8,1.1,1,1,0,Network Security Engineer,Cybersecurity & Cloud
PS2_2253,PS2_Benchmark,9.0,1.0,9.2,8.8,1,0,0,Network Security Engineer,Cybersecurity & Cloud
PS2_2254,PS2_Benchmark,3.0,4.0,7.199999999999999,1.1,1,1,0,Network Security Engineer,Cybersecurity & Cloud
PS2_2255,PS2_Benchmark,6.0,6.0,6.0,5.5,1,0,1,Network Security Engineer,Cybersecurity & Cloud
PS2_2256,PS2_Benchmark,6.0,8.0,2.4,4.4,1,0,0,Network Security Engineer,Cybersecurity & Cloud
PS2_2257,PS2_Benchmark,5.0,8.0,4.8,6.6000000000000005,0,1,1,Network Security Engineer,Cybersecurity & Cloud
PS2_2258,PS2_Benchmark,4.0,1.0,2.4,7.700000000000001,1,1,1,Network Security Engineer,Cybersecurity & Cloud
PS2_2259,PS2_Benchmark,5.0,8.0,4.4,2.2,0,1,1,Network Security Engineer,Cybersecurity & Cloud
PS2_2260,PS2_Benchmark,9.0,2.0,1.2,3.3000000000000003,0,1,0,Network Security Engineer,Cybersecurity & Cloud
PS2_2261,PS2_Benchmark,6.0,5.0,4.8,4.4,0,1,0,Network Security Engineer,Cybersecurity & Cloud
PS2_2262,PS2_Benchmark,2.0,2.0,6.0,4.4,1,1,0,Network Security Engineer,Cybersecurity & Cloud
PS2_2263,PS2_Benchmark,1.0,2.0,6.8,1.1,1,1,1,Network Security Engineer,Cybersecurity & Cloud
PS2_2264,PS2_Benchmark,6.0,8.0,2.4,4.4,0,1,1,Network Security Engineer,Cybersecurity & Cloud
PS2_2265,PS2_Benchmark,2.0,1.0,3.5999999999999996,8.8,0,1,1,Network Security Engineer,Cybersecurity & Cloud
PS2_2266,PS2_Benchmark,2.0,7.0,3.2,2.2,0,1,1,Network Security Engineer,Cybersecurity & Cloud
PS2_2267,PS2_Benchmark,6.0,7.0,6.0,3.3000000000000003,1,1,1,Network Security Engineer,Cybersecurity & Cloud
PS2_2268,PS2_Benchmark,6.0,1.0,0.0,9.9,1,1,0,Network Security Engineer,Cybersecurity & Cloud
PS2_2269,PS2_Benchmark,1.0,2.0,0.0,6.6000000000000005,0,1,1,Network Security Engineer,Cybersecurity & Cloud
PS2_2270,PS2_Benchmark,3.0,9.0,4.8,7.700000000000001,0,0,1,Network Security Engineer,Cybersecurity & Cloud
PS2_2271,PS2_Benchmark,7.0,4.0,3.2,4.4,1,0,0,Network Security Engineer,Cybersecurity & Cloud
PS2_2272,PS2_Benchmark,2.0,9.0,9.2,3.3000000000000003,0,1,0,Network Security Engineer,Cybersecurity & Cloud
PS2_2273,PS2_Benchmark,5.0,7.0,7.199999999999999,5.5,0,1,1,Network Security Engineer,Cybersecurity & Cloud
PS2_2274,PS2_Benchmark,6.0,8.0,3.2,7.700000000000001,0,1,1,Network Security Engineer,Cybersecurity & Cloud
PS2_2275,PS2_Benchmark,4.0,9.0,4.4,2.2,1,1,1,Network Security Engineer,Cybersecurity & Cloud
PS2_2276,PS2_Benchmark,5.0,2.0,6.8,6.6000000000000005,1,1,1,Network Security Engineer,Cybersecurity & Cloud
PS2_2277,PS2_Benchmark,6.0,3.0,4.8,1.1,0,0,0,Network Security Engineer,Cybersecurity & Cloud
PS2_2278,PS2_Benchmark,7.0,6.0,8.0,2.2,0,1,1,Network Security Engineer,Cybersecurity & Cloud
PS2_2279,PS2_Benchmark,5.0,7.0,4.4,4.4,0,0,1,Network Security Engineer,Cybersecurity & Cloud
PS2_2280,PS2_Benchmark,5.0,5.0,2.4,3.3000000000000003,0,0,1,Network Security Engineer,Cybersecurity & Cloud
PS2_2281,PS2_Benchmark,7.0,6.0,4.8,3.3000000000000003,1,1,1,Network Security Engineer,Cybersecurity & Cloud
PS2_2282,PS2_Benchmark,7.0,7.0,3.5999999999999996,8.8,1,0,0,Network Security Engineer,Cybersecurity & Cloud
PS2_2283,PS2_Benchmark,9.0,8.0,5.6,8.8,0,1,0,Network Security Engineer,Cybersecurity & Cloud
PS2_2284,PS2_Benchmark,4.0,8.0,1.2,6.6000000000000005,1,0,1,Network Security Engineer,Cybersecurity & Cloud
PS2_2285,PS2_Benchmark,3.0,4.0,1.2,3.3000000000000003,1,1,1,Network Security Engineer,Cybersecurity & Cloud
PS2_2286,PS2_Benchmark,8.0,4.0,6.8,4.4,1,0,0,Network Security Engineer,Cybersecurity & Cloud
PS2_2287,PS2_Benchmark,8.0,1.0,6.0,8.8,0,0,1,Network Security Engineer,Cybersecurity & Cloud
PS2_2288,PS2_Benchmark,1.0,1.0,2.0,1.1,1,1,0,Network Security Engineer,Cybersecurity & Cloud
PS2_2289,PS2_Benchmark,1.0,6.0,6.0,9.9,0,0,0,Network Security Engineer,Cybersecurity & Cloud
PS2_2290,PS2_Benchmark,6.0,7.0,4.8,1.1,0,0,1,Network Security Engineer,Cybersecurity & Cloud
PS2_2291,PS2_Benchmark,9.0,1.0,6.0,9.9,0,1,0,Network Security Engineer,Cybersecurity & Cloud
PS2_2292,PS2_Benchmark,4.0,8.0,2.4,3.3000000000000003,1,1,1,Network Security Engineer,Cybersecurity & Cloud
PS2_2293,PS2_Benchmark,9.0,5.0,1.2,9.9,1,0,1,Network Security Engineer,Cybersecurity & Cloud
PS2_2294,PS2_Benchmark,3.0,9.0,6.8,9.9,1,1,1,Network Security Engineer,Cybersecurity & Cloud
PS2_2295,PS2_Benchmark,6.0,8.0,4.8,4.4,0,0,0,Network Security Engineer,Cybersecurity & Cloud
PS2_2296,PS2_Benchmark,2.0,2.0,6.8,5.5,1,0,1,Network Security Engineer,Cybersecurity & Cloud
PS2_2297,PS2_Benchmark,1.0,9.0,2.4,2.2,0,1,0,Network Security Engineer,Cybersecurity & Cloud
PS2_2298,PS2_Benchmark,4.0,1.0,4.8,4.4,1,0,0,Network Security Engineer,Cybersecurity & Cloud
PS2_2299,PS2_Benchmark,3.0,4.0,4.8,4.4,0,0,1,Network Security Engineer,Cybersecurity & Cloud
PS2_2300,PS2_Benchmark,9.0,4.0,8.0,1.1,1,1,0,Network Security Engineer,Cybersecurity & Cloud
PS2_2301,PS2_Benchmark,6.0,5.0,5.6,1.1,1,1,0,Network Security Engineer,Cybersecurity & Cloud
PS2_2302,PS2_Benchmark,5.0,3.0,2.4,7.700000000000001,0,1,1,Network Security Engineer,Cybersecurity & Cloud
PS2_2303,PS2_Benchmark,5.0,2.0,5.6,2.2,0,1,1,Network Security Engineer,Cybersecurity & Cloud
PS2_2304,PS2_Benchmark,5.0,6.0,3.5999999999999996,5.5,1,1,0,Network Security Engineer,Cybersecurity & Cloud
PS2_2305,PS2_Benchmark,8.0,6.0,4.4,2.2,0,1,0,Network Security Engineer,Cybersecurity & Cloud
PS2_2306,PS2_Benchmark,9.0,2.0,4.8,7.700000000000001,1,1,1,Network Security Engineer,Cybersecurity & Cloud
PS2_2307,PS2_Benchmark,3.0,4.0,4.4,4.4,1,1,0,Network Security Engineer,Cybersecurity & Cloud
PS2_2308,PS2_Benchmark,9.0,6.0,0.0,2.2,0,1,1,Network Security Engineer,Cybersecurity & Cloud
PS2_2309,PS2_Benchmark,3.0,5.0,2.0,9.9,1,1,0,Network Security Engineer,Cybersecurity & Cloud
PS2_2310,PS2_Benchmark,5.0,4.0,6.8,1.1,0,0,1,Network Security Engineer,Cybersecurity & Cloud
PS2_2311,PS2_Benchmark,5.0,3.0,6.8,4.4,1,1,0,Network Security Engineer,Cybersecurity & Cloud
PS2_2312,PS2_Benchmark,2.0,6.0,4.8,8.8,1,0,0,Network Security Engineer,Cybersecurity & Cloud
PS2_2313,PS2_Benchmark,4.0,9.0,4.8,8.8,1,0,1,Network Security Engineer,Cybersecurity & Cloud
PS2_2314,PS2_Benchmark,7.0,8.0,2.4,2.2,1,1,1,Network Security Engineer,Cybersecurity & Cloud
PS2_2315,PS2_Benchmark,8.0,4.0,4.4,8.8,0,0,0,Network Security Engineer,Cybersecurity & Cloud
PS2_2316,PS2_Benchmark,5.0,6.0,2.4,8.8,0,1,0,Network Security Engineer,Cybersecurity & Cloud
PS2_2317,PS2_Benchmark,1.0,8.0,0.0,6.6000000000000005,0,1,0,Network Security Engineer,Cybersecurity & Cloud
PS2_2318,PS2_Benchmark,5.0,6.0,4.8,1.1,0,1,1,Network Security Engineer,Cybersecurity & Cloud
PS2_2319,PS2_Benchmark,9.0,6.0,3.5999999999999996,1.1,1,0,1,Network Security Engineer,Cybersecurity & Cloud
PS2_2320,PS2_Benchmark,2.0,3.0,1.2,5.5,0,1,1,Network Security Engineer,Cybersecurity & Cloud
PS2_2321,PS2_Benchmark,1.0,4.0,6.8,9.9,0,1,0,Network Security Engineer,Cybersecurity & Cloud
PS2_2322,PS2_Benchmark,5.0,7.0,2.4,3.3000000000000003,0,1,0,Network Security Engineer,Cybersecurity & Cloud
PS2_2323,PS2_Benchmark,3.0,2.0,3.5999999999999996,8.8,0,0,1,Network Security Engineer,Cybersecurity & Cloud
PS2_2324,PS2_Benchmark,8.0,6.0,8.0,8.8,1,1,1,Network Security Engineer,Cybersecurity & Cloud
PS2_2325,PS2_Benchmark,3.0,2.0,5.6,8.8,0,0,0,Network Security Engineer,Cybersecurity & Cloud
PS2_2326,PS2_Benchmark,4.0,3.0,5.6,5.5,1,0,0,Network Security Engineer,Cybersecurity & Cloud
PS2_2327,PS2_Benchmark,2.0,8.0,6.8,4.4,1,0,1,Network Security Engineer,Cybersecurity & Cloud
PS2_2328,PS2_Benchmark,2.0,2.0,2.4,2.2,1,1,1,Network Security Engineer,Cybersecurity & Cloud
PS2_2329,PS2_Benchmark,8.0,7.0,3.2,1.1,0,1,1,Network Security Engineer,Cybersecurity & Cloud
PS2_2330,PS2_Benchmark,7.0,9.0,1.2,4.4,0,1,1,Network Security Engineer,Cybersecurity & Cloud
PS2_2331,PS2_Benchmark,9.0,8.0,0.0,1.1,1,1,1,Network Security Engineer,Cybersecurity & Cloud
PS2_2332,PS2_Benchmark,6.0,9.0,4.4,5.5,1,0,1,Network Security Engineer,Cybersecurity & Cloud
PS2_2333,PS2_Benchmark,8.0,6.0,4.4,9.9,1,0,0,Network Security Engineer,Cybersecurity & Cloud
PS2_2334,PS2_Benchmark,8.0,8.0,2.4,8.8,1,0,0,Network Security Engineer,Cybersecurity & Cloud
PS2_2335,PS2_Benchmark,1.0,9.0,4.4,7.700000000000001,1,0,1,Network Security Engineer,Cybersecurity & Cloud
PS2_2336,PS2_Benchmark,2.0,1.0,6.0,5.5,1,0,1,Network Security Engineer,Cybersecurity & Cloud
PS2_2337,PS2_Benchmark,6.0,6.0,9.2,4.4,1,1,1,Network Security Engineer,Cybersecurity & Cloud
PS2_2338,PS2_Benchmark,7.0,3.0,4.8,4.4,1,0,1,Network Security Engineer,Cybersecurity & Cloud
PS2_2339,PS2_Benchmark,3.0,2.0,2.4,9.9,0,0,0,Network Security Engineer,Cybersecurity & Cloud
PS2_2340,PS2_Benchmark,7.0,6.0,4.4,6.6000000000000005,1,1,0,Network Security Engineer,Cybersecurity & Cloud
PS2_2341,PS2_Benchmark,4.0,7.0,2.0,4.4,0,0,1,Network Security Engineer,Cybersecurity & Cloud
PS2_2342,PS2_Benchmark,7.0,4.0,1.2,8.8,0,1,0,Network Security Engineer,Cybersecurity & Cloud
PS2_2343,PS2_Benchmark,1.0,7.0,7.199999999999999,2.2,1,1,1,Network Security Engineer,Cybersecurity & Cloud
PS2_2344,PS2_Benchmark,5.0,6.0,8.0,5.5,1,1,0,Network Security Engineer,Cybersecurity & Cloud
PS2_2345,PS2_Benchmark,5.0,7.0,3.2,2.2,0,1,0,Network Security Engineer,Cybersecurity & Cloud
PS2_2346,PS2_Benchmark,2.0,9.0,2.4,3.3000000000000003,1,1,1,Network Security Engineer,Cybersecurity & Cloud
PS2_2347,PS2_Benchmark,1.0,2.0,2.4,4.4,0,1,0,Network Security Engineer,Cybersecurity & Cloud
PS2_2348,PS2_Benchmark,1.0,1.0,6.0,3.3000000000000003,0,1,0,Network Security Engineer,Cybersecurity & Cloud
PS2_2349,PS2_Benchmark,2.0,3.0,6.0,1.1,0,1,0,Network Security Engineer,Cybersecurity & Cloud
PS2_2350,PS2_Benchmark,3.0,4.0,0.0,3.3000000000000003,1,1,1,Network Security Engineer,Cybersecurity & Cloud
PS2_2351,PS2_Benchmark,1.0,7.0,8.0,2.2,1,1,1,Network Security Engineer,Cybersecurity & Cloud
PS2_2352,PS2_Benchmark,7.0,3.0,8.0,6.6000000000000005,0,1,1,Network Security Engineer,Cybersecurity & Cloud
PS2_2353,PS2_Benchmark,8.0,2.0,7.199999999999999,3.3000000000000003,0,0,1,Network Security Engineer,Cybersecurity & Cloud
PS2_2354,PS2_Benchmark,4.0,3.0,3.2,3.3000000000000003,0,1,1,Network Security Engineer,Cybersecurity & Cloud
PS2_2355,PS2_Benchmark,7.0,7.0,6.8,2.2,1,0,1,Network Security Engineer,Cybersecurity & Cloud
PS2_2356,PS2_Benchmark,2.0,5.0,8.0,3.3000000000000003,1,1,0,Network Security Engineer,Cybersecurity & Cloud
PS2_2357,PS2_Benchmark,5.0,9.0,7.199999999999999,8.8,1,0,1,Network Security Engineer,Cybersecurity & Cloud
PS2_2358,PS2_Benchmark,7.0,3.0,4.8,5.5,1,0,1,Network Security Engineer,Cybersecurity & Cloud
PS2_2359,PS2_Benchmark,3.0,4.0,0.0,9.9,1,1,1,Network Security Engineer,Cybersecurity & Cloud
PS2_2360,PS2_Benchmark,6.0,6.0,6.0,7.700000000000001,1,1,0,Network Security Engineer,Cybersecurity & Cloud
PS2_2361,PS2_Benchmark,5.0,8.0,9.2,8.8,1,1,0,Network Security Engineer,Cybersecurity & Cloud
PS2_2362,PS2_Benchmark,9.0,7.0,6.0,6.6000000000000005,0,1,0,Network Security Engineer,Cybersecurity & Cloud
PS2_2363,PS2_Benchmark,5.0,4.0,6.0,1.1,0,0,1,Network Security Engineer,Cybersecurity & Cloud
PS2_2364,PS2_Benchmark,9.0,2.0,2.0,1.1,0,1,1,Network Security Engineer,Cybersecurity & Cloud
PS2_2365,PS2_Benchmark,3.0,7.0,1.2,3.3000000000000003,1,0,1,Network Security Engineer,Cybersecurity & Cloud
PS2_2366,PS2_Benchmark,9.0,3.0,6.0,3.3000000000000003,1,0,1,Network Security Engineer,Cybersecurity & Cloud
PS2_2367,PS2_Benchmark,9.0,9.0,4.8,1.1,1,0,0,Network Security Engineer,Cybersecurity & Cloud
PS2_2368,PS2_Benchmark,9.0,1.0,6.0,9.9,1,1,1,Network Security Engineer,Cybersecurity & Cloud
PS2_2369,PS2_Benchmark,6.0,1.0,6.8,1.1,0,1,0,Network Security Engineer,Cybersecurity & Cloud
PS2_2370,PS2_Benchmark,8.0,7.0,5.6,9.9,1,1,1,Network Security Engineer,Cybersecurity & Cloud
PS2_2371,PS2_Benchmark,1.0,7.0,0.0,9.9,0,1,1,Network Security Engineer,Cybersecurity & Cloud
PS2_2372,PS2_Benchmark,8.0,4.0,0.0,4.4,0,0,0,Network Security Engineer,Cybersecurity & Cloud
PS2_2373,PS2_Benchmark,2.0,5.0,4.8,8.8,0,0,1,Network Security Engineer,Cybersecurity & Cloud
PS2_2374,PS2_Benchmark,3.0,7.0,4.8,2.2,0,1,0,Network Security Engineer,Cybersecurity & Cloud
PS2_2375,PS2_Benchmark,6.0,3.0,2.4,7.700000000000001,0,0,1,Network Security Engineer,Cybersecurity & Cloud
PS2_2376,PS2_Benchmark,3.0,2.0,8.0,3.3000000000000003,1,1,1,Network Security Engineer,Cybersecurity & Cloud
PS2_2377,PS2_Benchmark,7.0,5.0,3.5999999999999996,9.9,1,1,1,Network Security Engineer,Cybersecurity & Cloud
PS2_2378,PS2_Benchmark,1.0,9.0,3.5999999999999996,2.2,0,0,1,Network Security Engineer,Cybersecurity & Cloud
PS2_2379,PS2_Benchmark,4.0,8.0,7.199999999999999,5.5,0,0,1,Network Security Engineer,Cybersecurity & Cloud
PS2_2380,PS2_Benchmark,1.0,5.0,2.4,6.6000000000000005,1,0,1,Network Security Engineer,Cybersecurity & Cloud
PS2_2381,PS2_Benchmark,7.0,3.0,2.0,9.9,1,0,0,Network Security Engineer,Cybersecurity & Cloud
PS2_2382,PS2_Benchmark,4.0,9.0,2.4,6.6000000000000005,1,0,1,Network Security Engineer,Cybersecurity & Cloud
PS2_2383,PS2_Benchmark,2.0,8.0,3.2,2.2,1,0,1,Network Security Engineer,Cybersecurity & Cloud
PS2_2384,PS2_Benchmark,3.0,2.0,8.0,6.6000000000000005,0,0,0,Network Security Engineer,Cybersecurity & Cloud
PS2_2385,PS2_Benchmark,9.0,6.0,6.0,8.8,0,1,1,Network Security Engineer,Cybersecurity & Cloud
PS2_2386,PS2_Benchmark,8.0,6.0,4.4,7.700000000000001,0,1,0,Network Security Engineer,Cybersecurity & Cloud
PS2_2387,PS2_Benchmark,7.0,3.0,3.5999999999999996,6.6000000000000005,0,1,1,Network Security Engineer,Cybersecurity & Cloud
PS2_2388,PS2_Benchmark,1.0,9.0,7.199999999999999,3.3000000000000003,0,0,1,Network Security Engineer,Cybersecurity & Cloud
PS2_2389,PS2_Benchmark,6.0,8.0,6.0,6.6000000000000005,1,1,0,Network Security Engineer,Cybersecurity & Cloud
PS2_2390,PS2_Benchmark,7.0,9.0,6.0,8.8,1,1,0,Network Security Engineer,Cybersecurity & Cloud
PS2_2391,PS2_Benchmark,4.0,1.0,6.8,4.4,0,0,0,Network Security Engineer,Cybersecurity & Cloud
PS2_2392,PS2_Benchmark,9.0,7.0,4.4,6.6000000000000005,1,1,0,Network Security Engineer,Cybersecurity & Cloud
PS2_2393,PS2_Benchmark,8.0,5.0,2.0,8.8,0,0,1,Network Security Engineer,Cybersecurity & Cloud
PS2_2394,PS2_Benchmark,2.0,9.0,5.6,2.2,0,1,0,Network Security Engineer,Cybersecurity & Cloud
PS2_2395,PS2_Benchmark,4.0,5.0,2.4,7.700000000000001,1,0,0,Network Security Engineer,Cybersecurity & Cloud
PS2_2396,PS2_Benchmark,9.0,3.0,6.0,4.4,1,0,0,Network Security Engineer,Cybersecurity & Cloud
PS2_2397,PS2_Benchmark,2.0,8.0,3.5999999999999996,9.9,1,1,1,Network Security Engineer,Cybersecurity & Cloud
PS2_2398,PS2_Benchmark,3.0,3.0,6.0,8.8,0,1,0,Network Security Engineer,Cybersecurity & Cloud
PS2_2399,PS2_Benchmark,1.0,9.0,4.8,8.8,1,0,1,Network Security Engineer,Cybersecurity & Cloud
PS2_2400,PS2_Benchmark,9.0,6.0,0.0,7.700000000000001,0,0,0,Network Security Engineer,Cybersecurity & Cloud
PS2_2401,PS2_Benchmark,1.0,9.0,4.4,2.2,0,0,1,Network Security Engineer,Cybersecurity & Cloud
PS2_2402,PS2_Benchmark,8.0,9.0,4.8,5.5,0,0,0,Network Security Engineer,Cybersecurity & Cloud
PS2_2403,PS2_Benchmark,2.0,4.0,4.4,4.4,1,1,0,Network Security Engineer,Cybersecurity & Cloud
PS2_2404,PS2_Benchmark,9.0,6.0,8.0,3.3000000000000003,1,1,1,Network Security Engineer,Cybersecurity & Cloud
PS2_2405,PS2_Benchmark,6.0,8.0,2.0,8.8,0,0,1,Network Security Engineer,Cybersecurity & Cloud
PS2_2406,PS2_Benchmark,4.0,1.0,3.5999999999999996,2.2,0,1,1,Network Security Engineer,Cybersecurity & Cloud
PS2_2407,PS2_Benchmark,9.0,6.0,2.0,7.700000000000001,1,0,1,Network Security Engineer,Cybersecurity & Cloud
PS2_2408,PS2_Benchmark,5.0,4.0,5.6,5.5,0,0,1,Network Security Engineer,Cybersecurity & Cloud
PS2_2409,PS2_Benchmark,3.0,1.0,4.8,8.8,0,0,0,Network Security Engineer,Cybersecurity & Cloud
PS2_2410,PS2_Benchmark,7.0,5.0,0.0,1.1,1,0,1,Network Security Engineer,Cybersecurity & Cloud
PS2_2411,PS2_Benchmark,9.0,5.0,2.4,7.700000000000001,0,0,1,Network Security Engineer,Cybersecurity & Cloud
PS2_2412,PS2_Benchmark,3.0,1.0,2.0,4.4,0,0,1,Network Security Engineer,Cybersecurity & Cloud
PS2_2413,PS2_Benchmark,2.0,7.0,3.2,6.6000000000000005,0,0,1,Network Security Engineer,Cybersecurity & Cloud
PS2_2414,PS2_Benchmark,1.0,2.0,9.2,2.2,1,1,0,Network Security Engineer,Cybersecurity & Cloud
PS2_2415,PS2_Benchmark,4.0,4.0,1.2,5.5,0,1,0,Network Security Engineer,Cybersecurity & Cloud
PS2_2416,PS2_Benchmark,9.0,5.0,2.0,6.6000000000000005,0,1,1,Network Security Engineer,Cybersecurity & Cloud
PS2_2417,PS2_Benchmark,6.0,7.0,3.2,8.8,0,1,0,Network Security Engineer,Cybersecurity & Cloud
PS2_2418,PS2_Benchmark,4.0,5.0,5.6,6.6000000000000005,1,0,1,Network Security Engineer,Cybersecurity & Cloud
PS2_2419,PS2_Benchmark,6.0,5.0,2.0,2.2,1,1,0,Network Security Engineer,Cybersecurity & Cloud
PS2_2420,PS2_Benchmark,3.0,5.0,0.0,5.5,0,1,1,Network Security Engineer,Cybersecurity & Cloud
PS2_2421,PS2_Benchmark,4.0,2.0,7.199999999999999,8.8,0,1,0,Network Security Engineer,Cybersecurity & Cloud
PS2_2422,PS2_Benchmark,1.0,7.0,1.2,6.6000000000000005,1,0,1,Network Security Engineer,Cybersecurity & Cloud
PS2_2423,PS2_Benchmark,5.0,6.0,3.2,2.2,1,1,1,Network Security Engineer,Cybersecurity & Cloud
PS2_2424,PS2_Benchmark,8.0,6.0,2.4,6.6000000000000005,1,0,1,Network Security Engineer,Cybersecurity & Cloud
PS2_2425,PS2_Benchmark,5.0,4.0,3.2,2.2,1,1,1,Network Security Engineer,Cybersecurity & Cloud
PS2_2426,PS2_Benchmark,1.0,3.0,4.4,7.700000000000001,0,0,0,Network Security Engineer,Cybersecurity & Cloud
PS2_2427,PS2_Benchmark,7.0,1.0,2.0,3.3000000000000003,1,1,0,Network Security Engineer,Cybersecurity & Cloud
PS2_2428,PS2_Benchmark,6.0,1.0,3.2,5.5,1,0,1,Network Security Engineer,Cybersecurity & Cloud
PS2_2429,PS2_Benchmark,7.0,5.0,8.0,1.1,1,1,0,Network Security Engineer,Cybersecurity & Cloud
PS2_2430,PS2_Benchmark,8.0,8.0,0.0,5.5,0,1,0,Network Security Engineer,Cybersecurity & Cloud
PS2_2431,PS2_Benchmark,7.0,6.0,4.8,8.8,0,1,1,Network Security Engineer,Cybersecurity & Cloud
PS2_2432,PS2_Benchmark,1.0,1.0,2.4,7.700000000000001,0,0,1,Network Security Engineer,Cybersecurity & Cloud
PS2_2433,PS2_Benchmark,1.0,6.0,3.5999999999999996,3.3000000000000003,1,1,1,Network Security Engineer,Cybersecurity & Cloud
PS2_2434,PS2_Benchmark,7.0,8.0,6.0,4.4,1,0,0,Network Security Engineer,Cybersecurity & Cloud
PS2_2435,PS2_Benchmark,2.0,8.0,4.8,3.3000000000000003,1,0,1,Network Security Engineer,Cybersecurity & Cloud
PS2_2436,PS2_Benchmark,2.0,8.0,3.5999999999999996,2.2,1,0,0,Network Security Engineer,Cybersecurity & Cloud
PS2_2437,PS2_Benchmark,4.0,3.0,4.8,7.700000000000001,1,0,1,Network Security Engineer,Cybersecurity & Cloud
PS2_2438,PS2_Benchmark,3.0,3.0,4.8,8.8,1,1,0,Network Security Engineer,Cybersecurity & Cloud
PS2_2439,PS2_Benchmark,1.0,4.0,1.2,3.3000000000000003,0,1,0,Network Security Engineer,Cybersecurity & Cloud
PS2_2440,PS2_Benchmark,4.0,8.0,2.0,3.3000000000000003,0,0,0,Network Security Engineer,Cybersecurity & Cloud
PS2_2441,PS2_Benchmark,5.0,2.0,6.8,1.1,0,1,0,Network Security Engineer,Cybersecurity & Cloud
PS2_2442,PS2_Benchmark,3.0,9.0,1.2,7.700000000000001,1,1,1,Network Security Engineer,Cybersecurity & Cloud
PS2_2443,PS2_Benchmark,7.0,5.0,2.0,7.700000000000001,1,0,1,Network Security Engineer,Cybersecurity & Cloud
PS2_2444,PS2_Benchmark,9.0,7.0,3.2,7.700000000000001,1,0,0,Network Security Engineer,Cybersecurity & Cloud
PS2_2445,PS2_Benchmark,2.0,9.0,4.8,1.1,1,0,1,Network Security Engineer,Cybersecurity & Cloud
PS2_2446,PS2_Benchmark,3.0,8.0,3.5999999999999996,3.3000000000000003,0,0,0,Network Security Engineer,Cybersecurity & Cloud
PS2_2447,PS2_Benchmark,4.0,2.0,5.6,7.700000000000001,0,0,1,Network Security Engineer,Cybersecurity & Cloud
PS2_2448,PS2_Benchmark,5.0,3.0,5.6,9.9,1,1,0,Network Security Engineer,Cybersecurity & Cloud
PS2_2449,PS2_Benchmark,1.0,7.0,1.2,3.3000000000000003,1,0,0,Network Security Engineer,Cybersecurity & Cloud
PS2_2450,PS2_Benchmark,3.0,2.0,3.5999999999999996,4.4,1,1,0,Network Security Engineer,Cybersecurity & Cloud
PS2_2451,PS2_Benchmark,4.0,9.0,1.2,2.2,0,0,0,Network Security Engineer,Cybersecurity & Cloud
PS2_2452,PS2_Benchmark,1.0,2.0,4.4,4.4,0,0,1,Network Security Engineer,Cybersecurity & Cloud
PS2_2453,PS2_Benchmark,7.0,5.0,4.4,3.3000000000000003,0,1,0,Network Security Engineer,Cybersecurity & Cloud
PS2_2454,PS2_Benchmark,6.0,8.0,3.5999999999999996,3.3000000000000003,0,1,0,Network Security Engineer,Cybersecurity & Cloud
PS2_2455,PS2_Benchmark,7.0,7.0,8.0,8.8,1,0,1,Network Security Engineer,Cybersecurity & Cloud
PS2_2456,PS2_Benchmark,5.0,7.0,9.2,7.700000000000001,0,0,1,Network Security Engineer,Cybersecurity & Cloud
PS2_2457,PS2_Benchmark,7.0,7.0,2.0,5.5,0,0,1,Network Security Engineer,Cybersecurity & Cloud
PS2_2458,PS2_Benchmark,5.0,4.0,3.5999999999999996,3.3000000000000003,1,1,0,Network Security Engineer,Cybersecurity & Cloud
PS2_2459,PS2_Benchmark,6.0,4.0,5.6,3.3000000000000003,1,0,0,Network Security Engineer,Cybersecurity & Cloud
PS2_2460,PS2_Benchmark,2.0,3.0,9.2,7.700000000000001,1,1,0,Network Security Engineer,Cybersecurity & Cloud
PS2_2461,PS2_Benchmark,2.0,8.0,4.4,2.2,0,0,1,Network Security Engineer,Cybersecurity & Cloud
PS2_2462,PS2_Benchmark,7.0,5.0,1.2,4.4,1,1,1,Network Security Engineer,Cybersecurity & Cloud
PS2_2463,PS2_Benchmark,8.0,5.0,6.0,8.8,1,1,1,Network Security Engineer,Cybersecurity & Cloud
PS2_2464,PS2_Benchmark,8.0,4.0,2.4,6.6000000000000005,1,0,1,Network Security Engineer,Cybersecurity & Cloud
PS2_2465,PS2_Benchmark,3.0,3.0,5.6,7.700000000000001,1,0,1,Network Security Engineer,Cybersecurity & Cloud
PS2_2466,PS2_Benchmark,9.0,2.0,5.6,1.1,0,1,1,Network Security Engineer,Cybersecurity & Cloud
PS2_2467,PS2_Benchmark,1.0,3.0,7.199999999999999,6.6000000000000005,0,0,1,Network Security Engineer,Cybersecurity & Cloud
PS2_2468,PS2_Benchmark,7.0,7.0,6.0,6.6000000000000005,0,1,1,Network Security Engineer,Cybersecurity & Cloud
PS2_2469,PS2_Benchmark,8.0,2.0,5.6,3.3000000000000003,0,0,0,Network Security Engineer,Cybersecurity & Cloud
PS2_2470,PS2_Benchmark,5.0,1.0,6.0,5.5,0,1,0,Network Security Engineer,Cybersecurity & Cloud
PS2_2471,PS2_Benchmark,1.0,7.0,1.2,1.1,1,1,0,Network Security Engineer,Cybersecurity & Cloud
PS2_2472,PS2_Benchmark,3.0,3.0,9.2,4.4,1,0,1,Network Security Engineer,Cybersecurity & Cloud
PS2_2473,PS2_Benchmark,9.0,6.0,9.2,8.8,1,0,1,Network Security Engineer,Cybersecurity & Cloud
PS2_2474,PS2_Benchmark,8.0,8.0,3.5999999999999996,4.4,1,0,1,Network Security Engineer,Cybersecurity & Cloud
PS2_2475,PS2_Benchmark,1.0,4.0,7.199999999999999,1.1,0,1,0,Network Security Engineer,Cybersecurity & Cloud
PS2_2476,PS2_Benchmark,7.0,4.0,1.2,7.700000000000001,1,1,0,Network Security Engineer,Cybersecurity & Cloud
PS2_2477,PS2_Benchmark,3.0,8.0,1.2,6.6000000000000005,0,0,0,Network Security Engineer,Cybersecurity & Cloud
PS2_2478,PS2_Benchmark,4.0,6.0,3.2,2.2,0,1,0,Network Security Engineer,Cybersecurity & Cloud
PS2_2479,PS2_Benchmark,1.0,4.0,9.2,4.4,0,0,0,Network Security Engineer,Cybersecurity & Cloud
PS2_2480,PS2_Benchmark,9.0,6.0,3.2,7.700000000000001,0,0,1,Network Security Engineer,Cybersecurity & Cloud
PS2_2481,PS2_Benchmark,5.0,6.0,5.6,9.9,1,0,0,Network Security Engineer,Cybersecurity & Cloud
PS2_2482,PS2_Benchmark,4.0,2.0,8.0,7.700000000000001,0,0,0,Network Security Engineer,Cybersecurity & Cloud
PS2_2483,PS2_Benchmark,3.0,6.0,2.4,5.5,0,1,0,Network Security Engineer,Cybersecurity & Cloud
PS2_2484,PS2_Benchmark,5.0,5.0,4.8,2.2,1,1,0,Network Security Engineer,Cybersecurity & Cloud
PS2_2485,PS2_Benchmark,3.0,4.0,5.6,2.2,0,0,1,Network Security Engineer,Cybersecurity & Cloud
PS2_2486,PS2_Benchmark,9.0,7.0,4.8,4.4,1,0,1,Network Security Engineer,Cybersecurity & Cloud
PS2_2487,PS2_Benchmark,9.0,1.0,2.4,5.5,0,0,0,Network Security Engineer,Cybersecurity & Cloud
PS2_2488,PS2_Benchmark,9.0,7.0,3.2,8.8,1,0,0,Network Security Engineer,Cybersecurity & Cloud
PS2_2489,PS2_Benchmark,3.0,4.0,0.0,5.5,0,1,1,Network Security Engineer,Cybersecurity & Cloud
PS2_2490,PS2_Benchmark,9.0,6.0,6.0,6.6000000000000005,1,0,0,Network Security Engineer,Cybersecurity & Cloud
PS2_2491,PS2_Benchmark,6.0,7.0,2.0,9.9,0,1,0,Network Security Engineer,Cybersecurity & Cloud
PS2_2492,PS2_Benchmark,7.0,4.0,7.199999999999999,4.4,0,0,0,Network Security Engineer,Cybersecurity & Cloud
PS2_2493,PS2_Benchmark,3.0,4.0,6.8,7.700000000000001,0,1,0,Network Security Engineer,Cybersecurity & Cloud
PS2_2494,PS2_Benchmark,2.0,6.0,6.8,5.5,1,0,1,Network Security Engineer,Cybersecurity & Cloud
PS2_2495,PS2_Benchmark,3.0,9.0,7.199999999999999,8.8,1,1,0,Network Security Engineer,Cybersecurity & Cloud
PS2_2496,PS2_Benchmark,2.0,4.0,1.2,5.5,1,0,1,Network Security Engineer,Cybersecurity & Cloud
PS2_2497,PS2_Benchmark,4.0,9.0,3.2,8.8,1,1,0,Network Security Engineer,Cybersecurity & Cloud
PS2_2498,PS2_Benchmark,8.0,9.0,0.0,6.6000000000000005,1,0,0,Network Security Engineer,Cybersecurity & Cloud
PS2_2499,PS2_Benchmark,9.0,7.0,4.8,4.4,0,0,0,Network Security Engineer,Cybersecurity & Cloud
PS2_2500,PS2_Benchmark,4.0,5.0,4.4,4.4,0,1,0,Network Security Engineer,Cybersecurity & Cloud
PS2_2501,PS2_Benchmark,3.0,5.0,3.5999999999999996,4.4,0,1,1,Network Security Engineer,Cybersecurity & Cloud
PS2_2502,PS2_Benchmark,6.0,8.0,0.0,4.4,0,1,0,Network Security Engineer,Cybersecurity & Cloud
PS2_2503,PS2_Benchmark,6.0,4.0,6.8,3.3000000000000003,1,0,1,Network Security Engineer,Cybersecurity & Cloud
PS2_2504,PS2_Benchmark,9.0,9.0,2.0,5.5,1,1,0,Network Security Engineer,Cybersecurity & Cloud
PS2_2505,PS2_Benchmark,4.0,5.0,4.8,3.3000000000000003,0,0,1,Network Security Engineer,Cybersecurity & Cloud
PS2_2506,PS2_Benchmark,8.0,7.0,5.6,2.2,1,1,1,Network Security Engineer,Cybersecurity & Cloud
PS2_2507,PS2_Benchmark,2.0,6.0,3.2,1.1,0,0,1,Network Security Engineer,Cybersecurity & Cloud
PS2_2508,PS2_Benchmark,6.0,1.0,2.4,8.8,0,0,0,Network Security Engineer,Cybersecurity & Cloud
PS2_2509,PS2_Benchmark,6.0,4.0,5.6,5.5,0,0,0,Network Security Engineer,Cybersecurity & Cloud
PS2_2510,PS2_Benchmark,2.0,4.0,7.199999999999999,9.9,0,0,1,Network Security Engineer,Cybersecurity & Cloud
PS2_2511,PS2_Benchmark,1.0,3.0,8.0,6.6000000000000005,1,1,1,Network Security Engineer,Cybersecurity & Cloud
PS2_2512,PS2_Benchmark,9.0,8.0,5.6,1.1,1,1,0,Network Security Engineer,Cybersecurity & Cloud
PS2_2513,PS2_Benchmark,2.0,4.0,5.6,7.700000000000001,0,0,0,Network Security Engineer,Cybersecurity & Cloud
PS2_2514,PS2_Benchmark,2.0,5.0,9.2,3.3000000000000003,0,1,1,Network Security Engineer,Cybersecurity & Cloud
PS2_2515,PS2_Benchmark,1.0,6.0,0.0,7.700000000000001,1,0,0,Network Security Engineer,Cybersecurity & Cloud
PS2_2516,PS2_Benchmark,8.0,5.0,4.8,9.9,0,1,0,Network Security Engineer,Cybersecurity & Cloud
PS2_2517,PS2_Benchmark,8.0,4.0,6.0,6.6000000000000005,1,1,0,Network Security Engineer,Cybersecurity & Cloud
PS2_2518,PS2_Benchmark,4.0,2.0,4.8,7.700000000000001,1,0,1,Network Security Engineer,Cybersecurity & Cloud
PS2_2519,PS2_Benchmark,2.0,2.0,3.2,6.6000000000000005,0,1,1,Network Security Engineer,Cybersecurity & Cloud
PS2_2520,PS2_Benchmark,6.0,8.0,8.0,1.1,1,1,1,Network Security Engineer,Cybersecurity & Cloud
PS2_2521,PS2_Benchmark,6.0,3.0,3.5999999999999996,3.3000000000000003,1,1,0,Network Security Engineer,Cybersecurity & Cloud
PS2_2522,PS2_Benchmark,6.0,5.0,5.6,4.4,1,0,0,Network Security Engineer,Cybersecurity & Cloud
PS2_2523,PS2_Benchmark,1.0,3.0,6.0,5.5,1,1,1,Network Security Engineer,Cybersecurity & Cloud
PS2_2524,PS2_Benchmark,3.0,4.0,7.199999999999999,3.3000000000000003,1,0,0,Network Security Engineer,Cybersecurity & Cloud
PS2_2525,PS2_Benchmark,1.0,4.0,4.8,4.4,0,1,0,Network Security Engineer,Cybersecurity & Cloud
PS2_2526,PS2_Benchmark,9.0,7.0,3.5999999999999996,1.1,0,1,0,Network Security Engineer,Cybersecurity & Cloud
PS2_2527,PS2_Benchmark,6.0,9.0,3.2,4.4,0,0,0,Network Security Engineer,Cybersecurity & Cloud
PS2_2528,PS2_Benchmark,5.0,9.0,1.2,6.6000000000000005,0,0,0,Network Security Engineer,Cybersecurity & Cloud
PS2_2529,PS2_Benchmark,2.0,4.0,5.6,7.700000000000001,1,1,0,Network Security Engineer,Cybersecurity & Cloud
PS2_2530,PS2_Benchmark,8.0,4.0,6.0,9.9,1,1,0,Network Security Engineer,Cybersecurity & Cloud
PS2_2531,PS2_Benchmark,3.0,6.0,2.0,5.5,0,1,1,Network Security Engineer,Cybersecurity & Cloud
PS2_2532,PS2_Benchmark,3.0,1.0,8.0,2.2,1,0,0,Network Security Engineer,Cybersecurity & Cloud
PS2_2533,PS2_Benchmark,3.0,2.0,7.199999999999999,7.700000000000001,1,0,0,Network Security Engineer,Cybersecurity & Cloud
PS2_2534,PS2_Benchmark,9.0,5.0,6.0,8.8,0,0,0,Network Security Engineer,Cybersecurity & Cloud
PS2_2535,PS2_Benchmark,1.0,2.0,5.6,2.2,1,0,1,Network Security Engineer,Cybersecurity & Cloud
PS2_2536,PS2_Benchmark,7.0,1.0,4.4,3.3000000000000003,1,1,1,Network Security Engineer,Cybersecurity & Cloud
PS2_2537,PS2_Benchmark,2.0,6.0,0.0,1.1,1,1,1,Network Security Engineer,Cybersecurity & Cloud
PS2_2538,PS2_Benchmark,3.0,9.0,3.2,5.5,1,0,1,Network Security Engineer,Cybersecurity & Cloud
PS2_2539,PS2_Benchmark,7.0,3.0,8.0,8.8,0,0,1,Network Security Engineer,Cybersecurity & Cloud
PS2_2540,PS2_Benchmark,4.0,6.0,2.4,8.8,1,0,0,Network Security Engineer,Cybersecurity & Cloud
PS2_2541,PS2_Benchmark,4.0,2.0,6.8,3.3000000000000003,0,0,1,Network Security Engineer,Cybersecurity & Cloud
PS2_2542,PS2_Benchmark,8.0,1.0,3.2,4.4,1,1,1,Network Security Engineer,Cybersecurity & Cloud
PS2_2543,PS2_Benchmark,5.0,5.0,8.0,3.3000000000000003,0,1,1,Network Security Engineer,Cybersecurity & Cloud
PS2_2544,PS2_Benchmark,1.0,7.0,3.5999999999999996,5.5,1,1,0,Network Security Engineer,Cybersecurity & Cloud
PS2_2545,PS2_Benchmark,3.0,8.0,0.0,3.3000000000000003,0,1,0,Network Security Engineer,Cybersecurity & Cloud
PS2_2546,PS2_Benchmark,9.0,8.0,6.0,8.8,0,0,0,Network Security Engineer,Cybersecurity & Cloud
PS2_2547,PS2_Benchmark,6.0,1.0,9.2,9.9,1,0,0,Network Security Engineer,Cybersecurity & Cloud
PS2_2548,PS2_Benchmark,2.0,2.0,4.4,6.6000000000000005,1,0,1,Network Security Engineer,Cybersecurity & Cloud
PS2_2549,PS2_Benchmark,4.0,7.0,1.2,1.1,0,1,1,Network Security Engineer,Cybersecurity & Cloud
PS2_2550,PS2_Benchmark,6.0,5.0,1.2,7.700000000000001,0,0,1,Network Security Engineer,Cybersecurity & Cloud
PS2_2551,PS2_Benchmark,8.0,1.0,4.8,4.4,1,1,0,Network Security Engineer,Cybersecurity & Cloud
PS2_2552,PS2_Benchmark,3.0,9.0,9.2,4.4,0,0,0,Network Security Engineer,Cybersecurity & Cloud
PS2_2553,PS2_Benchmark,3.0,4.0,3.5999999999999996,2.2,1,1,0,Network Security Engineer,Cybersecurity & Cloud
PS2_2554,PS2_Benchmark,7.0,8.0,4.8,9.9,0,0,1,Network Security Engineer,Cybersecurity & Cloud
PS2_2555,PS2_Benchmark,5.0,5.0,6.0,5.5,1,0,0,Network Security Engineer,Cybersecurity & Cloud
PS2_2556,PS2_Benchmark,8.0,2.0,1.2,2.2,1,0,0,Network Security Engineer,Cybersecurity & Cloud
PS2_2557,PS2_Benchmark,6.0,2.0,6.0,1.1,1,1,1,Network Security Engineer,Cybersecurity & Cloud
PS2_2558,PS2_Benchmark,7.0,4.0,5.6,9.9,0,0,0,Network Security Engineer,Cybersecurity & Cloud
PS2_2559,PS2_Benchmark,1.0,8.0,3.2,2.2,1,1,1,Network Security Engineer,Cybersecurity & Cloud
PS2_2560,PS2_Benchmark,7.0,2.0,6.8,8.8,1,0,0,Network Security Engineer,Cybersecurity & Cloud
PS2_2561,PS2_Benchmark,2.0,1.0,3.5999999999999996,1.1,1,1,1,Network Security Engineer,Cybersecurity & Cloud
PS2_2562,PS2_Benchmark,6.0,6.0,3.5999999999999996,7.700000000000001,1,1,1,Network Security Engineer,Cybersecurity & Cloud
PS2_2563,PS2_Benchmark,6.0,5.0,6.8,3.3000000000000003,1,0,0,Network Security Engineer,Cybersecurity & Cloud
PS2_2564,PS2_Benchmark,5.0,1.0,3.5999999999999996,6.6000000000000005,0,0,0,Network Security Engineer,Cybersecurity & Cloud
PS2_2565,PS2_Benchmark,4.0,1.0,6.8,9.9,0,1,1,Network Security Engineer,Cybersecurity & Cloud
PS2_2566,PS2_Benchmark,6.0,3.0,2.0,4.4,1,0,0,Network Security Engineer,Cybersecurity & Cloud
PS2_2567,PS2_Benchmark,1.0,4.0,1.2,3.3000000000000003,1,1,0,Network Security Engineer,Cybersecurity & Cloud
PS2_2568,PS2_Benchmark,6.0,5.0,9.2,3.3000000000000003,0,1,0,Network Security Engineer,Cybersecurity & Cloud
PS2_2569,PS2_Benchmark,5.0,9.0,8.0,7.700000000000001,1,1,1,Network Security Engineer,Cybersecurity & Cloud
PS2_2570,PS2_Benchmark,6.0,6.0,3.2,3.3000000000000003,0,1,0,Network Security Engineer,Cybersecurity & Cloud
PS2_2571,PS2_Benchmark,1.0,6.0,1.2,5.5,0,1,1,Network Security Engineer,Cybersecurity & Cloud
PS2_2572,PS2_Benchmark,8.0,4.0,7.199999999999999,8.8,0,1,0,Network Security Engineer,Cybersecurity & Cloud
PS2_2573,PS2_Benchmark,5.0,8.0,4.4,6.6000000000000005,0,1,0,Network Security Engineer,Cybersecurity & Cloud
PS2_2574,PS2_Benchmark,9.0,5.0,7.199999999999999,4.4,1,0,1,Network Security Engineer,Cybersecurity & Cloud
PS2_2575,PS2_Benchmark,5.0,3.0,2.0,3.3000000000000003,1,0,1,Network Security Engineer,Cybersecurity & Cloud
PS2_2576,PS2_Benchmark,3.0,1.0,4.4,6.6000000000000005,0,1,1,Network Security Engineer,Cybersecurity & Cloud
PS2_2577,PS2_Benchmark,1.0,2.0,8.0,1.1,0,1,1,Network Security Engineer,Cybersecurity & Cloud
PS2_2578,PS2_Benchmark,8.0,5.0,1.2,9.9,0,1,0,Network Security Engineer,Cybersecurity & Cloud
PS2_2579,PS2_Benchmark,3.0,8.0,9.2,7.700000000000001,0,0,0,Network Security Engineer,Cybersecurity & Cloud
PS2_2580,PS2_Benchmark,6.0,6.0,1.2,4.4,1,0,0,Network Security Engineer,Cybersecurity & Cloud
PS2_2581,PS2_Benchmark,4.0,7.0,4.4,4.4,0,0,0,Network Security Engineer,Cybersecurity & Cloud
PS2_2582,PS2_Benchmark,1.0,4.0,5.6,6.6000000000000005,0,0,1,Network Security Engineer,Cybersecurity & Cloud
PS2_2583,PS2_Benchmark,5.0,8.0,2.4,5.5,1,1,1,Network Security Engineer,Cybersecurity & Cloud
PS2_2584,PS2_Benchmark,6.0,7.0,8.0,8.8,0,0,0,Network Security Engineer,Cybersecurity & Cloud
PS2_2585,PS2_Benchmark,8.0,6.0,4.8,7.700000000000001,1,0,0,Network Security Engineer,Cybersecurity & Cloud
PS2_2586,PS2_Benchmark,2.0,4.0,6.0,3.3000000000000003,1,0,1,Network Security Engineer,Cybersecurity & Cloud
PS2_2587,PS2_Benchmark,7.0,3.0,5.6,7.700000000000001,0,0,0,Network Security Engineer,Cybersecurity & Cloud
PS2_2588,PS2_Benchmark,8.0,7.0,1.2,4.4,1,1,0,Network Security Engineer,Cybersecurity & Cloud
PS2_2589,PS2_Benchmark,8.0,3.0,9.2,7.700000000000001,0,0,1,Network Security Engineer,Cybersecurity & Cloud
PS2_2590,PS2_Benchmark,7.0,8.0,1.2,5.5,0,0,0,Network Security Engineer,Cybersecurity & Cloud
PS2_2591,PS2_Benchmark,3.0,2.0,2.0,1.1,0,0,0,Network Security Engineer,Cybersecurity & Cloud
PS2_2592,PS2_Benchmark,3.0,3.0,1.2,2.2,1,0,1,Network Security Engineer,Cybersecurity & Cloud
PS2_2593,PS2_Benchmark,5.0,9.0,3.5999999999999996,4.4,1,1,1,Network Security Engineer,Cybersecurity & Cloud
PS2_2594,PS2_Benchmark,9.0,4.0,3.5999999999999996,5.5,1,0,1,Network Security Engineer,Cybersecurity & Cloud
PS2_2595,PS2_Benchmark,2.0,7.0,5.6,6.6000000000000005,1,1,1,Network Security Engineer,Cybersecurity & Cloud
PS2_2596,PS2_Benchmark,1.0,8.0,3.5999999999999996,2.2,0,0,0,Network Security Engineer,Cybersecurity & Cloud
PS2_2597,PS2_Benchmark,8.0,2.0,3.2,9.9,0,0,1,Network Security Engineer,Cybersecurity & Cloud
PS2_2598,PS2_Benchmark,3.0,8.0,7.199999999999999,2.2,0,0,0,Network Security Engineer,Cybersecurity & Cloud
PS2_2599,PS2_Benchmark,6.0,3.0,8.0,9.9,0,0,1,Network Security Engineer,Cybersecurity & Cloud
PS2_2600,PS2_Benchmark,2.0,5.0,4.4,9.9,0,1,1,Network Security Engineer,Cybersecurity & Cloud
PS2_2601,PS2_Benchmark,4.0,8.0,9.2,3.3000000000000003,1,0,1,Network Security Engineer,Cybersecurity & Cloud
PS2_2602,PS2_Benchmark,5.0,9.0,2.4,2.2,1,1,0,Network Security Engineer,Cybersecurity & Cloud
PS2_2603,PS2_Benchmark,7.0,1.0,4.8,7.700000000000001,0,1,1,Network Security Engineer,Cybersecurity & Cloud
PS2_2604,PS2_Benchmark,9.0,3.0,2.4,5.5,0,0,1,Network Security Engineer,Cybersecurity & Cloud
PS2_2605,PS2_Benchmark,4.0,8.0,7.199999999999999,1.1,1,1,1,Network Security Engineer,Cybersecurity & Cloud
PS2_2606,PS2_Benchmark,9.0,5.0,6.0,5.5,1,1,0,Network Security Engineer,Cybersecurity & Cloud
PS2_2607,PS2_Benchmark,4.0,5.0,4.8,1.1,1,0,0,Network Security Engineer,Cybersecurity & Cloud
PS2_2608,PS2_Benchmark,1.0,6.0,2.4,4.4,0,1,1,Network Security Engineer,Cybersecurity & Cloud
PS2_2609,PS2_Benchmark,1.0,8.0,6.0,4.4,1,1,1,Network Security Engineer,Cybersecurity & Cloud
PS2_2610,PS2_Benchmark,7.0,5.0,0.0,8.8,0,0,0,Network Security Engineer,Cybersecurity & Cloud
PS2_2611,PS2_Benchmark,4.0,7.0,1.2,4.4,0,1,1,Network Security Engineer,Cybersecurity & Cloud
PS2_2612,PS2_Benchmark,9.0,7.0,0.0,3.3000000000000003,0,0,1,Network Security Engineer,Cybersecurity & Cloud
PS2_2613,PS2_Benchmark,6.0,7.0,1.2,3.3000000000000003,1,1,1,Network Security Engineer,Cybersecurity & Cloud
PS2_2614,PS2_Benchmark,3.0,5.0,1.2,1.1,1,0,0,Network Security Engineer,Cybersecurity & Cloud
PS2_2615,PS2_Benchmark,5.0,2.0,3.2,3.3000000000000003,0,0,0,Network Security Engineer,Cybersecurity & Cloud
PS2_2616,PS2_Benchmark,4.0,9.0,8.0,9.9,1,1,0,Network Security Engineer,Cybersecurity & Cloud
PS2_2617,PS2_Benchmark,4.0,1.0,1.2,3.3000000000000003,1,1,0,Network Security Engineer,Cybersecurity & Cloud
PS2_2618,PS2_Benchmark,4.0,4.0,6.8,3.3000000000000003,1,0,0,Network Security Engineer,Cybersecurity & Cloud
PS2_2619,PS2_Benchmark,8.0,4.0,7.199999999999999,8.8,1,0,1,Network Security Engineer,Cybersecurity & Cloud
PS2_2620,PS2_Benchmark,3.0,2.0,8.0,1.1,0,0,0,Network Security Engineer,Cybersecurity & Cloud
PS2_2621,PS2_Benchmark,5.0,2.0,9.2,2.2,1,1,0,Network Security Engineer,Cybersecurity & Cloud
PS2_2622,PS2_Benchmark,9.0,2.0,3.5999999999999996,5.5,1,1,0,Network Security Engineer,Cybersecurity & Cloud
PS2_2623,PS2_Benchmark,2.0,7.0,0.0,5.5,0,1,0,Network Security Engineer,Cybersecurity & Cloud
PS2_2624,PS2_Benchmark,3.0,8.0,1.2,8.8,1,1,0,Network Security Engineer,Cybersecurity & Cloud
PS2_2625,PS2_Benchmark,4.0,9.0,3.5999999999999996,9.9,1,1,0,Network Security Engineer,Cybersecurity & Cloud
PS2_2626,PS2_Benchmark,6.0,7.0,5.6,5.5,1,0,1,Network Security Engineer,Cybersecurity & Cloud
PS2_2627,PS2_Benchmark,7.0,2.0,7.199999999999999,9.9,0,1,0,Network Security Engineer,Cybersecurity & Cloud
PS2_2628,PS2_Benchmark,5.0,3.0,3.5999999999999996,3.3000000000000003,1,1,0,Network Security Engineer,Cybersecurity & Cloud
PS2_2629,PS2_Benchmark,1.0,2.0,6.0,4.4,1,0,1,Network Security Engineer,Cybersecurity & Cloud
PS2_2630,PS2_Benchmark,4.0,5.0,6.0,2.2,0,1,0,Network Security Engineer,Cybersecurity & Cloud
PS2_2631,PS2_Benchmark,1.0,2.0,4.4,2.2,0,0,1,Network Security Engineer,Cybersecurity & Cloud
PS2_2632,PS2_Benchmark,5.0,8.0,6.0,1.1,0,0,1,Network Security Engineer,Cybersecurity & Cloud
PS2_2633,PS2_Benchmark,5.0,2.0,6.8,8.8,0,0,0,Network Security Engineer,Cybersecurity & Cloud
PS2_2634,PS2_Benchmark,5.0,3.0,3.2,2.2,1,1,0,Network Security Engineer,Cybersecurity & Cloud
PS2_2635,PS2_Benchmark,9.0,5.0,1.2,9.9,1,1,0,Network Security Engineer,Cybersecurity & Cloud
PS2_2636,PS2_Benchmark,3.0,8.0,1.2,7.700000000000001,0,1,1,Network Security Engineer,Cybersecurity & Cloud
PS2_2637,PS2_Benchmark,4.0,9.0,8.0,5.5,0,1,0,Network Security Engineer,Cybersecurity & Cloud
PS2_2638,PS2_Benchmark,8.0,7.0,2.4,1.1,1,0,0,Network Security Engineer,Cybersecurity & Cloud
PS2_2639,PS2_Benchmark,2.0,9.0,6.8,1.1,0,1,0,Network Security Engineer,Cybersecurity & Cloud
PS2_2640,PS2_Benchmark,3.0,1.0,1.2,1.1,0,1,1,Network Security Engineer,Cybersecurity & Cloud
PS2_2641,PS2_Benchmark,7.0,6.0,2.0,9.9,0,1,1,Network Security Engineer,Cybersecurity & Cloud
PS2_2642,PS2_Benchmark,4.0,3.0,6.0,7.700000000000001,0,0,1,Network Security Engineer,Cybersecurity & Cloud
PS2_2643,PS2_Benchmark,1.0,3.0,2.4,9.9,0,0,0,Network Security Engineer,Cybersecurity & Cloud
PS2_2644,PS2_Benchmark,8.0,8.0,9.2,5.5,1,1,1,Network Security Engineer,Cybersecurity & Cloud
PS2_2645,PS2_Benchmark,1.0,9.0,3.2,7.700000000000001,0,0,0,Network Security Engineer,Cybersecurity & Cloud
PS2_2646,PS2_Benchmark,9.0,2.0,0.0,5.5,1,1,0,Network Security Engineer,Cybersecurity & Cloud
PS2_2647,PS2_Benchmark,3.0,3.0,2.4,9.9,0,0,1,Network Security Engineer,Cybersecurity & Cloud
PS2_2648,PS2_Benchmark,5.0,5.0,6.8,6.6000000000000005,1,0,1,Network Security Engineer,Cybersecurity & Cloud
PS2_2649,PS2_Benchmark,9.0,6.0,7.199999999999999,3.3000000000000003,1,1,1,Network Security Engineer,Cybersecurity & Cloud
PS2_2650,PS2_Benchmark,7.0,1.0,2.4,6.6000000000000005,1,1,0,Network Security Engineer,Cybersecurity & Cloud
PS2_2651,PS2_Benchmark,7.0,2.0,4.8,5.5,0,0,1,Network Security Engineer,Cybersecurity & Cloud
PS2_2652,PS2_Benchmark,6.0,8.0,3.5999999999999996,7.700000000000001,0,1,0,Network Security Engineer,Cybersecurity & Cloud
PS2_2653,PS2_Benchmark,6.0,8.0,3.5999999999999996,4.4,1,1,1,Network Security Engineer,Cybersecurity & Cloud
PS2_2654,PS2_Benchmark,1.0,2.0,2.4,7.700000000000001,1,1,1,Network Security Engineer,Cybersecurity & Cloud
PS2_2655,PS2_Benchmark,9.0,2.0,2.4,5.5,0,1,0,Network Security Engineer,Cybersecurity & Cloud
PS2_2656,PS2_Benchmark,6.0,9.0,4.8,7.700000000000001,0,1,1,Network Security Engineer,Cybersecurity & Cloud
PS2_2657,PS2_Benchmark,8.0,3.0,7.199999999999999,6.6000000000000005,0,1,1,Network Security Engineer,Cybersecurity & Cloud
PS2_2658,PS2_Benchmark,5.0,8.0,3.2,1.1,0,1,0,Network Security Engineer,Cybersecurity & Cloud
PS2_2659,PS2_Benchmark,9.0,7.0,3.5999999999999996,7.700000000000001,0,1,1,Network Security Engineer,Cybersecurity & Cloud
PS2_2660,PS2_Benchmark,1.0,6.0,2.4,6.6000000000000005,1,0,0,Network Security Engineer,Cybersecurity & Cloud
PS2_2661,PS2_Benchmark,1.0,5.0,8.0,6.6000000000000005,1,0,0,Network Security Engineer,Cybersecurity & Cloud
PS2_2662,PS2_Benchmark,6.0,4.0,3.5999999999999996,2.2,1,0,1,Network Security Engineer,Cybersecurity & Cloud
PS2_2663,PS2_Benchmark,4.0,2.0,7.199999999999999,3.3000000000000003,1,0,1,Network Security Engineer,Cybersecurity & Cloud
PS2_2664,PS2_Benchmark,2.0,4.0,5.6,2.2,0,1,1,Network Security Engineer,Cybersecurity & Cloud
PS2_2665,PS2_Benchmark,4.0,5.0,2.4,1.1,0,1,0,Network Security Engineer,Cybersecurity & Cloud
PS2_2666,PS2_Benchmark,8.0,8.0,1.2,8.8,1,1,0,Network Security Engineer,Cybersecurity & Cloud
PS2_2667,PS2_Benchmark,1.0,2.0,8.0,3.3000000000000003,1,0,1,Network Security Engineer,Cybersecurity & Cloud
PS2_2668,PS2_Benchmark,5.0,3.0,0.0,4.4,1,0,0,Network Security Engineer,Cybersecurity & Cloud
PS2_2669,PS2_Benchmark,7.0,9.0,1.2,7.700000000000001,0,0,1,Network Security Engineer,Cybersecurity & Cloud
PS2_2670,PS2_Benchmark,7.0,6.0,9.2,5.5,1,1,1,Network Security Engineer,Cybersecurity & Cloud
PS2_2671,PS2_Benchmark,1.0,4.0,3.2,6.6000000000000005,1,0,1,Network Security Engineer,Cybersecurity & Cloud
PS2_2672,PS2_Benchmark,1.0,5.0,5.6,6.6000000000000005,0,0,0,Network Security Engineer,Cybersecurity & Cloud
PS2_2673,PS2_Benchmark,8.0,3.0,6.8,1.1,0,0,1,Network Security Engineer,Cybersecurity & Cloud
PS2_2674,PS2_Benchmark,9.0,1.0,7.199999999999999,2.2,1,0,1,Network Security Engineer,Cybersecurity & Cloud
PS2_2675,PS2_Benchmark,1.0,7.0,5.6,8.8,0,1,1,Network Security Engineer,Cybersecurity & Cloud
PS2_2676,PS2_Benchmark,3.0,3.0,4.4,7.700000000000001,1,1,1,Network Security Engineer,Cybersecurity & Cloud
PS2_2677,PS2_Benchmark,6.0,3.0,9.2,5.5,1,1,0,Network Security Engineer,Cybersecurity & Cloud
PS2_2678,PS2_Benchmark,7.0,8.0,8.0,7.700000000000001,0,0,0,Network Security Engineer,Cybersecurity & Cloud
PS2_2679,PS2_Benchmark,2.0,4.0,3.2,2.2,0,0,0,Network Security Engineer,Cybersecurity & Cloud
PS2_2680,PS2_Benchmark,5.0,8.0,8.0,6.6000000000000005,0,0,0,Network Security Engineer,Cybersecurity & Cloud
PS2_2681,PS2_Benchmark,9.0,6.0,3.2,3.3000000000000003,0,1,1,Network Security Engineer,Cybersecurity & Cloud
PS2_2682,PS2_Benchmark,6.0,8.0,2.0,4.4,0,1,0,Network Security Engineer,Cybersecurity & Cloud
PS2_2683,PS2_Benchmark,4.0,5.0,2.0,8.8,0,1,1,Network Security Engineer,Cybersecurity & Cloud
PS2_2684,PS2_Benchmark,5.0,6.0,2.4,3.3000000000000003,1,1,0,Network Security Engineer,Cybersecurity & Cloud
PS2_2685,PS2_Benchmark,8.0,2.0,6.0,2.2,0,0,0,Network Security Engineer,Cybersecurity & Cloud
PS2_2686,PS2_Benchmark,6.0,3.0,2.4,4.4,1,1,0,Network Security Engineer,Cybersecurity & Cloud
PS2_2687,PS2_Benchmark,4.0,3.0,0.0,5.5,1,1,1,Network Security Engineer,Cybersecurity & Cloud
PS2_2688,PS2_Benchmark,8.0,4.0,3.2,7.700000000000001,1,0,1,Network Security Engineer,Cybersecurity & Cloud
PS2_2689,PS2_Benchmark,1.0,5.0,6.0,2.2,1,1,0,Network Security Engineer,Cybersecurity & Cloud
PS2_2690,PS2_Benchmark,3.0,1.0,1.2,8.8,0,1,0,Network Security Engineer,Cybersecurity & Cloud
PS2_2691,PS2_Benchmark,2.0,7.0,7.199999999999999,4.4,0,0,1,Network Security Engineer,Cybersecurity & Cloud
PS2_2692,PS2_Benchmark,7.0,6.0,8.0,7.700000000000001,1,0,1,Network Security Engineer,Cybersecurity & Cloud
PS2_2693,PS2_Benchmark,4.0,5.0,6.8,8.8,0,1,1,Network Security Engineer,Cybersecurity & Cloud
PS2_2694,PS2_Benchmark,6.0,3.0,2.4,2.2,1,0,0,Network Security Engineer,Cybersecurity & Cloud
PS2_2695,PS2_Benchmark,8.0,2.0,3.2,5.5,1,1,0,Network Security Engineer,Cybersecurity & Cloud
PS2_2696,PS2_Benchmark,2.0,8.0,1.2,8.8,0,1,0,Network Security Engineer,Cybersecurity & Cloud
PS2_2697,PS2_Benchmark,9.0,1.0,4.4,8.8,1,0,0,Network Security Engineer,Cybersecurity & Cloud
PS2_2698,PS2_Benchmark,3.0,5.0,4.8,6.6000000000000005,0,1,0,Network Security Engineer,Cybersecurity & Cloud
PS2_2699,PS2_Benchmark,4.0,2.0,7.199999999999999,1.1,0,1,1,Network Security Engineer,Cybersecurity & Cloud
PS2_2700,PS2_Benchmark,1.0,7.0,4.4,1.1,1,1,1,Network Security Engineer,Cybersecurity & Cloud
PS2_2701,PS2_Benchmark,8.0,7.0,1.2,4.4,1,0,1,Network Security Engineer,Cybersecurity & Cloud
PS2_2702,PS2_Benchmark,5.0,7.0,5.6,7.700000000000001,0,1,1,Network Security Engineer,Cybersecurity & Cloud
PS2_2703,PS2_Benchmark,1.0,1.0,3.5999999999999996,1.1,0,0,1,Network Security Engineer,Cybersecurity & Cloud
PS2_2704,PS2_Benchmark,4.0,5.0,8.0,5.5,0,0,0,Network Security Engineer,Cybersecurity & Cloud
PS2_2705,PS2_Benchmark,6.0,5.0,6.8,3.3000000000000003,1,1,0,Network Security Engineer,Cybersecurity & Cloud
PS2_2706,PS2_Benchmark,8.0,7.0,0.0,2.2,0,0,1,Network Security Engineer,Cybersecurity & Cloud
PS2_2707,PS2_Benchmark,3.0,4.0,3.5999999999999996,2.2,0,0,1,Network Security Engineer,Cybersecurity & Cloud
PS2_2708,PS2_Benchmark,1.0,4.0,4.8,7.700000000000001,1,0,1,Network Security Engineer,Cybersecurity & Cloud
PS2_2709,PS2_Benchmark,1.0,7.0,1.2,8.8,0,0,1,Network Security Engineer,Cybersecurity & Cloud
PS2_2710,PS2_Benchmark,9.0,1.0,4.8,3.3000000000000003,1,0,1,Network Security Engineer,Cybersecurity & Cloud
PS2_2711,PS2_Benchmark,8.0,1.0,4.8,7.700000000000001,0,0,0,Network Security Engineer,Cybersecurity & Cloud
PS2_2712,PS2_Benchmark,8.0,9.0,1.2,4.4,0,0,1,Network Security Engineer,Cybersecurity & Cloud
PS2_2713,PS2_Benchmark,1.0,7.0,4.8,5.5,1,1,1,Network Security Engineer,Cybersecurity & Cloud
PS2_2714,PS2_Benchmark,3.0,4.0,2.4,3.3000000000000003,0,1,0,Network Security Engineer,Cybersecurity & Cloud
PS2_2715,PS2_Benchmark,8.0,5.0,8.0,4.4,1,1,1,Network Security Engineer,Cybersecurity & Cloud
PS2_2716,PS2_Benchmark,5.0,1.0,0.0,4.4,1,0,0,Network Security Engineer,Cybersecurity & Cloud
PS2_2717,PS2_Benchmark,8.0,8.0,4.8,9.9,1,0,1,Network Security Engineer,Cybersecurity & Cloud
PS2_2718,PS2_Benchmark,1.0,1.0,4.4,6.6000000000000005,0,1,1,Network Security Engineer,Cybersecurity & Cloud
PS2_2719,PS2_Benchmark,8.0,1.0,3.5999999999999996,8.8,0,0,0,Network Security Engineer,Cybersecurity & Cloud
PS2_2720,PS2_Benchmark,9.0,5.0,0.0,4.4,0,1,1,Network Security Engineer,Cybersecurity & Cloud
PS2_2721,PS2_Benchmark,7.0,2.0,8.0,3.3000000000000003,1,1,1,Network Security Engineer,Cybersecurity & Cloud
PS2_2722,PS2_Benchmark,5.0,2.0,0.0,3.3000000000000003,1,1,1,Network Security Engineer,Cybersecurity & Cloud
PS2_2723,PS2_Benchmark,8.0,3.0,0.0,7.700000000000001,0,1,1,Network Security Engineer,Cybersecurity & Cloud
PS2_2724,PS2_Benchmark,3.0,7.0,2.4,5.5,0,0,1,Network Security Engineer,Cybersecurity & Cloud
PS2_2725,PS2_Benchmark,9.0,1.0,0.0,3.3000000000000003,1,0,1,Network Security Engineer,Cybersecurity & Cloud
PS2_2726,PS2_Benchmark,3.0,3.0,9.2,1.1,0,0,0,Network Security Engineer,Cybersecurity & Cloud
PS2_2727,PS2_Benchmark,6.0,7.0,4.8,4.4,0,0,1,Network Security Engineer,Cybersecurity & Cloud
PS2_2728,PS2_Benchmark,3.0,7.0,3.2,6.6000000000000005,1,0,0,Network Security Engineer,Cybersecurity & Cloud
PS2_2729,PS2_Benchmark,9.0,7.0,5.6,7.700000000000001,0,0,0,Network Security Engineer,Cybersecurity & Cloud
PS2_2730,PS2_Benchmark,4.0,9.0,4.4,8.8,1,1,1,Network Security Engineer,Cybersecurity & Cloud
PS2_2731,PS2_Benchmark,4.0,8.0,3.5999999999999996,1.1,1,0,0,Network Security Engineer,Cybersecurity & Cloud
PS2_2732,PS2_Benchmark,5.0,2.0,7.199999999999999,5.5,0,1,0,Network Security Engineer,Cybersecurity & Cloud
PS2_2733,PS2_Benchmark,8.0,2.0,6.0,6.6000000000000005,0,1,0,Network Security Engineer,Cybersecurity & Cloud
PS2_2734,PS2_Benchmark,1.0,6.0,0.0,7.700000000000001,1,0,0,Network Security Engineer,Cybersecurity & Cloud
PS2_2735,PS2_Benchmark,3.0,5.0,0.0,7.700000000000001,0,0,0,Network Security Engineer,Cybersecurity & Cloud
PS2_2736,PS2_Benchmark,6.0,7.0,3.5999999999999996,3.3000000000000003,1,1,1,Network Security Engineer,Cybersecurity & Cloud
PS2_2737,PS2_Benchmark,8.0,6.0,5.6,7.700000000000001,1,0,0,Network Security Engineer,Cybersecurity & Cloud
PS2_2738,PS2_Benchmark,4.0,9.0,2.4,7.700000000000001,1,1,0,Network Security Engineer,Cybersecurity & Cloud
PS2_2739,PS2_Benchmark,4.0,3.0,9.2,1.1,1,1,1,Network Security Engineer,Cybersecurity & Cloud
PS2_2740,PS2_Benchmark,9.0,7.0,5.6,9.9,0,1,0,Network Security Engineer,Cybersecurity & Cloud
PS2_2741,PS2_Benchmark,4.0,4.0,5.6,9.9,1,1,1,Network Security Engineer,Cybersecurity & Cloud
PS2_2742,PS2_Benchmark,2.0,7.0,6.0,2.2,1,0,1,Network Security Engineer,Cybersecurity & Cloud
PS2_2743,PS2_Benchmark,6.0,2.0,0.0,4.4,1,0,1,Network Security Engineer,Cybersecurity & Cloud
PS2_2744,PS2_Benchmark,5.0,3.0,7.199999999999999,4.4,0,1,0,Network Security Engineer,Cybersecurity & Cloud
PS2_2745,PS2_Benchmark,7.0,9.0,4.4,1.1,0,1,0,Network Security Engineer,Cybersecurity & Cloud
PS2_2746,PS2_Benchmark,1.0,1.0,0.0,8.8,1,0,0,Network Security Engineer,Cybersecurity & Cloud
PS2_2747,PS2_Benchmark,7.0,3.0,3.5999999999999996,7.700000000000001,0,0,1,Network Security Engineer,Cybersecurity & Cloud
PS2_2748,PS2_Benchmark,3.0,8.0,3.5999999999999996,9.9,1,0,0,Network Security Engineer,Cybersecurity & Cloud
PS2_2749,PS2_Benchmark,3.0,8.0,3.2,3.3000000000000003,1,0,0,Network Security Engineer,Cybersecurity & Cloud
PS2_2750,PS2_Benchmark,4.0,5.0,5.6,9.9,1,0,0,Network Security Engineer,Cybersecurity & Cloud
PS2_2751,PS2_Benchmark,3.0,2.0,7.199999999999999,8.8,0,1,1,Network Security Engineer,Cybersecurity & Cloud
PS2_2752,PS2_Benchmark,2.0,9.0,4.4,8.8,0,0,0,Network Security Engineer,Cybersecurity & Cloud
PS2_2753,PS2_Benchmark,2.0,7.0,2.4,8.8,1,0,0,Network Security Engineer,Cybersecurity & Cloud
PS2_2754,PS2_Benchmark,6.0,1.0,4.8,2.2,1,0,0,Network Security Engineer,Cybersecurity & Cloud
PS2_2755,PS2_Benchmark,4.0,5.0,7.199999999999999,9.9,1,1,1,Network Security Engineer,Cybersecurity & Cloud
PS2_2756,PS2_Benchmark,2.0,1.0,3.2,1.1,1,0,1,Network Security Engineer,Cybersecurity & Cloud
PS2_2757,PS2_Benchmark,7.0,3.0,2.4,1.1,0,0,0,Network Security Engineer,Cybersecurity & Cloud
PS2_2758,PS2_Benchmark,7.0,6.0,6.8,2.2,1,0,0,Network Security Engineer,Cybersecurity & Cloud
PS2_2759,PS2_Benchmark,4.0,4.0,1.2,5.5,1,1,0,Network Security Engineer,Cybersecurity & Cloud
PS2_2760,PS2_Benchmark,2.0,4.0,5.6,7.700000000000001,1,0,1,Network Security Engineer,Cybersecurity & Cloud
PS2_2761,PS2_Benchmark,5.0,6.0,3.2,6.6000000000000005,0,1,1,Network Security Engineer,Cybersecurity & Cloud
PS2_2762,PS2_Benchmark,1.0,5.0,3.5999999999999996,5.5,0,0,0,Network Security Engineer,Cybersecurity & Cloud
PS2_2763,PS2_Benchmark,8.0,4.0,3.2,6.6000000000000005,1,1,0,Network Security Engineer,Cybersecurity & Cloud
PS2_2764,PS2_Benchmark,6.0,1.0,7.199999999999999,7.700000000000001,1,0,1,Network Security Engineer,Cybersecurity & Cloud
PS2_2765,PS2_Benchmark,9.0,4.0,5.6,8.8,0,1,1,Network Security Engineer,Cybersecurity & Cloud
PS2_2766,PS2_Benchmark,4.0,1.0,9.2,1.1,1,1,0,Network Security Engineer,Cybersecurity & Cloud
PS2_2767,PS2_Benchmark,2.0,9.0,7.199999999999999,9.9,0,0,0,Network Security Engineer,Cybersecurity & Cloud
PS2_2768,PS2_Benchmark,8.0,6.0,4.8,7.700000000000001,0,0,0,Network Security Engineer,Cybersecurity & Cloud
PS2_2769,PS2_Benchmark,2.0,7.0,0.0,1.1,0,1,1,Network Security Engineer,Cybersecurity & Cloud
PS2_2770,PS2_Benchmark,3.0,3.0,2.4,5.5,1,1,0,Network Security Engineer,Cybersecurity & Cloud
PS2_2771,PS2_Benchmark,3.0,5.0,9.2,6.6000000000000005,0,1,1,Network Security Engineer,Cybersecurity & Cloud
PS2_2772,PS2_Benchmark,6.0,6.0,7.199999999999999,9.9,0,0,1,Network Security Engineer,Cybersecurity & Cloud
PS2_2773,PS2_Benchmark,5.0,7.0,5.6,2.2,1,1,1,Network Security Engineer,Cybersecurity & Cloud
PS2_2774,PS2_Benchmark,6.0,5.0,0.0,2.2,1,1,0,Network Security Engineer,Cybersecurity & Cloud
PS2_2775,PS2_Benchmark,7.0,4.0,9.2,5.5,0,0,1,Network Security Engineer,Cybersecurity & Cloud
PS2_2776,PS2_Benchmark,6.0,1.0,7.199999999999999,8.8,0,1,0,Network Security Engineer,Cybersecurity & Cloud
PS2_2777,PS2_Benchmark,1.0,6.0,2.0,2.2,1,1,0,Network Security Engineer,Cybersecurity & Cloud
PS2_2778,PS2_Benchmark,1.0,2.0,0.0,3.3000000000000003,1,1,0,Network Security Engineer,Cybersecurity & Cloud
PS2_2779,PS2_Benchmark,5.0,8.0,9.2,2.2,0,1,1,Network Security Engineer,Cybersecurity & Cloud
PS2_2780,PS2_Benchmark,5.0,6.0,6.0,4.4,1,1,1,Network Security Engineer,Cybersecurity & Cloud
PS2_2781,PS2_Benchmark,2.0,3.0,2.4,8.8,1,1,1,Network Security Engineer,Cybersecurity & Cloud
PS2_2782,PS2_Benchmark,8.0,8.0,8.0,8.8,0,0,1,Network Security Engineer,Cybersecurity & Cloud
PS2_2783,PS2_Benchmark,4.0,5.0,0.0,1.1,0,1,0,Network Security Engineer,Cybersecurity & Cloud
PS2_2784,PS2_Benchmark,2.0,8.0,2.4,4.4,0,0,1,Network Security Engineer,Cybersecurity & Cloud
PS2_2785,PS2_Benchmark,6.0,4.0,4.8,6.6000000000000005,0,1,1,Network Security Engineer,Cybersecurity & Cloud
PS2_2786,PS2_Benchmark,3.0,5.0,6.8,5.5,1,0,0,Network Security Engineer,Cybersecurity & Cloud
PS2_2787,PS2_Benchmark,2.0,9.0,8.0,3.3000000000000003,0,1,1,Network Security Engineer,Cybersecurity & Cloud
PS2_2788,PS2_Benchmark,7.0,4.0,3.5999999999999996,9.9,0,1,0,Network Security Engineer,Cybersecurity & Cloud
PS2_2789,PS2_Benchmark,6.0,3.0,4.4,4.4,1,1,0,Network Security Engineer,Cybersecurity & Cloud
PS2_2790,PS2_Benchmark,7.0,9.0,2.0,6.6000000000000005,1,0,0,Network Security Engineer,Cybersecurity & Cloud
PS2_2791,PS2_Benchmark,6.0,5.0,0.0,1.1,1,1,1,Network Security Engineer,Cybersecurity & Cloud
PS2_2792,PS2_Benchmark,1.0,5.0,9.2,5.5,0,0,1,Network Security Engineer,Cybersecurity & Cloud
PS2_2793,PS2_Benchmark,7.0,1.0,0.0,1.1,0,1,0,Network Security Engineer,Cybersecurity & Cloud
PS2_2794,PS2_Benchmark,5.0,2.0,1.2,9.9,0,0,0,Network Security Engineer,Cybersecurity & Cloud
PS2_2795,PS2_Benchmark,9.0,3.0,3.5999999999999996,2.2,1,0,0,Network Security Engineer,Cybersecurity & Cloud
PS2_2796,PS2_Benchmark,3.0,4.0,4.8,9.9,0,0,0,Network Security Engineer,Cybersecurity & Cloud
PS2_2797,PS2_Benchmark,3.0,5.0,8.0,1.1,1,1,1,Network Security Engineer,Cybersecurity & Cloud
PS2_2798,PS2_Benchmark,8.0,7.0,1.2,8.8,0,1,0,Network Security Engineer,Cybersecurity & Cloud
PS2_2799,PS2_Benchmark,3.0,2.0,2.4,1.1,1,1,0,Network Security Engineer,Cybersecurity & Cloud
PS2_2800,PS2_Benchmark,9.0,6.0,6.0,2.2,1,0,1,Network Security Engineer,Cybersecurity & Cloud
PS2_2801,PS2_Benchmark,5.0,9.0,5.6,5.5,1,1,1,Network Security Engineer,Cybersecurity & Cloud
PS2_2802,PS2_Benchmark,2.0,4.0,6.8,7.700000000000001,1,1,1,Network Security Engineer,Cybersecurity & Cloud
PS2_2803,PS2_Benchmark,6.0,1.0,5.6,6.6000000000000005,1,1,0,Network Security Engineer,Cybersecurity & Cloud
PS2_2804,PS2_Benchmark,8.0,8.0,6.8,3.3000000000000003,0,1,0,Network Security Engineer,Cybersecurity & Cloud
PS2_2805,PS2_Benchmark,8.0,3.0,2.0,7.700000000000001,1,1,0,Network Security Engineer,Cybersecurity & Cloud
PS2_2806,PS2_Benchmark,2.0,5.0,1.2,6.6000000000000005,1,0,0,Network Security Engineer,Cybersecurity & Cloud
PS2_2807,PS2_Benchmark,4.0,7.0,4.4,1.1,0,0,1,Network Security Engineer,Cybersecurity & Cloud
PS2_2808,PS2_Benchmark,2.0,1.0,6.0,2.2,1,0,0,Network Security Engineer,Cybersecurity & Cloud
PS2_2809,PS2_Benchmark,7.0,9.0,6.8,5.5,1,0,0,Network Security Engineer,Cybersecurity & Cloud
PS2_2810,PS2_Benchmark,5.0,9.0,4.8,1.1,0,0,1,Network Security Engineer,Cybersecurity & Cloud
PS2_2811,PS2_Benchmark,4.0,9.0,6.8,8.8,0,0,1,Network Security Engineer,Cybersecurity & Cloud
PS2_2812,PS2_Benchmark,5.0,5.0,7.199999999999999,2.2,1,1,1,Network Security Engineer,Cybersecurity & Cloud
PS2_2813,PS2_Benchmark,9.0,3.0,1.2,2.2,0,0,1,Network Security Engineer,Cybersecurity & Cloud
PS2_2814,PS2_Benchmark,6.0,4.0,3.2,1.1,1,1,0,Network Security Engineer,Cybersecurity & Cloud
PS2_2815,PS2_Benchmark,3.0,4.0,9.2,6.6000000000000005,0,1,0,Network Security Engineer,Cybersecurity & Cloud
PS2_2816,PS2_Benchmark,3.0,2.0,0.0,1.1,1,1,0,Network Security Engineer,Cybersecurity & Cloud
PS2_2817,PS2_Benchmark,9.0,7.0,2.0,4.4,1,0,0,Network Security Engineer,Cybersecurity & Cloud
PS2_2818,PS2_Benchmark,6.0,6.0,4.4,1.1,1,1,1,Network Security Engineer,Cybersecurity & Cloud
PS2_2819,PS2_Benchmark,1.0,4.0,2.4,5.5,0,0,0,Network Security Engineer,Cybersecurity & Cloud
PS2_2820,PS2_Benchmark,6.0,6.0,7.199999999999999,2.2,0,0,0,Network Security Engineer,Cybersecurity & Cloud
PS2_2821,PS2_Benchmark,8.0,4.0,4.8,5.5,1,1,0,Network Security Engineer,Cybersecurity & Cloud
PS2_2822,PS2_Benchmark,4.0,1.0,2.0,9.9,0,0,1,Network Security Engineer,Cybersecurity & Cloud
PS2_2823,PS2_Benchmark,9.0,8.0,8.0,1.1,0,1,1,Network Security Engineer,Cybersecurity & Cloud
PS2_2824,PS2_Benchmark,9.0,5.0,5.6,8.8,0,1,1,Network Security Engineer,Cybersecurity & Cloud
PS2_2825,PS2_Benchmark,6.0,9.0,2.4,3.3000000000000003,1,0,0,Network Security Engineer,Cybersecurity & Cloud
PS2_2826,PS2_Benchmark,8.0,8.0,9.2,4.4,0,1,0,Network Security Engineer,Cybersecurity & Cloud
PS2_2827,PS2_Benchmark,7.0,5.0,6.8,1.1,0,0,1,Network Security Engineer,Cybersecurity & Cloud
PS2_2828,PS2_Benchmark,6.0,4.0,4.8,3.3000000000000003,1,0,1,Network Security Engineer,Cybersecurity & Cloud
PS2_2829,PS2_Benchmark,1.0,1.0,5.6,5.5,1,1,1,Network Security Engineer,Cybersecurity & Cloud
PS2_2830,PS2_Benchmark,6.0,4.0,9.2,2.2,0,1,0,Network Security Engineer,Cybersecurity & Cloud
PS2_2831,PS2_Benchmark,6.0,5.0,1.2,8.8,1,1,0,Network Security Engineer,Cybersecurity & Cloud
PS2_2832,PS2_Benchmark,3.0,3.0,2.4,7.700000000000001,1,0,1,Network Security Engineer,Cybersecurity & Cloud
PS2_2833,PS2_Benchmark,2.0,9.0,4.8,2.2,0,1,0,Network Security Engineer,Cybersecurity & Cloud
PS2_2834,PS2_Benchmark,4.0,3.0,7.199999999999999,6.6000000000000005,1,1,1,Network Security Engineer,Cybersecurity & Cloud
PS2_2835,PS2_Benchmark,7.0,4.0,1.2,4.4,0,1,1,Network Security Engineer,Cybersecurity & Cloud
PS2_2836,PS2_Benchmark,2.0,2.0,5.6,4.4,1,0,0,Network Security Engineer,Cybersecurity & Cloud
PS2_2837,PS2_Benchmark,6.0,4.0,3.5999999999999996,1.1,0,0,0,Network Security Engineer,Cybersecurity & Cloud
PS2_2838,PS2_Benchmark,8.0,8.0,9.2,1.1,1,0,1,Network Security Engineer,Cybersecurity & Cloud
PS2_2839,PS2_Benchmark,2.0,4.0,9.2,3.3000000000000003,1,0,1,Network Security Engineer,Cybersecurity & Cloud
PS2_2840,PS2_Benchmark,3.0,7.0,2.4,6.6000000000000005,1,0,1,Network Security Engineer,Cybersecurity & Cloud
PS2_2841,PS2_Benchmark,9.0,8.0,3.2,4.4,0,0,0,Network Security Engineer,Cybersecurity & Cloud
PS2_2842,PS2_Benchmark,9.0,1.0,1.2,1.1,0,0,0,Network Security Engineer,Cybersecurity & Cloud
PS2_2843,PS2_Benchmark,9.0,5.0,2.4,1.1,1,0,0,Network Security Engineer,Cybersecurity & Cloud
PS2_2844,PS2_Benchmark,8.0,9.0,7.199999999999999,1.1,0,0,0,Network Security Engineer,Cybersecurity & Cloud
PS2_2845,PS2_Benchmark,6.0,9.0,6.8,1.1,1,1,1,Network Security Engineer,Cybersecurity & Cloud
PS2_2846,PS2_Benchmark,3.0,2.0,9.2,7.700000000000001,0,0,0,Network Security Engineer,Cybersecurity & Cloud
PS2_2847,PS2_Benchmark,6.0,2.0,2.4,9.9,1,0,0,Network Security Engineer,Cybersecurity & Cloud
PS2_2848,PS2_Benchmark,2.0,1.0,6.8,5.5,1,0,1,Network Security Engineer,Cybersecurity & Cloud
PS2_2849,PS2_Benchmark,9.0,8.0,8.0,2.2,0,1,0,Network Security Engineer,Cybersecurity & Cloud
PS2_2850,PS2_Benchmark,8.0,7.0,8.0,8.8,1,0,1,Network Security Engineer,Cybersecurity & Cloud
PS2_2851,PS2_Benchmark,1.0,9.0,5.6,9.9,1,1,1,Network Security Engineer,Cybersecurity & Cloud
PS2_2852,PS2_Benchmark,5.0,9.0,9.2,1.1,1,1,1,Network Security Engineer,Cybersecurity & Cloud
PS2_2853,PS2_Benchmark,1.0,3.0,9.2,7.700000000000001,1,1,1,Network Security Engineer,Cybersecurity & Cloud
PS2_2854,PS2_Benchmark,1.0,7.0,2.0,1.1,1,0,1,Network Security Engineer,Cybersecurity & Cloud
PS2_2855,PS2_Benchmark,1.0,9.0,6.0,5.5,0,1,1,Network Security Engineer,Cybersecurity & Cloud
PS2_2856,PS2_Benchmark,4.0,9.0,6.0,3.3000000000000003,1,0,0,Network Security Engineer,Cybersecurity & Cloud
PS2_2857,PS2_Benchmark,8.0,6.0,4.8,4.4,0,1,0,Network Security Engineer,Cybersecurity & Cloud
PS2_2858,PS2_Benchmark,2.0,7.0,1.2,6.6000000000000005,0,1,1,Network Security Engineer,Cybersecurity & Cloud
PS2_2859,PS2_Benchmark,3.0,4.0,4.8,3.3000000000000003,0,1,0,Network Security Engineer,Cybersecurity & Cloud
PS2_2860,PS2_Benchmark,5.0,2.0,6.0,6.6000000000000005,0,0,1,Network Security Engineer,Cybersecurity & Cloud
PS2_2861,PS2_Benchmark,2.0,9.0,0.0,8.8,0,0,0,Network Security Engineer,Cybersecurity & Cloud
PS2_2862,PS2_Benchmark,3.0,2.0,1.2,8.8,0,1,0,Network Security Engineer,Cybersecurity & Cloud
PS2_2863,PS2_Benchmark,7.0,1.0,2.0,3.3000000000000003,1,1,1,Network Security Engineer,Cybersecurity & Cloud
PS2_2864,PS2_Benchmark,2.0,1.0,6.0,4.4,0,1,0,Network Security Engineer,Cybersecurity & Cloud
PS2_2865,PS2_Benchmark,2.0,5.0,6.0,1.1,0,0,0,Network Security Engineer,Cybersecurity & Cloud
PS2_2866,PS2_Benchmark,2.0,1.0,8.0,4.4,1,1,1,Network Security Engineer,Cybersecurity & Cloud
PS2_2867,PS2_Benchmark,9.0,4.0,3.5999999999999996,7.700000000000001,1,1,0,Network Security Engineer,Cybersecurity & Cloud
PS2_2868,PS2_Benchmark,9.0,1.0,1.2,9.9,1,0,1,Software Developer,Software & Web Development
PS2_2869,PS2_Benchmark,2.0,1.0,6.0,8.8,0,0,0,Software Developer,Software & Web Development
PS2_2870,PS2_Benchmark,4.0,6.0,8.0,1.1,0,1,0,Software Developer,Software & Web Development
PS2_2871,PS2_Benchmark,9.0,4.0,7.199999999999999,2.2,1,0,1,Software Developer,Software & Web Development
PS2_2872,PS2_Benchmark,7.0,3.0,2.0,1.1,0,1,1,Software Developer,Software & Web Development
PS2_2873,PS2_Benchmark,6.0,6.0,6.0,8.8,1,1,0,Software Developer,Software & Web Development
PS2_2874,PS2_Benchmark,6.0,3.0,2.0,4.4,1,0,0,Software Developer,Software & Web Development
PS2_2875,PS2_Benchmark,3.0,5.0,4.8,2.2,0,1,1,Software Developer,Software & Web Development
PS2_2876,PS2_Benchmark,8.0,1.0,6.8,4.4,1,1,1,Software Developer,Software & Web Development
PS2_2877,PS2_Benchmark,9.0,6.0,7.199999999999999,8.8,0,1,0,Software Developer,Software & Web Development
PS2_2878,PS2_Benchmark,4.0,2.0,4.8,1.1,0,1,0,Software Developer,Software & Web Development
PS2_2879,PS2_Benchmark,9.0,5.0,6.0,3.3000000000000003,1,0,1,Software Developer,Software & Web Development
PS2_2880,PS2_Benchmark,5.0,8.0,2.0,2.2,0,1,0,Software Developer,Software & Web Development
PS2_2881,PS2_Benchmark,2.0,6.0,9.2,2.2,1,0,0,Software Developer,Software & Web Development
PS2_2882,PS2_Benchmark,8.0,9.0,3.5999999999999996,3.3000000000000003,0,1,0,Software Developer,Software & Web Development
PS2_2883,PS2_Benchmark,2.0,8.0,4.4,5.5,1,0,1,Software Developer,Software & Web Development
PS2_2884,PS2_Benchmark,4.0,1.0,2.0,1.1,1,1,0,Software Developer,Software & Web Development
PS2_2885,PS2_Benchmark,1.0,8.0,3.2,8.8,1,0,0,Software Developer,Software & Web Development
PS2_2886,PS2_Benchmark,7.0,1.0,7.199999999999999,9.9,1,0,0,Software Developer,Software & Web Development
PS2_2887,PS2_Benchmark,7.0,7.0,3.2,4.4,1,1,0,Software Developer,Software & Web Development
PS2_2888,PS2_Benchmark,1.0,8.0,6.0,1.1,1,1,0,Software Developer,Software & Web Development
PS2_2889,PS2_Benchmark,7.0,2.0,6.8,8.8,0,1,0,Software Developer,Software & Web Development
PS2_2890,PS2_Benchmark,8.0,4.0,6.8,2.2,0,1,0,Software Developer,Software & Web Development
PS2_2891,PS2_Benchmark,4.0,6.0,4.8,6.6000000000000005,1,0,0,Software Developer,Software & Web Development
PS2_2892,PS2_Benchmark,8.0,2.0,4.4,4.4,0,1,1,Software Developer,Software & Web Development
PS2_2893,PS2_Benchmark,9.0,9.0,7.199999999999999,3.3000000000000003,1,1,0,Software Developer,Software & Web Development
PS2_2894,PS2_Benchmark,3.0,6.0,2.0,6.6000000000000005,1,0,1,Software Developer,Software & Web Development
PS2_2895,PS2_Benchmark,1.0,1.0,3.2,2.2,1,1,0,Software Developer,Software & Web Development
PS2_2896,PS2_Benchmark,5.0,4.0,2.4,6.6000000000000005,0,1,1,Software Developer,Software & Web Development
PS2_2897,PS2_Benchmark,3.0,9.0,3.5999999999999996,4.4,0,1,1,Software Developer,Software & Web Development
PS2_2898,PS2_Benchmark,6.0,8.0,6.8,2.2,0,1,0,Software Developer,Software & Web Development
PS2_2899,PS2_Benchmark,6.0,3.0,0.0,8.8,0,1,0,Software Developer,Software & Web Development
PS2_2900,PS2_Benchmark,8.0,6.0,0.0,4.4,1,0,0,Software Developer,Software & Web Development
PS2_2901,PS2_Benchmark,5.0,2.0,1.2,6.6000000000000005,1,1,1,Software Developer,Software & Web Development
PS2_2902,PS2_Benchmark,3.0,2.0,8.0,6.6000000000000005,0,1,0,Software Developer,Software & Web Development
PS2_2903,PS2_Benchmark,1.0,6.0,3.2,2.2,0,1,0,Software Developer,Software & Web Development
PS2_2904,PS2_Benchmark,4.0,5.0,6.8,4.4,0,1,0,Software Developer,Software & Web Development
PS2_2905,PS2_Benchmark,9.0,1.0,4.8,3.3000000000000003,0,0,0,Software Developer,Software & Web Development
PS2_2906,PS2_Benchmark,6.0,4.0,2.0,6.6000000000000005,1,0,1,Software Developer,Software & Web Development
PS2_2907,PS2_Benchmark,4.0,6.0,9.2,4.4,0,0,1,Software Developer,Software & Web Development
PS2_2908,PS2_Benchmark,4.0,3.0,2.0,7.700000000000001,0,0,1,Software Developer,Software & Web Development
PS2_2909,PS2_Benchmark,9.0,2.0,9.2,2.2,1,1,0,Software Developer,Software & Web Development
PS2_2910,PS2_Benchmark,1.0,6.0,2.4,9.9,0,1,1,Software Developer,Software & Web Development
PS2_2911,PS2_Benchmark,3.0,5.0,8.0,4.4,0,1,0,Software Developer,Software & Web Development
PS2_2912,PS2_Benchmark,5.0,1.0,3.5999999999999996,9.9,0,1,0,Software Developer,Software & Web Development
PS2_2913,PS2_Benchmark,7.0,1.0,7.199999999999999,8.8,0,1,0,Software Developer,Software & Web Development
PS2_2914,PS2_Benchmark,6.0,8.0,4.8,9.9,1,1,1,Software Developer,Software & Web Development
PS2_2915,PS2_Benchmark,7.0,3.0,4.8,7.700000000000001,0,0,1,Software Developer,Software & Web Development
PS2_2916,PS2_Benchmark,1.0,3.0,6.8,4.4,1,0,1,Software Developer,Software & Web Development
PS2_2917,PS2_Benchmark,5.0,9.0,6.8,3.3000000000000003,0,0,0,Software Developer,Software & Web Development
PS2_2918,PS2_Benchmark,4.0,9.0,4.4,6.6000000000000005,1,1,1,Software Developer,Software & Web Development
PS2_2919,PS2_Benchmark,8.0,7.0,4.4,2.2,0,0,0,Software Developer,Software & Web Development
PS2_2920,PS2_Benchmark,1.0,5.0,3.5999999999999996,2.2,1,0,0,Software Developer,Software & Web Development
PS2_2921,PS2_Benchmark,6.0,7.0,2.4,4.4,0,1,1,Software Developer,Software & Web Development
PS2_2922,PS2_Benchmark,5.0,5.0,3.5999999999999996,9.9,1,0,0,Software Developer,Software & Web Development
PS2_2923,PS2_Benchmark,4.0,4.0,2.0,3.3000000000000003,1,1,1,Software Developer,Software & Web Development
PS2_2924,PS2_Benchmark,4.0,2.0,3.5999999999999996,9.9,1,1,1,Software Developer,Software & Web Development
PS2_2925,PS2_Benchmark,9.0,9.0,0.0,1.1,0,1,0,Software Developer,Software & Web Development
PS2_2926,PS2_Benchmark,1.0,6.0,2.4,6.6000000000000005,1,1,0,Software Developer,Software & Web Development
PS2_2927,PS2_Benchmark,2.0,6.0,3.2,6.6000000000000005,1,1,0,Software Developer,Software & Web Development
PS2_2928,PS2_Benchmark,1.0,6.0,9.2,6.6000000000000005,1,0,0,Software Developer,Software & Web Development
PS2_2929,PS2_Benchmark,5.0,2.0,3.5999999999999996,3.3000000000000003,0,0,0,Software Developer,Software & Web Development
PS2_2930,PS2_Benchmark,7.0,9.0,5.6,7.700000000000001,1,0,1,Software Developer,Software & Web Development
PS2_2931,PS2_Benchmark,7.0,7.0,9.2,1.1,1,0,0,Software Developer,Software & Web Development
PS2_2932,PS2_Benchmark,5.0,7.0,5.6,1.1,1,0,1,Software Developer,Software & Web Development
PS2_2933,PS2_Benchmark,9.0,3.0,1.2,8.8,1,1,1,Software Developer,Software & Web Development
PS2_2934,PS2_Benchmark,7.0,1.0,8.0,1.1,1,1,1,Software Developer,Software & Web Development
PS2_2935,PS2_Benchmark,9.0,9.0,2.0,8.8,0,1,0,Software Developer,Software & Web Development
PS2_2936,PS2_Benchmark,2.0,4.0,5.6,4.4,0,0,0,Software Developer,Software & Web Development
PS2_2937,PS2_Benchmark,7.0,9.0,1.2,2.2,1,0,0,Software Developer,Software & Web Development
PS2_2938,PS2_Benchmark,9.0,3.0,5.6,7.700000000000001,0,1,0,Software Developer,Software & Web Development
PS2_2939,PS2_Benchmark,3.0,3.0,2.4,8.8,0,1,0,Software Developer,Software & Web Development
PS2_2940,PS2_Benchmark,9.0,9.0,4.4,3.3000000000000003,1,0,0,Software Developer,Software & Web Development
PS2_2941,PS2_Benchmark,8.0,9.0,5.6,5.5,1,0,0,Software Developer,Software & Web Development
PS2_2942,PS2_Benchmark,5.0,9.0,4.8,7.700000000000001,1,0,0,Software Developer,Software & Web Development
PS2_2943,PS2_Benchmark,9.0,1.0,2.4,2.2,1,1,1,Software Developer,Software & Web Development
PS2_2944,PS2_Benchmark,8.0,5.0,1.2,2.2,1,0,1,Software Developer,Software & Web Development
PS2_2945,PS2_Benchmark,5.0,1.0,3.2,1.1,1,0,0,Software Developer,Software & Web Development
PS2_2946,PS2_Benchmark,2.0,3.0,2.4,1.1,1,1,1,Software Developer,Software & Web Development
PS2_2947,PS2_Benchmark,8.0,2.0,8.0,8.8,1,0,1,Software Developer,Software & Web Development
PS2_2948,PS2_Benchmark,4.0,6.0,6.8,3.3000000000000003,0,1,1,Software Developer,Software & Web Development
PS2_2949,PS2_Benchmark,4.0,8.0,1.2,1.1,0,0,1,Software Developer,Software & Web Development
PS2_2950,PS2_Benchmark,2.0,4.0,1.2,3.3000000000000003,0,0,0,Software Developer,Software & Web Development
PS2_2951,PS2_Benchmark,7.0,8.0,7.199999999999999,1.1,1,0,0,Software Developer,Software & Web Development
PS2_2952,PS2_Benchmark,1.0,3.0,4.4,7.700000000000001,0,1,1,Software Developer,Software & Web Development
PS2_2953,PS2_Benchmark,2.0,9.0,2.0,5.5,1,1,1,Software Developer,Software & Web Development
PS2_2954,PS2_Benchmark,1.0,4.0,3.2,7.700000000000001,1,1,0,Software Developer,Software & Web Development
PS2_2955,PS2_Benchmark,7.0,7.0,5.6,3.3000000000000003,0,1,0,Software Developer,Software & Web Development
PS2_2956,PS2_Benchmark,5.0,1.0,4.4,7.700000000000001,1,1,1,Software Developer,Software & Web Development
PS2_2957,PS2_Benchmark,4.0,1.0,2.0,2.2,1,1,1,Software Developer,Software & Web Development
PS2_2958,PS2_Benchmark,9.0,2.0,3.5999999999999996,9.9,0,0,1,Software Developer,Software & Web Development
PS2_2959,PS2_Benchmark,4.0,6.0,3.2,6.6000000000000005,1,1,1,Software Developer,Software & Web Development
PS2_2960,PS2_Benchmark,7.0,2.0,5.6,9.9,0,1,1,Software Developer,Software & Web Development
PS2_2961,PS2_Benchmark,4.0,4.0,0.0,3.3000000000000003,0,1,1,Software Developer,Software & Web Development
PS2_2962,PS2_Benchmark,5.0,2.0,2.4,8.8,0,0,0,Software Developer,Software & Web Development
PS2_2963,PS2_Benchmark,5.0,7.0,4.4,9.9,1,1,0,Software Developer,Software & Web Development
PS2_2964,PS2_Benchmark,2.0,2.0,4.4,6.6000000000000005,1,0,0,Software Developer,Software & Web Development
PS2_2965,PS2_Benchmark,1.0,8.0,5.6,3.3000000000000003,0,1,1,Software Developer,Software & Web Development
PS2_2966,PS2_Benchmark,8.0,7.0,1.2,7.700000000000001,0,0,1,Software Developer,Software & Web Development
PS2_2967,PS2_Benchmark,2.0,9.0,2.0,7.700000000000001,1,1,0,Software Developer,Software & Web Development
PS2_2968,PS2_Benchmark,5.0,4.0,3.2,9.9,1,0,1,Software Developer,Software & Web Development
PS2_2969,PS2_Benchmark,3.0,2.0,4.4,9.9,1,0,0,Software Developer,Software & Web Development
PS2_2970,PS2_Benchmark,8.0,5.0,6.0,3.3000000000000003,0,0,0,Software Developer,Software & Web Development
PS2_2971,PS2_Benchmark,2.0,6.0,1.2,9.9,1,0,0,Software Developer,Software & Web Development
PS2_2972,PS2_Benchmark,6.0,4.0,0.0,2.2,1,1,1,Software Developer,Software & Web Development
PS2_2973,PS2_Benchmark,7.0,7.0,1.2,8.8,1,0,0,Software Developer,Software & Web Development
PS2_2974,PS2_Benchmark,2.0,6.0,1.2,4.4,0,1,0,Software Developer,Software & Web Development
PS2_2975,PS2_Benchmark,4.0,3.0,1.2,5.5,0,1,1,Software Developer,Software & Web Development
PS2_2976,PS2_Benchmark,9.0,1.0,2.4,1.1,1,0,1,Software Developer,Software & Web Development
PS2_2977,PS2_Benchmark,3.0,3.0,2.0,3.3000000000000003,0,0,0,Software Developer,Software & Web Development
PS2_2978,PS2_Benchmark,9.0,2.0,3.2,1.1,0,0,0,Software Developer,Software & Web Development
PS2_2979,PS2_Benchmark,8.0,3.0,7.199999999999999,7.700000000000001,1,0,1,Software Developer,Software & Web Development
PS2_2980,PS2_Benchmark,2.0,9.0,3.5999999999999996,7.700000000000001,1,1,0,Software Developer,Software & Web Development
PS2_2981,PS2_Benchmark,3.0,5.0,7.199999999999999,3.3000000000000003,1,1,0,Software Developer,Software & Web Development
PS2_2982,PS2_Benchmark,8.0,9.0,3.2,5.5,1,0,0,Software Developer,Software & Web Development
PS2_2983,PS2_Benchmark,8.0,6.0,8.0,9.9,0,0,0,Software Developer,Software & Web Development
PS2_2984,PS2_Benchmark,8.0,7.0,4.4,4.4,1,0,0,Software Developer,Software & Web Development
PS2_2985,PS2_Benchmark,4.0,3.0,9.2,1.1,0,0,1,Software Developer,Software & Web Development
PS2_2986,PS2_Benchmark,3.0,7.0,3.2,2.2,0,0,0,Software Developer,Software & Web Development
PS2_2987,PS2_Benchmark,8.0,3.0,3.5999999999999996,4.4,1,0,1,Software Developer,Software & Web Development
PS2_2988,PS2_Benchmark,3.0,9.0,2.0,2.2,1,1,0,Software Developer,Software & Web Development
PS2_2989,PS2_Benchmark,9.0,3.0,2.4,6.6000000000000005,0,0,1,Software Developer,Software & Web Development
PS2_2990,PS2_Benchmark,2.0,4.0,6.0,4.4,0,1,0,Software Developer,Software & Web Development
PS2_2991,PS2_Benchmark,8.0,7.0,3.2,5.5,1,1,0,Software Developer,Software & Web Development
PS2_2992,PS2_Benchmark,6.0,1.0,1.2,9.9,1,1,0,Software Developer,Software & Web Development
PS2_2993,PS2_Benchmark,2.0,2.0,7.199999999999999,1.1,1,1,0,Software Developer,Software & Web Development
PS2_2994,PS2_Benchmark,4.0,7.0,2.4,2.2,0,1,1,Software Developer,Software & Web Development
PS2_2995,PS2_Benchmark,2.0,3.0,8.0,4.4,1,1,0,Software Developer,Software & Web Development
PS2_2996,PS2_Benchmark,6.0,6.0,1.2,3.3000000000000003,1,1,0,Software Developer,Software & Web Development
PS2_2997,PS2_Benchmark,4.0,8.0,2.4,4.4,0,1,0,Software Developer,Software & Web Development
PS2_2998,PS2_Benchmark,1.0,5.0,3.5999999999999996,5.5,0,0,1,Software Developer,Software & Web Development
PS2_2999,PS2_Benchmark,6.0,8.0,3.5999999999999996,9.9,1,0,1,Software Developer,Software & Web Development
PS2_3000,PS2_Benchmark,5.0,6.0,0.0,1.1,0,1,1,Software Developer,Software & Web Development
PS2_3001,PS2_Benchmark,6.0,1.0,2.4,2.2,1,1,0,Software Developer,Software & Web Development
PS2_3002,PS2_Benchmark,3.0,4.0,3.5999999999999996,4.4,1,0,1,Software Developer,Software & Web Development
PS2_3003,PS2_Benchmark,5.0,3.0,0.0,7.700000000000001,1,0,1,Software Developer,Software & Web Development
PS2_3004,PS2_Benchmark,2.0,7.0,1.2,2.2,0,0,1,Software Developer,Software & Web Development
PS2_3005,PS2_Benchmark,5.0,2.0,6.8,6.6000000000000005,0,0,1,Software Developer,Software & Web Development
PS2_3006,PS2_Benchmark,9.0,3.0,2.4,7.700000000000001,0,0,0,Software Developer,Software & Web Development
PS2_3007,PS2_Benchmark,1.0,7.0,4.4,8.8,1,1,1,Software Developer,Software & Web Development
PS2_3008,PS2_Benchmark,3.0,9.0,9.2,4.4,1,0,1,Software Developer,Software & Web Development
PS2_3009,PS2_Benchmark,6.0,3.0,0.0,3.3000000000000003,1,0,1,Software Developer,Software & Web Development
PS2_3010,PS2_Benchmark,9.0,6.0,0.0,2.2,0,1,0,Software Developer,Software & Web Development
PS2_3011,PS2_Benchmark,5.0,8.0,0.0,2.2,0,0,1,Software Developer,Software & Web Development
PS2_3012,PS2_Benchmark,3.0,5.0,3.5999999999999996,7.700000000000001,1,1,1,Software Developer,Software & Web Development
PS2_3013,PS2_Benchmark,1.0,5.0,7.199999999999999,8.8,0,0,1,Software Developer,Software & Web Development
PS2_3014,PS2_Benchmark,2.0,6.0,0.0,5.5,1,1,0,Software Developer,Software & Web Development
PS2_3015,PS2_Benchmark,6.0,3.0,5.6,7.700000000000001,0,1,1,Software Developer,Software & Web Development
PS2_3016,PS2_Benchmark,3.0,3.0,9.2,7.700000000000001,0,1,0,Software Developer,Software & Web Development
PS2_3017,PS2_Benchmark,4.0,5.0,7.199999999999999,7.700000000000001,1,1,1,Software Developer,Software & Web Development
PS2_3018,PS2_Benchmark,5.0,6.0,8.0,1.1,0,1,1,Software Developer,Software & Web Development
PS2_3019,PS2_Benchmark,7.0,6.0,9.2,2.2,1,0,1,Software Developer,Software & Web Development
PS2_3020,PS2_Benchmark,2.0,9.0,3.5999999999999996,3.3000000000000003,1,0,0,Software Developer,Software & Web Development
PS2_3021,PS2_Benchmark,6.0,5.0,0.0,8.8,0,1,1,Software Developer,Software & Web Development
PS2_3022,PS2_Benchmark,9.0,6.0,0.0,9.9,0,1,1,Software Developer,Software & Web Development
PS2_3023,PS2_Benchmark,1.0,3.0,8.0,5.5,1,0,1,Software Developer,Software & Web Development
PS2_3024,PS2_Benchmark,2.0,8.0,6.0,1.1,1,0,1,Software Developer,Software & Web Development
PS2_3025,PS2_Benchmark,2.0,5.0,5.6,9.9,0,1,1,Software Developer,Software & Web Development
PS2_3026,PS2_Benchmark,4.0,8.0,2.4,4.4,1,0,1,Software Developer,Software & Web Development
PS2_3027,PS2_Benchmark,1.0,9.0,5.6,4.4,1,1,1,Software Developer,Software & Web Development
PS2_3028,PS2_Benchmark,8.0,5.0,6.8,3.3000000000000003,0,0,0,Software Developer,Software & Web Development
PS2_3029,PS2_Benchmark,9.0,2.0,5.6,5.5,0,0,0,Software Developer,Software & Web Development
PS2_3030,PS2_Benchmark,6.0,3.0,3.5999999999999996,2.2,0,1,0,Software Developer,Software & Web Development
PS2_3031,PS2_Benchmark,2.0,2.0,6.8,9.9,1,0,1,Software Developer,Software & Web Development
PS2_3032,PS2_Benchmark,7.0,1.0,3.5999999999999996,4.4,0,1,0,Software Developer,Software & Web Development
PS2_3033,PS2_Benchmark,9.0,5.0,6.0,2.2,0,1,1,Software Developer,Software & Web Development
PS2_3034,PS2_Benchmark,3.0,1.0,1.2,2.2,0,0,1,Software Developer,Software & Web Development
PS2_3035,PS2_Benchmark,7.0,9.0,0.0,9.9,1,0,1,Software Developer,Software & Web Development
PS2_3036,PS2_Benchmark,3.0,8.0,0.0,9.9,0,0,1,Software Developer,Software & Web Development
PS2_3037,PS2_Benchmark,6.0,9.0,7.199999999999999,9.9,1,1,1,Software Developer,Software & Web Development
PS2_3038,PS2_Benchmark,3.0,9.0,9.2,9.9,1,0,0,Software Developer,Software & Web Development
PS2_3039,PS2_Benchmark,7.0,7.0,2.0,9.9,1,0,1,Software Developer,Software & Web Development
PS2_3040,PS2_Benchmark,2.0,4.0,2.0,4.4,1,0,1,Software Developer,Software & Web Development
PS2_3041,PS2_Benchmark,8.0,9.0,5.6,1.1,1,1,1,Software Developer,Software & Web Development
PS2_3042,PS2_Benchmark,3.0,5.0,4.8,3.3000000000000003,1,1,1,Software Developer,Software & Web Development
PS2_3043,PS2_Benchmark,7.0,8.0,5.6,4.4,1,1,1,Software Developer,Software & Web Development
PS2_3044,PS2_Benchmark,8.0,3.0,3.5999999999999996,6.6000000000000005,1,1,1,Software Developer,Software & Web Development
PS2_3045,PS2_Benchmark,3.0,2.0,4.8,8.8,0,1,1,Software Developer,Software & Web Development
PS2_3046,PS2_Benchmark,2.0,4.0,8.0,2.2,0,0,0,Software Developer,Software & Web Development
PS2_3047,PS2_Benchmark,9.0,8.0,6.0,4.4,1,0,0,Software Developer,Software & Web Development
PS2_3048,PS2_Benchmark,5.0,2.0,9.2,6.6000000000000005,0,1,0,Software Developer,Software & Web Development
PS2_3049,PS2_Benchmark,2.0,3.0,2.0,5.5,1,1,1,Software Developer,Software & Web Development
PS2_3050,PS2_Benchmark,9.0,7.0,6.0,4.4,0,1,0,Software Developer,Software & Web Development
PS2_3051,PS2_Benchmark,7.0,6.0,4.4,8.8,1,1,0,Software Developer,Software & Web Development
PS2_3052,PS2_Benchmark,1.0,2.0,4.8,7.700000000000001,1,1,1,Software Developer,Software & Web Development
PS2_3053,PS2_Benchmark,7.0,3.0,1.2,7.700000000000001,0,0,1,Software Developer,Software & Web Development
PS2_3054,PS2_Benchmark,7.0,9.0,2.4,5.5,0,1,1,Software Developer,Software & Web Development
PS2_3055,PS2_Benchmark,3.0,3.0,6.0,7.700000000000001,1,0,1,Software Developer,Software & Web Development
PS2_3056,PS2_Benchmark,1.0,1.0,4.8,2.2,0,0,0,Software Developer,Software & Web Development
PS2_3057,PS2_Benchmark,6.0,9.0,3.5999999999999996,4.4,0,0,0,Software Developer,Software & Web Development
PS2_3058,PS2_Benchmark,9.0,7.0,8.0,3.3000000000000003,0,0,1,Software Developer,Software & Web Development
PS2_3059,PS2_Benchmark,6.0,6.0,3.5999999999999996,6.6000000000000005,0,1,0,Software Developer,Software & Web Development
PS2_3060,PS2_Benchmark,3.0,2.0,2.0,1.1,0,0,0,Software Developer,Software & Web Development
PS2_3061,PS2_Benchmark,2.0,8.0,1.2,4.4,0,1,0,Software Developer,Software & Web Development
PS2_3062,PS2_Benchmark,7.0,5.0,3.5999999999999996,6.6000000000000005,0,0,0,Software Developer,Software & Web Development
PS2_3063,PS2_Benchmark,5.0,7.0,9.2,8.8,1,1,1,Software Developer,Software & Web Development
PS2_3064,PS2_Benchmark,1.0,5.0,3.5999999999999996,1.1,1,0,1,Software Developer,Software & Web Development
PS2_3065,PS2_Benchmark,9.0,1.0,2.0,8.8,0,0,0,Software Developer,Software & Web Development
PS2_3066,PS2_Benchmark,3.0,3.0,0.0,4.4,0,0,0,Software Developer,Software & Web Development
PS2_3067,PS2_Benchmark,3.0,4.0,2.4,7.700000000000001,1,1,1,Software Developer,Software & Web Development
PS2_3068,PS2_Benchmark,1.0,4.0,6.0,4.4,0,1,1,Software Developer,Software & Web Development
PS2_3069,PS2_Benchmark,3.0,7.0,6.0,4.4,0,1,1,Software Developer,Software & Web Development
PS2_3070,PS2_Benchmark,3.0,7.0,2.4,4.4,1,1,1,Software Developer,Software & Web Development
PS2_3071,PS2_Benchmark,6.0,1.0,3.5999999999999996,8.8,0,0,0,Software Developer,Software & Web Development
PS2_3072,PS2_Benchmark,2.0,6.0,8.0,4.4,1,1,0,Software Developer,Software & Web Development
PS2_3073,PS2_Benchmark,2.0,8.0,3.2,4.4,0,0,1,Software Developer,Software & Web Development
PS2_3074,PS2_Benchmark,1.0,4.0,3.2,6.6000000000000005,0,0,1,Software Developer,Software & Web Development
PS2_3075,PS2_Benchmark,3.0,7.0,6.8,1.1,1,0,1,Software Developer,Software & Web Development
PS2_3076,PS2_Benchmark,3.0,4.0,4.8,9.9,1,1,1,Software Developer,Software & Web Development
PS2_3077,PS2_Benchmark,5.0,7.0,4.4,1.1,0,0,0,Software Developer,Software & Web Development
PS2_3078,PS2_Benchmark,8.0,4.0,2.0,4.4,1,1,1,Software Developer,Software & Web Development
PS2_3079,PS2_Benchmark,4.0,7.0,1.2,9.9,0,1,0,Software Developer,Software & Web Development
PS2_3080,PS2_Benchmark,8.0,5.0,1.2,8.8,1,0,0,Software Developer,Software & Web Development
PS2_3081,PS2_Benchmark,3.0,3.0,8.0,3.3000000000000003,1,0,1,Software Developer,Software & Web Development
PS2_3082,PS2_Benchmark,6.0,2.0,7.199999999999999,4.4,1,0,1,Software Developer,Software & Web Development
PS2_3083,PS2_Benchmark,3.0,7.0,3.5999999999999996,4.4,0,1,1,Software Developer,Software & Web Development
PS2_3084,PS2_Benchmark,9.0,9.0,6.0,5.5,1,1,1,Software Developer,Software & Web Development
PS2_3085,PS2_Benchmark,7.0,1.0,2.4,2.2,1,1,0,Software Developer,Software & Web Development
PS2_3086,PS2_Benchmark,1.0,3.0,6.8,7.700000000000001,0,0,1,Software Developer,Software & Web Development
PS2_3087,PS2_Benchmark,3.0,7.0,1.2,6.6000000000000005,1,0,1,Software Developer,Software & Web Development
PS2_3088,PS2_Benchmark,5.0,4.0,2.0,4.4,0,1,0,Software Developer,Software & Web Development
PS2_3089,PS2_Benchmark,7.0,1.0,2.4,2.2,1,1,0,Software Developer,Software & Web Development
PS2_3090,PS2_Benchmark,7.0,1.0,5.6,6.6000000000000005,1,1,1,Software Developer,Software & Web Development
PS2_3091,PS2_Benchmark,2.0,4.0,1.2,1.1,0,0,1,Software Developer,Software & Web Development
PS2_3092,PS2_Benchmark,6.0,1.0,3.2,3.3000000000000003,1,0,0,Software Developer,Software & Web Development
PS2_3093,PS2_Benchmark,8.0,4.0,6.0,6.6000000000000005,0,0,0,Software Developer,Software & Web Development
PS2_3094,PS2_Benchmark,9.0,7.0,6.0,5.5,0,1,1,Software Developer,Software & Web Development
PS2_3095,PS2_Benchmark,9.0,8.0,4.4,9.9,1,0,0,Software Developer,Software & Web Development
PS2_3096,PS2_Benchmark,1.0,6.0,9.2,1.1,0,0,1,Software Developer,Software & Web Development
PS2_3097,PS2_Benchmark,3.0,2.0,0.0,3.3000000000000003,1,0,0,Software Developer,Software & Web Development
PS2_3098,PS2_Benchmark,2.0,2.0,8.0,6.6000000000000005,1,1,0,Software Developer,Software & Web Development
PS2_3099,PS2_Benchmark,2.0,4.0,8.0,6.6000000000000005,1,1,1,Software Developer,Software & Web Development
PS2_3100,PS2_Benchmark,6.0,6.0,4.4,3.3000000000000003,0,0,0,Software Developer,Software & Web Development
PS2_3101,PS2_Benchmark,6.0,7.0,2.4,7.700000000000001,0,0,1,Software Developer,Software & Web Development
PS2_3102,PS2_Benchmark,3.0,3.0,3.5999999999999996,7.700000000000001,0,0,0,Software Developer,Software & Web Development
PS2_3103,PS2_Benchmark,3.0,1.0,5.6,2.2,0,0,0,Software Developer,Software & Web Development
PS2_3104,PS2_Benchmark,7.0,8.0,3.5999999999999996,7.700000000000001,1,1,1,Software Developer,Software & Web Development
PS2_3105,PS2_Benchmark,1.0,6.0,1.2,7.700000000000001,1,1,1,Software Developer,Software & Web Development
PS2_3106,PS2_Benchmark,4.0,8.0,3.2,5.5,0,1,1,Software Developer,Software & Web Development
PS2_3107,PS2_Benchmark,1.0,2.0,7.199999999999999,6.6000000000000005,1,1,0,Software Developer,Software & Web Development
PS2_3108,PS2_Benchmark,8.0,5.0,3.2,8.8,0,0,1,Software Developer,Software & Web Development
PS2_3109,PS2_Benchmark,5.0,7.0,5.6,5.5,1,1,0,Software Developer,Software & Web Development
PS2_3110,PS2_Benchmark,2.0,3.0,3.2,2.2,1,0,0,Software Developer,Software & Web Development
PS2_3111,PS2_Benchmark,9.0,5.0,9.2,8.8,1,1,1,Software Developer,Software & Web Development
PS2_3112,PS2_Benchmark,3.0,1.0,3.5999999999999996,2.2,1,0,0,Software Developer,Software & Web Development
PS2_3113,PS2_Benchmark,4.0,7.0,3.2,7.700000000000001,0,0,0,Software Developer,Software & Web Development
PS2_3114,PS2_Benchmark,5.0,8.0,2.0,4.4,1,0,1,Software Developer,Software & Web Development
PS2_3115,PS2_Benchmark,9.0,2.0,4.4,2.2,1,1,0,Software Developer,Software & Web Development
PS2_3116,PS2_Benchmark,7.0,7.0,7.199999999999999,8.8,0,0,0,Software Developer,Software & Web Development
PS2_3117,PS2_Benchmark,8.0,2.0,5.6,7.700000000000001,1,1,1,Software Developer,Software & Web Development
PS2_3118,PS2_Benchmark,5.0,8.0,1.2,6.6000000000000005,0,0,0,Software Developer,Software & Web Development
PS2_3119,PS2_Benchmark,9.0,2.0,6.0,4.4,1,1,0,Software Developer,Software & Web Development
PS2_3120,PS2_Benchmark,5.0,6.0,6.8,6.6000000000000005,1,1,1,Software Developer,Software & Web Development
PS2_3121,PS2_Benchmark,7.0,9.0,2.0,1.1,0,0,1,Software Developer,Software & Web Development
PS2_3122,PS2_Benchmark,4.0,3.0,9.2,3.3000000000000003,0,1,0,Software Developer,Software & Web Development
PS2_3123,PS2_Benchmark,3.0,7.0,1.2,7.700000000000001,0,0,0,Software Developer,Software & Web Development
PS2_3124,PS2_Benchmark,2.0,6.0,9.2,5.5,1,0,1,Software Developer,Software & Web Development
PS2_3125,PS2_Benchmark,1.0,2.0,4.8,1.1,1,0,1,Software Developer,Software & Web Development
PS2_3126,PS2_Benchmark,3.0,6.0,4.8,5.5,1,1,1,Software Developer,Software & Web Development
PS2_3127,PS2_Benchmark,9.0,1.0,7.199999999999999,4.4,0,0,1,Software Developer,Software & Web Development
PS2_3128,PS2_Benchmark,8.0,7.0,2.0,8.8,0,1,1,Software Developer,Software & Web Development
PS2_3129,PS2_Benchmark,9.0,4.0,5.6,7.700000000000001,1,1,1,Software Developer,Software & Web Development
PS2_3130,PS2_Benchmark,7.0,4.0,7.199999999999999,7.700000000000001,1,0,0,Software Developer,Software & Web Development
PS2_3131,PS2_Benchmark,7.0,9.0,6.0,2.2,0,0,0,Software Developer,Software & Web Development
PS2_3132,PS2_Benchmark,6.0,4.0,2.4,3.3000000000000003,1,1,0,Software Developer,Software & Web Development
PS2_3133,PS2_Benchmark,5.0,6.0,3.5999999999999996,4.4,0,1,1,Software Developer,Software & Web Development
PS2_3134,PS2_Benchmark,7.0,4.0,1.2,6.6000000000000005,0,0,0,Software Developer,Software & Web Development
PS2_3135,PS2_Benchmark,6.0,4.0,3.5999999999999996,5.5,1,0,0,Software Developer,Software & Web Development
PS2_3136,PS2_Benchmark,3.0,7.0,2.4,8.8,0,1,0,Software Developer,Software & Web Development
PS2_3137,PS2_Benchmark,1.0,9.0,4.4,1.1,1,1,0,Software Developer,Software & Web Development
PS2_3138,PS2_Benchmark,9.0,5.0,1.2,7.700000000000001,0,1,1,Software Developer,Software & Web Development
PS2_3139,PS2_Benchmark,5.0,4.0,3.5999999999999996,8.8,1,1,0,Software Developer,Software & Web Development
PS2_3140,PS2_Benchmark,6.0,5.0,3.5999999999999996,6.6000000000000005,1,0,1,Software Developer,Software & Web Development
PS2_3141,PS2_Benchmark,3.0,5.0,3.2,8.8,0,1,0,Software Developer,Software & Web Development
PS2_3142,PS2_Benchmark,8.0,2.0,6.8,6.6000000000000005,0,1,0,Software Developer,Software & Web Development
PS2_3143,PS2_Benchmark,5.0,9.0,0.0,8.8,0,1,0,Software Developer,Software & Web Development
PS2_3144,PS2_Benchmark,7.0,1.0,8.0,8.8,1,1,0,Software Developer,Software & Web Development
PS2_3145,PS2_Benchmark,6.0,7.0,0.0,7.700000000000001,1,0,0,Software Developer,Software & Web Development
PS2_3146,PS2_Benchmark,7.0,9.0,6.0,7.700000000000001,0,1,0,Software Developer,Software & Web Development
PS2_3147,PS2_Benchmark,7.0,9.0,4.8,9.9,0,0,1,Software Developer,Software & Web Development
PS2_3148,PS2_Benchmark,6.0,9.0,1.2,8.8,1,0,1,Software Developer,Software & Web Development
PS2_3149,PS2_Benchmark,4.0,1.0,2.4,5.5,0,0,0,Software Developer,Software & Web Development
PS2_3150,PS2_Benchmark,4.0,2.0,5.6,2.2,1,1,1,Software Developer,Software & Web Development
PS2_3151,PS2_Benchmark,7.0,3.0,3.5999999999999996,8.8,0,0,0,Software Developer,Software & Web Development
PS2_3152,PS2_Benchmark,3.0,4.0,8.0,6.6000000000000005,1,1,0,Software Developer,Software & Web Development
PS2_3153,PS2_Benchmark,5.0,4.0,2.0,6.6000000000000005,1,1,0,Software Developer,Software & Web Development
PS2_3154,PS2_Benchmark,3.0,8.0,1.2,5.5,1,1,1,Software Developer,Software & Web Development
PS2_3155,PS2_Benchmark,8.0,2.0,8.0,8.8,0,1,0,Software Developer,Software & Web Development
PS2_3156,PS2_Benchmark,8.0,9.0,1.2,8.8,0,1,1,Software Developer,Software & Web Development
PS2_3157,PS2_Benchmark,7.0,9.0,3.5999999999999996,8.8,1,0,1,Software Developer,Software & Web Development
PS2_3158,PS2_Benchmark,4.0,4.0,8.0,7.700000000000001,1,1,0,Software Developer,Software & Web Development
PS2_3159,PS2_Benchmark,7.0,9.0,2.4,9.9,1,1,1,Software Developer,Software & Web Development
PS2_3160,PS2_Benchmark,9.0,5.0,8.0,6.6000000000000005,0,1,1,Software Developer,Software & Web Development
PS2_3161,PS2_Benchmark,3.0,6.0,6.8,3.3000000000000003,0,0,0,Software Developer,Software & Web Development
PS2_3162,PS2_Benchmark,7.0,2.0,4.8,2.2,1,0,0,Software Developer,Software & Web Development
PS2_3163,PS2_Benchmark,5.0,3.0,9.2,6.6000000000000005,1,0,0,Software Developer,Software & Web Development
PS2_3164,PS2_Benchmark,6.0,6.0,6.8,1.1,1,1,1,Software Developer,Software & Web Development
PS2_3165,PS2_Benchmark,2.0,3.0,6.0,1.1,0,1,1,Software Developer,Software & Web Development
PS2_3166,PS2_Benchmark,7.0,9.0,3.2,5.5,0,1,1,Software Developer,Software & Web Development
PS2_3167,PS2_Benchmark,2.0,1.0,0.0,7.700000000000001,0,1,0,Software Developer,Software & Web Development
PS2_3168,PS2_Benchmark,9.0,4.0,2.0,4.4,0,1,0,Software Developer,Software & Web Development
PS2_3169,PS2_Benchmark,7.0,7.0,4.4,5.5,1,1,0,Software Developer,Software & Web Development
PS2_3170,PS2_Benchmark,2.0,8.0,1.2,8.8,1,1,1,Software Developer,Software & Web Development
PS2_3171,PS2_Benchmark,7.0,5.0,2.4,3.3000000000000003,0,1,1,Software Developer,Software & Web Development
PS2_3172,PS2_Benchmark,7.0,7.0,6.8,9.9,1,0,0,Software Developer,Software & Web Development
PS2_3173,PS2_Benchmark,9.0,2.0,9.2,8.8,0,0,1,Software Developer,Software & Web Development
PS2_3174,PS2_Benchmark,9.0,3.0,3.5999999999999996,5.5,1,0,1,Software Developer,Software & Web Development
PS2_3175,PS2_Benchmark,3.0,5.0,4.4,2.2,0,0,0,Software Developer,Software & Web Development
PS2_3176,PS2_Benchmark,5.0,7.0,9.2,7.700000000000001,1,0,1,Software Developer,Software & Web Development
PS2_3177,PS2_Benchmark,7.0,8.0,6.8,9.9,0,0,1,Software Developer,Software & Web Development
PS2_3178,PS2_Benchmark,1.0,8.0,5.6,7.700000000000001,0,1,1,Software Developer,Software & Web Development
PS2_3179,PS2_Benchmark,1.0,1.0,6.8,2.2,0,0,0,Software Developer,Software & Web Development
PS2_3180,PS2_Benchmark,2.0,6.0,4.4,3.3000000000000003,0,0,1,Software Developer,Software & Web Development
PS2_3181,PS2_Benchmark,9.0,1.0,9.2,8.8,1,0,1,Software Developer,Software & Web Development
PS2_3182,PS2_Benchmark,2.0,9.0,2.0,4.4,0,1,1,Software Developer,Software & Web Development
PS2_3183,PS2_Benchmark,6.0,8.0,7.199999999999999,8.8,0,0,1,Software Developer,Software & Web Development
PS2_3184,PS2_Benchmark,5.0,8.0,6.8,2.2,1,1,1,Software Developer,Software & Web Development
PS2_3185,PS2_Benchmark,2.0,1.0,6.8,3.3000000000000003,1,0,1,Software Developer,Software & Web Development
PS2_3186,PS2_Benchmark,3.0,7.0,1.2,5.5,1,1,0,Software Developer,Software & Web Development
PS2_3187,PS2_Benchmark,7.0,9.0,2.4,3.3000000000000003,0,1,0,Software Developer,Software & Web Development
PS2_3188,PS2_Benchmark,4.0,1.0,1.2,3.3000000000000003,1,0,1,Software Developer,Software & Web Development
PS2_3189,PS2_Benchmark,6.0,9.0,2.0,3.3000000000000003,1,0,1,Software Developer,Software & Web Development
PS2_3190,PS2_Benchmark,7.0,1.0,2.4,1.1,1,1,0,Software Developer,Software & Web Development
PS2_3191,PS2_Benchmark,2.0,4.0,4.8,6.6000000000000005,0,1,0,Software Developer,Software & Web Development
PS2_3192,PS2_Benchmark,1.0,1.0,7.199999999999999,1.1,0,1,1,Software Developer,Software & Web Development
PS2_3193,PS2_Benchmark,7.0,5.0,2.4,9.9,1,1,1,Software Developer,Software & Web Development
PS2_3194,PS2_Benchmark,4.0,2.0,3.5999999999999996,2.2,1,0,0,Software Developer,Software & Web Development
PS2_3195,PS2_Benchmark,2.0,4.0,6.8,2.2,1,0,1,Software Developer,Software & Web Development
PS2_3196,PS2_Benchmark,1.0,2.0,6.8,4.4,0,1,1,Software Developer,Software & Web Development
PS2_3197,PS2_Benchmark,9.0,7.0,8.0,5.5,1,0,1,Software Developer,Software & Web Development
PS2_3198,PS2_Benchmark,7.0,2.0,1.2,5.5,0,1,0,Software Developer,Software & Web Development
PS2_3199,PS2_Benchmark,6.0,1.0,1.2,6.6000000000000005,0,1,0,Software Developer,Software & Web Development
PS2_3200,PS2_Benchmark,1.0,1.0,9.2,8.8,0,1,0,Software Developer,Software & Web Development
PS2_3201,PS2_Benchmark,6.0,7.0,3.5999999999999996,7.700000000000001,1,1,1,Software Developer,Software & Web Development
PS2_3202,PS2_Benchmark,1.0,6.0,0.0,7.700000000000001,1,1,1,Software Developer,Software & Web Development
PS2_3203,PS2_Benchmark,7.0,6.0,1.2,7.700000000000001,0,1,1,Software Developer,Software & Web Development
PS2_3204,PS2_Benchmark,4.0,4.0,7.199999999999999,1.1,1,0,1,Software Developer,Software & Web Development
PS2_3205,PS2_Benchmark,4.0,3.0,4.8,2.2,1,1,0,Software Developer,Software & Web Development
PS2_3206,PS2_Benchmark,6.0,6.0,6.0,5.5,0,1,0,Software Developer,Software & Web Development
PS2_3207,PS2_Benchmark,4.0,7.0,2.0,3.3000000000000003,0,1,1,Software Developer,Software & Web Development
PS2_3208,PS2_Benchmark,8.0,9.0,2.0,9.9,1,1,1,Software Developer,Software & Web Development
PS2_3209,PS2_Benchmark,9.0,8.0,6.0,9.9,0,1,0,Software Developer,Software & Web Development
PS2_3210,PS2_Benchmark,5.0,8.0,6.8,2.2,0,1,0,Software Developer,Software & Web Development
PS2_3211,PS2_Benchmark,8.0,4.0,4.4,6.6000000000000005,0,0,0,Software Developer,Software & Web Development
PS2_3212,PS2_Benchmark,2.0,5.0,2.0,8.8,0,0,0,Software Developer,Software & Web Development
PS2_3213,PS2_Benchmark,2.0,4.0,3.2,8.8,1,0,0,Software Developer,Software & Web Development
PS2_3214,PS2_Benchmark,5.0,1.0,4.4,3.3000000000000003,1,1,0,Software Developer,Software & Web Development
PS2_3215,PS2_Benchmark,6.0,7.0,6.8,9.9,0,1,1,Software Developer,Software & Web Development
PS2_3216,PS2_Benchmark,5.0,8.0,3.5999999999999996,4.4,0,1,1,Software Developer,Software & Web Development
PS2_3217,PS2_Benchmark,3.0,8.0,1.2,7.700000000000001,0,0,1,Software Developer,Software & Web Development
PS2_3218,PS2_Benchmark,6.0,7.0,3.2,8.8,0,0,1,Software Developer,Software & Web Development
PS2_3219,PS2_Benchmark,4.0,4.0,3.5999999999999996,2.2,1,0,0,Software Developer,Software & Web Development
PS2_3220,PS2_Benchmark,7.0,1.0,1.2,5.5,1,0,0,Software Developer,Software & Web Development
PS2_3221,PS2_Benchmark,5.0,3.0,3.5999999999999996,8.8,1,0,1,Software Developer,Software & Web Development
PS2_3222,PS2_Benchmark,5.0,8.0,2.4,1.1,1,1,1,Software Developer,Software & Web Development
PS2_3223,PS2_Benchmark,1.0,6.0,4.8,9.9,0,0,1,Software Developer,Software & Web Development
PS2_3224,PS2_Benchmark,9.0,6.0,7.199999999999999,8.8,1,0,1,Software Developer,Software & Web Development
PS2_3225,PS2_Benchmark,4.0,1.0,2.4,9.9,0,0,1,Software Developer,Software & Web Development
PS2_3226,PS2_Benchmark,6.0,4.0,0.0,9.9,1,1,0,Software Developer,Software & Web Development
PS2_3227,PS2_Benchmark,5.0,9.0,5.6,3.3000000000000003,0,0,0,Software Developer,Software & Web Development
PS2_3228,PS2_Benchmark,1.0,1.0,6.0,6.6000000000000005,0,1,0,Software Developer,Software & Web Development
PS2_3229,PS2_Benchmark,5.0,8.0,4.4,6.6000000000000005,0,1,1,Software Developer,Software & Web Development
PS2_3230,PS2_Benchmark,6.0,5.0,3.2,3.3000000000000003,1,0,0,Software Developer,Software & Web Development
PS2_3231,PS2_Benchmark,2.0,8.0,4.4,5.5,0,0,0,Software Developer,Software & Web Development
PS2_3232,PS2_Benchmark,4.0,9.0,4.8,8.8,1,0,1,Software Developer,Software & Web Development
PS2_3233,PS2_Benchmark,1.0,5.0,4.4,2.2,1,0,1,Software Developer,Software & Web Development
PS2_3234,PS2_Benchmark,2.0,1.0,4.8,3.3000000000000003,1,1,0,Software Developer,Software & Web Development
PS2_3235,PS2_Benchmark,4.0,6.0,2.4,5.5,0,1,1,Software Developer,Software & Web Development
PS2_3236,PS2_Benchmark,1.0,1.0,2.0,9.9,1,1,0,Software Developer,Software & Web Development
PS2_3237,PS2_Benchmark,7.0,4.0,3.5999999999999996,5.5,1,0,0,Software Developer,Software & Web Development
PS2_3238,PS2_Benchmark,8.0,8.0,4.4,5.5,1,1,1,Software Developer,Software & Web Development
PS2_3239,PS2_Benchmark,4.0,2.0,2.4,9.9,1,0,1,Software Developer,Software & Web Development
PS2_3240,PS2_Benchmark,2.0,1.0,4.8,2.2,0,1,0,Software Developer,Software & Web Development
PS2_3241,PS2_Benchmark,6.0,6.0,2.0,7.700000000000001,0,1,1,Software Developer,Software & Web Development
PS2_3242,PS2_Benchmark,1.0,8.0,8.0,3.3000000000000003,1,1,0,Software Developer,Software & Web Development
PS2_3243,PS2_Benchmark,2.0,1.0,1.2,4.4,1,0,1,Software Developer,Software & Web Development
PS2_3244,PS2_Benchmark,1.0,4.0,6.0,9.9,0,1,0,Software Developer,Software & Web Development
PS2_3245,PS2_Benchmark,5.0,9.0,8.0,3.3000000000000003,0,1,0,Software Developer,Software & Web Development
PS2_3246,PS2_Benchmark,6.0,6.0,6.0,4.4,1,1,0,Software Developer,Software & Web Development
PS2_3247,PS2_Benchmark,5.0,8.0,6.0,6.6000000000000005,0,0,0,Software Developer,Software & Web Development
PS2_3248,PS2_Benchmark,6.0,3.0,4.8,9.9,1,1,0,Software Developer,Software & Web Development
PS2_3249,PS2_Benchmark,3.0,5.0,4.4,6.6000000000000005,0,1,1,Software Developer,Software & Web Development
PS2_3250,PS2_Benchmark,8.0,5.0,6.0,1.1,0,0,1,Software Developer,Software & Web Development
PS2_3251,PS2_Benchmark,1.0,5.0,3.2,3.3000000000000003,0,0,0,Software Developer,Software & Web Development
PS2_3252,PS2_Benchmark,4.0,1.0,7.199999999999999,7.700000000000001,1,1,1,Software Developer,Software & Web Development
PS2_3253,PS2_Benchmark,4.0,2.0,5.6,8.8,0,1,1,Software Developer,Software & Web Development
PS2_3254,PS2_Benchmark,4.0,4.0,3.5999999999999996,4.4,1,1,1,Software Developer,Software & Web Development
PS2_3255,PS2_Benchmark,3.0,2.0,8.0,6.6000000000000005,1,0,0,Software Developer,Software & Web Development
PS2_3256,PS2_Benchmark,3.0,5.0,7.199999999999999,2.2,0,0,1,Software Developer,Software & Web Development
PS2_3257,PS2_Benchmark,6.0,5.0,6.8,4.4,0,0,1,Software Developer,Software & Web Development
PS2_3258,PS2_Benchmark,5.0,5.0,8.0,3.3000000000000003,0,0,0,Software Developer,Software & Web Development
PS2_3259,PS2_Benchmark,7.0,4.0,7.199999999999999,7.700000000000001,1,0,1,Software Developer,Software & Web Development
PS2_3260,PS2_Benchmark,6.0,1.0,0.0,9.9,1,1,1,Software Developer,Software & Web Development
PS2_3261,PS2_Benchmark,5.0,7.0,2.4,7.700000000000001,0,0,1,Software Developer,Software & Web Development
PS2_3262,PS2_Benchmark,6.0,8.0,3.5999999999999996,3.3000000000000003,1,1,1,Software Developer,Software & Web Development
PS2_3263,PS2_Benchmark,3.0,7.0,3.2,5.5,1,1,0,Software Developer,Software & Web Development
PS2_3264,PS2_Benchmark,7.0,2.0,3.5999999999999996,9.9,1,1,0,Software Developer,Software & Web Development
PS2_3265,PS2_Benchmark,5.0,8.0,7.199999999999999,7.700000000000001,0,1,0,Software Developer,Software & Web Development
PS2_3266,PS2_Benchmark,4.0,5.0,4.8,2.2,1,0,1,Software Developer,Software & Web Development
PS2_3267,PS2_Benchmark,1.0,1.0,9.2,7.700000000000001,1,0,1,Software Developer,Software & Web Development
PS2_3268,PS2_Benchmark,4.0,9.0,4.4,4.4,0,0,0,Software Developer,Software & Web Development
PS2_3269,PS2_Benchmark,3.0,7.0,3.2,7.700000000000001,1,0,1,Software Developer,Software & Web Development
PS2_3270,PS2_Benchmark,5.0,2.0,9.2,5.5,1,1,0,Software Developer,Software & Web Development
PS2_3271,PS2_Benchmark,4.0,7.0,1.2,2.2,1,1,1,Software Developer,Software & Web Development
PS2_3272,PS2_Benchmark,4.0,6.0,8.0,8.8,1,0,1,Software Developer,Software & Web Development
PS2_3273,PS2_Benchmark,1.0,7.0,1.2,9.9,0,0,1,Software Developer,Software & Web Development
PS2_3274,PS2_Benchmark,7.0,2.0,6.0,6.6000000000000005,1,1,1,Software Developer,Software & Web Development
PS2_3275,PS2_Benchmark,6.0,4.0,5.6,7.700000000000001,0,1,1,Software Developer,Software & Web Development
PS2_3276,PS2_Benchmark,1.0,3.0,5.6,9.9,0,0,0,Software Developer,Software & Web Development
PS2_3277,PS2_Benchmark,3.0,6.0,2.4,4.4,0,0,0,Software Developer,Software & Web Development
PS2_3278,PS2_Benchmark,1.0,2.0,9.2,8.8,0,0,1,Software Developer,Software & Web Development
PS2_3279,PS2_Benchmark,1.0,4.0,3.2,3.3000000000000003,0,0,1,Software Developer,Software & Web Development
PS2_3280,PS2_Benchmark,9.0,5.0,6.0,2.2,0,0,0,Software Developer,Software & Web Development
PS2_3281,PS2_Benchmark,5.0,1.0,5.6,3.3000000000000003,0,0,0,Software Developer,Software & Web Development
PS2_3282,PS2_Benchmark,9.0,4.0,7.199999999999999,5.5,0,1,0,Software Developer,Software & Web Development
PS2_3283,PS2_Benchmark,2.0,5.0,3.2,6.6000000000000005,0,1,1,Software Developer,Software & Web Development
PS2_3284,PS2_Benchmark,1.0,9.0,7.199999999999999,8.8,1,0,0,Software Developer,Software & Web Development
PS2_3285,PS2_Benchmark,3.0,3.0,0.0,9.9,0,0,1,Software Developer,Software & Web Development
PS2_3286,PS2_Benchmark,9.0,7.0,6.0,9.9,1,0,0,Software Developer,Software & Web Development
PS2_3287,PS2_Benchmark,1.0,9.0,7.199999999999999,3.3000000000000003,1,1,1,Software Developer,Software & Web Development
PS2_3288,PS2_Benchmark,4.0,9.0,9.2,8.8,0,1,1,Software Developer,Software & Web Development
PS2_3289,PS2_Benchmark,3.0,2.0,8.0,4.4,1,1,1,Software Developer,Software & Web Development
PS2_3290,PS2_Benchmark,6.0,6.0,4.4,1.1,1,1,1,Software Developer,Software & Web Development
PS2_3291,PS2_Benchmark,1.0,2.0,8.0,2.2,0,1,1,Software Developer,Software & Web Development
PS2_3292,PS2_Benchmark,9.0,2.0,1.2,5.5,0,1,0,Software Developer,Software & Web Development
PS2_3293,PS2_Benchmark,7.0,4.0,4.4,7.700000000000001,1,0,0,Software Developer,Software & Web Development
PS2_3294,PS2_Benchmark,6.0,8.0,3.5999999999999996,8.8,1,1,0,Software Developer,Software & Web Development
PS2_3295,PS2_Benchmark,4.0,3.0,3.2,4.4,0,1,1,Software Developer,Software & Web Development
PS2_3296,PS2_Benchmark,7.0,5.0,9.2,1.1,1,0,1,Software Developer,Software & Web Development
PS2_3297,PS2_Benchmark,5.0,6.0,8.0,8.8,0,1,1,Software Developer,Software & Web Development
PS2_3298,PS2_Benchmark,7.0,9.0,8.0,9.9,0,0,0,Software Developer,Software & Web Development
PS2_3299,PS2_Benchmark,7.0,5.0,2.4,4.4,0,1,1,Software Developer,Software & Web Development
PS2_3300,PS2_Benchmark,7.0,6.0,0.0,8.8,0,0,1,Software Developer,Software & Web Development
PS2_3301,PS2_Benchmark,9.0,9.0,2.4,3.3000000000000003,1,0,0,Software Developer,Software & Web Development
PS2_3302,PS2_Benchmark,7.0,2.0,4.4,8.8,0,1,1,Software Developer,Software & Web Development
PS2_3303,PS2_Benchmark,9.0,2.0,9.2,6.6000000000000005,0,1,0,Software Developer,Software & Web Development
PS2_3304,PS2_Benchmark,8.0,5.0,3.2,9.9,1,1,0,Software Developer,Software & Web Development
PS2_3305,PS2_Benchmark,2.0,1.0,6.0,1.1,0,0,0,Software Developer,Software & Web Development
PS2_3306,PS2_Benchmark,2.0,3.0,3.5999999999999996,8.8,0,0,1,Software Developer,Software & Web Development
PS2_3307,PS2_Benchmark,2.0,3.0,2.4,6.6000000000000005,1,0,1,Software Developer,Software & Web Development
PS2_3308,PS2_Benchmark,6.0,6.0,4.8,9.9,1,1,1,Software Developer,Software & Web Development
PS2_3309,PS2_Benchmark,6.0,1.0,4.4,7.700000000000001,1,1,1,Software Developer,Software & Web Development
PS2_3310,PS2_Benchmark,6.0,4.0,2.0,5.5,0,1,0,Software Developer,Software & Web Development
PS2_3311,PS2_Benchmark,1.0,9.0,3.5999999999999996,3.3000000000000003,1,1,0,Software Developer,Software & Web Development
PS2_3312,PS2_Benchmark,6.0,4.0,0.0,2.2,0,1,1,Software Developer,Software & Web Development
PS2_3313,PS2_Benchmark,9.0,4.0,7.199999999999999,2.2,0,1,0,Software Developer,Software & Web Development
PS2_3314,PS2_Benchmark,9.0,4.0,9.2,9.9,0,1,0,Software Developer,Software & Web Development
PS2_3315,PS2_Benchmark,4.0,6.0,2.4,8.8,1,0,0,Software Developer,Software & Web Development
PS2_3316,PS2_Benchmark,5.0,7.0,8.0,5.5,0,0,0,Software Developer,Software & Web Development
PS2_3317,PS2_Benchmark,5.0,7.0,2.4,3.3000000000000003,1,0,0,Software Developer,Software & Web Development
PS2_3318,PS2_Benchmark,8.0,4.0,5.6,8.8,0,1,0,Software Developer,Software & Web Development
PS2_3319,PS2_Benchmark,6.0,2.0,6.0,2.2,0,1,0,Software Developer,Software & Web Development
PS2_3320,PS2_Benchmark,5.0,4.0,0.0,1.1,0,0,1,Software Developer,Software & Web Development
PS2_3321,PS2_Benchmark,9.0,3.0,6.0,1.1,0,0,0,Software Developer,Software & Web Development
PS2_3322,PS2_Benchmark,8.0,3.0,3.2,7.700000000000001,1,0,0,Software Developer,Software & Web Development
PS2_3323,PS2_Benchmark,2.0,2.0,3.5999999999999996,1.1,1,1,1,Software Developer,Software & Web Development
PS2_3324,PS2_Benchmark,1.0,8.0,9.2,7.700000000000001,1,0,1,Software Developer,Software & Web Development
PS2_3325,PS2_Benchmark,6.0,1.0,0.0,2.2,1,1,0,Software Developer,Software & Web Development
PS2_3326,PS2_Benchmark,1.0,3.0,3.5999999999999996,7.700000000000001,1,1,1,Software Developer,Software & Web Development
PS2_3327,PS2_Benchmark,6.0,9.0,1.2,4.4,1,1,0,Software Developer,Software & Web Development
PS2_3328,PS2_Benchmark,1.0,7.0,8.0,1.1,0,1,1,Software Developer,Software & Web Development
PS2_3329,PS2_Benchmark,6.0,6.0,9.2,7.700000000000001,0,0,0,Software Developer,Software & Web Development
PS2_3330,PS2_Benchmark,3.0,1.0,3.5999999999999996,6.6000000000000005,1,0,0,Software Developer,Software & Web Development
PS2_3331,PS2_Benchmark,5.0,7.0,6.8,8.8,1,0,1,Software Developer,Software & Web Development
PS2_3332,PS2_Benchmark,5.0,9.0,4.4,6.6000000000000005,0,0,0,Software Developer,Software & Web Development
PS2_3333,PS2_Benchmark,4.0,8.0,6.8,8.8,0,1,1,Software Developer,Software & Web Development
PS2_3334,PS2_Benchmark,5.0,2.0,7.199999999999999,5.5,1,1,1,Software Developer,Software & Web Development
PS2_3335,PS2_Benchmark,8.0,3.0,2.0,2.2,1,1,0,Software Developer,Software & Web Development
PS2_3336,PS2_Benchmark,4.0,9.0,6.0,5.5,1,0,1,Software Developer,Software & Web Development
PS2_3337,PS2_Benchmark,6.0,4.0,0.0,7.700000000000001,1,0,1,Software Developer,Software & Web Development
PS2_3338,PS2_Benchmark,8.0,6.0,2.0,3.3000000000000003,1,1,1,Software Developer,Software & Web Development
PS2_3339,PS2_Benchmark,9.0,6.0,9.2,4.4,1,0,1,Software Developer,Software & Web Development
PS2_3340,PS2_Benchmark,1.0,3.0,2.0,2.2,0,0,0,Software Developer,Software & Web Development
PS2_3341,PS2_Benchmark,2.0,7.0,5.6,4.4,1,1,0,Software Developer,Software & Web Development
PS2_3342,PS2_Benchmark,6.0,1.0,1.2,1.1,1,1,1,Software Developer,Software & Web Development
PS2_3343,PS2_Benchmark,2.0,1.0,2.4,9.9,0,1,1,Software Developer,Software & Web Development
PS2_3344,PS2_Benchmark,5.0,2.0,2.4,7.700000000000001,1,0,1,Software Developer,Software & Web Development
PS2_3345,PS2_Benchmark,9.0,6.0,3.2,2.2,1,0,0,Software Developer,Software & Web Development
PS2_3346,PS2_Benchmark,1.0,7.0,6.0,3.3000000000000003,1,0,0,Software Developer,Software & Web Development
PS2_3347,PS2_Benchmark,9.0,2.0,4.4,6.6000000000000005,0,0,0,Software Developer,Software & Web Development
PS2_3348,PS2_Benchmark,1.0,3.0,6.8,7.700000000000001,0,0,1,Software Developer,Software & Web Development
PS2_3349,PS2_Benchmark,5.0,1.0,8.0,9.9,1,1,1,Software Developer,Software & Web Development
PS2_3350,PS2_Benchmark,3.0,3.0,2.0,1.1,0,1,0,Software Developer,Software & Web Development
PS2_3351,PS2_Benchmark,2.0,9.0,5.6,4.4,1,0,0,Software Developer,Software & Web Development
PS2_3352,PS2_Benchmark,1.0,9.0,7.199999999999999,3.3000000000000003,1,1,0,Software Developer,Software & Web Development
PS2_3353,PS2_Benchmark,5.0,2.0,3.2,9.9,1,1,0,Software Developer,Software & Web Development
PS2_3354,PS2_Benchmark,8.0,6.0,3.5999999999999996,7.700000000000001,0,0,1,Software Developer,Software & Web Development
PS2_3355,PS2_Benchmark,4.0,2.0,8.0,7.700000000000001,1,0,0,Software Developer,Software & Web Development
PS2_3356,PS2_Benchmark,1.0,9.0,5.6,6.6000000000000005,0,0,1,Software Developer,Software & Web Development
PS2_3357,PS2_Benchmark,2.0,1.0,2.0,1.1,1,1,0,Software Developer,Software & Web Development
PS2_3358,PS2_Benchmark,5.0,6.0,6.0,2.2,0,1,0,Software Developer,Software & Web Development
PS2_3359,PS2_Benchmark,2.0,6.0,1.2,1.1,1,0,0,Software Developer,Software & Web Development
PS2_3360,PS2_Benchmark,4.0,2.0,2.4,5.5,0,0,1,Software Developer,Software & Web Development
PS2_3361,PS2_Benchmark,7.0,2.0,5.6,7.700000000000001,0,1,0,Software Developer,Software & Web Development
PS2_3362,PS2_Benchmark,8.0,3.0,4.4,2.2,0,1,0,Software Developer,Software & Web Development
PS2_3363,PS2_Benchmark,3.0,1.0,0.0,4.4,1,0,1,Software Developer,Software & Web Development
PS2_3364,PS2_Benchmark,2.0,4.0,0.0,8.8,1,1,0,Software Developer,Software & Web Development
PS2_3365,PS2_Benchmark,8.0,7.0,9.2,7.700000000000001,0,1,0,Software Developer,Software & Web Development
PS2_3366,PS2_Benchmark,7.0,1.0,2.4,5.5,0,1,0,Software Developer,Software & Web Development
PS2_3367,PS2_Benchmark,4.0,5.0,6.8,8.8,1,1,1,Software Developer,Software & Web Development
PS2_3368,PS2_Benchmark,9.0,4.0,3.2,8.8,0,1,0,Software Developer,Software & Web Development
PS2_3369,PS2_Benchmark,7.0,2.0,2.0,8.8,0,0,0,Software Developer,Software & Web Development
PS2_3370,PS2_Benchmark,3.0,7.0,3.5999999999999996,4.4,1,0,0,Software Developer,Software & Web Development
PS2_3371,PS2_Benchmark,7.0,6.0,4.8,8.8,1,1,0,Software Developer,Software & Web Development
PS2_3372,PS2_Benchmark,6.0,6.0,2.4,3.3000000000000003,0,0,0,Software Developer,Software & Web Development
PS2_3373,PS2_Benchmark,1.0,6.0,1.2,9.9,0,1,1,Software Developer,Software & Web Development
PS2_3374,PS2_Benchmark,2.0,5.0,5.6,4.4,0,1,1,Software Developer,Software & Web Development
PS2_3375,PS2_Benchmark,3.0,6.0,8.0,7.700000000000001,1,1,1,Software Developer,Software & Web Development
PS2_3376,PS2_Benchmark,7.0,5.0,3.5999999999999996,2.2,0,0,1,Software Developer,Software & Web Development
PS2_3377,PS2_Benchmark,9.0,5.0,6.0,7.700000000000001,1,1,0,Software Developer,Software & Web Development
PS2_3378,PS2_Benchmark,6.0,2.0,5.6,7.700000000000001,1,0,0,Software Developer,Software & Web Development
PS2_3379,PS2_Benchmark,2.0,4.0,0.0,6.6000000000000005,0,1,0,Software Developer,Software & Web Development
PS2_3380,PS2_Benchmark,6.0,5.0,3.5999999999999996,8.8,0,0,1,Software Developer,Software & Web Development
PS2_3381,PS2_Benchmark,9.0,7.0,1.2,3.3000000000000003,0,0,1,Software Developer,Software & Web Development
PS2_3382,PS2_Benchmark,5.0,8.0,5.6,3.3000000000000003,0,1,1,Software Developer,Software & Web Development
PS2_3383,PS2_Benchmark,1.0,3.0,7.199999999999999,8.8,0,0,0,Software Developer,Software & Web Development
PS2_3384,PS2_Benchmark,6.0,6.0,6.0,5.5,1,0,1,Software Developer,Software & Web Development
PS2_3385,PS2_Benchmark,3.0,7.0,3.2,3.3000000000000003,0,0,1,Software Developer,Software & Web Development
PS2_3386,PS2_Benchmark,6.0,3.0,8.0,2.2,1,0,1,Software Developer,Software & Web Development
PS2_3387,PS2_Benchmark,6.0,2.0,9.2,6.6000000000000005,1,1,1,Software Developer,Software & Web Development
PS2_3388,PS2_Benchmark,4.0,2.0,8.0,8.8,0,0,0,Software Developer,Software & Web Development
PS2_3389,PS2_Benchmark,9.0,5.0,4.8,7.700000000000001,0,0,0,Software Developer,Software & Web Development
PS2_3390,PS2_Benchmark,8.0,2.0,3.5999999999999996,7.700000000000001,1,0,1,Software Developer,Software & Web Development
PS2_3391,PS2_Benchmark,7.0,9.0,9.2,9.9,0,1,1,Software Developer,Software & Web Development
PS2_3392,PS2_Benchmark,4.0,2.0,5.6,3.3000000000000003,1,0,0,Software Developer,Software & Web Development
PS2_3393,PS2_Benchmark,6.0,7.0,0.0,8.8,1,0,0,Software Developer,Software & Web Development
PS2_3394,PS2_Benchmark,6.0,1.0,2.0,3.3000000000000003,0,1,0,Software Developer,Software & Web Development
PS2_3395,PS2_Benchmark,3.0,2.0,4.4,8.8,0,0,0,Software Developer,Software & Web Development
PS2_3396,PS2_Benchmark,3.0,2.0,2.4,6.6000000000000005,1,0,0,Software Developer,Software & Web Development
PS2_3397,PS2_Benchmark,9.0,6.0,3.2,4.4,0,0,0,Software Developer,Software & Web Development
PS2_3398,PS2_Benchmark,6.0,3.0,3.2,9.9,1,0,0,Software Developer,Software & Web Development
PS2_3399,PS2_Benchmark,4.0,6.0,6.0,8.8,0,0,1,Software Developer,Software & Web Development
PS2_3400,PS2_Benchmark,5.0,8.0,4.8,8.8,1,0,0,Software Developer,Software & Web Development
PS2_3401,PS2_Benchmark,9.0,9.0,7.199999999999999,7.700000000000001,1,1,0,Software Developer,Software & Web Development
PS2_3402,PS2_Benchmark,6.0,5.0,8.0,7.700000000000001,1,1,1,Software Developer,Software & Web Development
PS2_3403,PS2_Benchmark,4.0,2.0,6.8,1.1,0,0,0,Software Developer,Software & Web Development
PS2_3404,PS2_Benchmark,6.0,5.0,6.0,8.8,1,0,1,Software Developer,Software & Web Development
PS2_3405,PS2_Benchmark,9.0,9.0,1.2,2.2,0,0,0,Software Developer,Software & Web Development
PS2_3406,PS2_Benchmark,6.0,2.0,3.5999999999999996,1.1,1,0,1,Software Developer,Software & Web Development
PS2_3407,PS2_Benchmark,3.0,1.0,4.8,9.9,0,1,0,Software Developer,Software & Web Development
PS2_3408,PS2_Benchmark,2.0,6.0,5.6,9.9,1,0,1,Software Developer,Software & Web Development
PS2_3409,PS2_Benchmark,6.0,8.0,8.0,9.9,1,1,0,Software Developer,Software & Web Development
PS2_3410,PS2_Benchmark,4.0,5.0,2.0,9.9,0,1,1,Software Developer,Software & Web Development
PS2_3411,PS2_Benchmark,5.0,8.0,9.2,9.9,1,1,0,Software Developer,Software & Web Development
PS2_3412,PS2_Benchmark,2.0,4.0,3.2,7.700000000000001,1,0,1,Software Developer,Software & Web Development
PS2_3413,PS2_Benchmark,5.0,8.0,4.4,6.6000000000000005,1,1,1,Software Developer,Software & Web Development
PS2_3414,PS2_Benchmark,2.0,8.0,6.8,8.8,1,1,1,Software Developer,Software & Web Development
PS2_3415,PS2_Benchmark,2.0,3.0,2.4,8.8,0,1,1,Software Developer,Software & Web Development
PS2_3416,PS2_Benchmark,7.0,9.0,2.0,3.3000000000000003,1,0,0,Software Developer,Software & Web Development
PS2_3417,PS2_Benchmark,8.0,9.0,9.2,5.5,1,1,0,Software Developer,Software & Web Development
PS2_3418,PS2_Benchmark,1.0,6.0,1.2,8.8,1,1,1,Software Developer,Software & Web Development
PS2_3419,PS2_Benchmark,2.0,2.0,2.0,3.3000000000000003,0,0,1,Software Developer,Software & Web Development
PS2_3420,PS2_Benchmark,5.0,1.0,0.0,2.2,1,0,1,Software Developer,Software & Web Development
PS2_3421,PS2_Benchmark,8.0,4.0,6.0,3.3000000000000003,1,0,1,Software Developer,Software & Web Development
PS2_3422,PS2_Benchmark,1.0,4.0,1.2,9.9,1,0,1,Software Developer,Software & Web Development
PS2_3423,PS2_Benchmark,7.0,8.0,4.8,8.8,0,1,0,Software Developer,Software & Web Development
PS2_3424,PS2_Benchmark,5.0,9.0,3.5999999999999996,5.5,0,0,1,Software Developer,Software & Web Development
PS2_3425,PS2_Benchmark,5.0,3.0,7.199999999999999,3.3000000000000003,0,0,1,Software Developer,Software & Web Development
PS2_3426,PS2_Benchmark,6.0,7.0,1.2,9.9,0,0,0,Software Developer,Software & Web Development
PS2_3427,PS2_Benchmark,5.0,6.0,4.8,4.4,1,0,0,Software Developer,Software & Web Development
PS2_3428,PS2_Benchmark,8.0,9.0,1.2,5.5,0,1,1,Software Developer,Software & Web Development
PS2_3429,PS2_Benchmark,8.0,4.0,8.0,4.4,1,0,0,Software Developer,Software & Web Development
PS2_3430,PS2_Benchmark,1.0,9.0,7.199999999999999,1.1,0,0,0,Software Developer,Software & Web Development
PS2_3431,PS2_Benchmark,1.0,9.0,9.2,1.1,1,1,0,Software Developer,Software & Web Development
PS2_3432,PS2_Benchmark,5.0,6.0,2.4,5.5,0,0,1,Software Developer,Software & Web Development
PS2_3433,PS2_Benchmark,8.0,3.0,4.4,2.2,1,0,1,Software Developer,Software & Web Development
PS2_3434,PS2_Benchmark,7.0,6.0,2.0,1.1,1,0,1,Software Developer,Software & Web Development
PS2_3435,PS2_Benchmark,6.0,6.0,0.0,7.700000000000001,0,1,1,Software Developer,Software & Web Development
PS2_3436,PS2_Benchmark,2.0,4.0,6.8,1.1,0,0,0,Software Developer,Software & Web Development
PS2_3437,PS2_Benchmark,8.0,5.0,1.2,8.8,0,0,0,Software Developer,Software & Web Development
PS2_3438,PS2_Benchmark,8.0,5.0,6.0,3.3000000000000003,1,0,0,Software Developer,Software & Web Development
PS2_3439,PS2_Benchmark,9.0,8.0,2.0,6.6000000000000005,0,0,0,Software Developer,Software & Web Development
PS2_3440,PS2_Benchmark,6.0,8.0,6.8,1.1,1,0,0,Software Developer,Software & Web Development
PS2_3441,PS2_Benchmark,1.0,6.0,0.0,8.8,1,0,0,Software Developer,Software & Web Development
PS2_3442,PS2_Benchmark,8.0,3.0,4.8,9.9,0,1,0,Software Developer,Software & Web Development
PS2_3443,PS2_Benchmark,7.0,4.0,9.2,7.700000000000001,1,0,1,Software Developer,Software & Web Development
PS2_3444,PS2_Benchmark,7.0,3.0,9.2,7.700000000000001,1,1,0,Software Developer,Software & Web Development
PS2_3445,PS2_Benchmark,8.0,7.0,7.199999999999999,8.8,0,0,1,Software Developer,Software & Web Development
PS2_3446,PS2_Benchmark,6.0,9.0,4.4,9.9,1,0,0,Software Developer,Software & Web Development
PS2_3447,PS2_Benchmark,8.0,8.0,0.0,3.3000000000000003,0,1,0,Software Developer,Software & Web Development
PS2_3448,PS2_Benchmark,4.0,7.0,3.2,6.6000000000000005,1,1,1,Software Developer,Software & Web Development
PS2_3449,PS2_Benchmark,7.0,8.0,4.8,9.9,1,0,1,Software Developer,Software & Web Development
PS2_3450,PS2_Benchmark,5.0,5.0,3.2,6.6000000000000005,1,0,1,Software Developer,Software & Web Development
PS2_3451,PS2_Benchmark,2.0,9.0,0.0,6.6000000000000005,0,1,1,Software Developer,Software & Web Development
PS2_3452,PS2_Benchmark,1.0,8.0,7.199999999999999,4.4,1,1,0,Software Developer,Software & Web Development
PS2_3453,PS2_Benchmark,9.0,7.0,6.8,9.9,0,0,0,Software Developer,Software & Web Development
PS2_3454,PS2_Benchmark,5.0,4.0,5.6,6.6000000000000005,0,1,1,Software Developer,Software & Web Development
PS2_3455,PS2_Benchmark,7.0,6.0,2.0,3.3000000000000003,0,0,1,Software Engineer,Software & Web Development
PS2_3456,PS2_Benchmark,9.0,1.0,5.6,6.6000000000000005,0,0,0,Software Engineer,Software & Web Development
PS2_3457,PS2_Benchmark,6.0,6.0,2.0,8.8,1,1,1,Software Engineer,Software & Web Development
PS2_3458,PS2_Benchmark,1.0,9.0,9.2,6.6000000000000005,0,1,1,Software Engineer,Software & Web Development
PS2_3459,PS2_Benchmark,3.0,8.0,0.0,2.2,0,0,1,Software Engineer,Software & Web Development
PS2_3460,PS2_Benchmark,2.0,5.0,6.0,2.2,0,1,1,Software Engineer,Software & Web Development
PS2_3461,PS2_Benchmark,8.0,9.0,7.199999999999999,2.2,0,1,1,Software Engineer,Software & Web Development
PS2_3462,PS2_Benchmark,6.0,9.0,8.0,4.4,0,0,0,Software Engineer,Software & Web Development
PS2_3463,PS2_Benchmark,9.0,8.0,4.4,7.700000000000001,0,0,0,Software Engineer,Software & Web Development
PS2_3464,PS2_Benchmark,8.0,1.0,1.2,4.4,0,1,1,Software Engineer,Software & Web Development
PS2_3465,PS2_Benchmark,3.0,3.0,2.4,7.700000000000001,1,0,0,Software Engineer,Software & Web Development
PS2_3466,PS2_Benchmark,8.0,4.0,2.4,5.5,0,0,0,Software Engineer,Software & Web Development
PS2_3467,PS2_Benchmark,7.0,3.0,3.2,6.6000000000000005,0,1,0,Software Engineer,Software & Web Development
PS2_3468,PS2_Benchmark,7.0,5.0,2.4,8.8,1,1,0,Software Engineer,Software & Web Development
PS2_3469,PS2_Benchmark,4.0,6.0,3.5999999999999996,2.2,0,0,0,Software Engineer,Software & Web Development
PS2_3470,PS2_Benchmark,6.0,4.0,1.2,5.5,0,0,0,Software Engineer,Software & Web Development
PS2_3471,PS2_Benchmark,2.0,9.0,4.8,5.5,0,1,0,Software Engineer,Software & Web Development
PS2_3472,PS2_Benchmark,5.0,1.0,6.8,4.4,1,1,0,Software Engineer,Software & Web Development
PS2_3473,PS2_Benchmark,6.0,6.0,4.4,6.6000000000000005,0,1,1,Software Engineer,Software & Web Development
PS2_3474,PS2_Benchmark,6.0,2.0,3.2,5.5,0,0,0,Software Engineer,Software & Web Development
PS2_3475,PS2_Benchmark,7.0,3.0,9.2,9.9,1,0,0,Software Engineer,Software & Web Development
PS2_3476,PS2_Benchmark,7.0,1.0,0.0,4.4,0,1,1,Software Engineer,Software & Web Development
PS2_3477,PS2_Benchmark,9.0,7.0,6.8,2.2,1,0,1,Software Engineer,Software & Web Development
PS2_3478,PS2_Benchmark,2.0,2.0,4.4,5.5,1,0,1,Software Engineer,Software & Web Development
PS2_3479,PS2_Benchmark,5.0,2.0,1.2,5.5,1,1,0,Software Engineer,Software & Web Development
PS2_3480,PS2_Benchmark,4.0,3.0,0.0,5.5,0,0,1,Software Engineer,Software & Web Development
PS2_3481,PS2_Benchmark,4.0,4.0,3.5999999999999996,3.3000000000000003,1,1,0,Software Engineer,Software & Web Development
PS2_3482,PS2_Benchmark,4.0,5.0,5.6,2.2,1,0,1,Software Engineer,Software & Web Development
PS2_3483,PS2_Benchmark,2.0,4.0,1.2,9.9,0,0,1,Software Engineer,Software & Web Development
PS2_3484,PS2_Benchmark,2.0,8.0,0.0,6.6000000000000005,0,1,1,Software Engineer,Software & Web Development
PS2_3485,PS2_Benchmark,4.0,2.0,2.0,3.3000000000000003,0,0,0,Software Engineer,Software & Web Development
PS2_3486,PS2_Benchmark,3.0,8.0,2.4,5.5,1,0,1,Software Engineer,Software & Web Development
PS2_3487,PS2_Benchmark,5.0,3.0,1.2,5.5,1,0,0,Software Engineer,Software & Web Development
PS2_3488,PS2_Benchmark,6.0,3.0,0.0,3.3000000000000003,0,0,1,Software Engineer,Software & Web Development
PS2_3489,PS2_Benchmark,8.0,9.0,3.2,3.3000000000000003,1,1,0,Software Engineer,Software & Web Development
PS2_3490,PS2_Benchmark,1.0,8.0,0.0,3.3000000000000003,0,0,0,Software Engineer,Software & Web Development
PS2_3491,PS2_Benchmark,8.0,6.0,2.0,8.8,0,1,0,Software Engineer,Software & Web Development
PS2_3492,PS2_Benchmark,5.0,6.0,6.8,7.700000000000001,0,1,0,Software Engineer,Software & Web Development
PS2_3493,PS2_Benchmark,8.0,1.0,7.199999999999999,2.2,1,1,0,Software Engineer,Software & Web Development
PS2_3494,PS2_Benchmark,2.0,5.0,1.2,9.9,0,1,0,Software Engineer,Software & Web Development
PS2_3495,PS2_Benchmark,9.0,2.0,6.0,4.4,1,0,0,Software Engineer,Software & Web Development
PS2_3496,PS2_Benchmark,2.0,1.0,7.199999999999999,6.6000000000000005,1,1,1,Software Engineer,Software & Web Development
PS2_3497,PS2_Benchmark,8.0,7.0,2.4,3.3000000000000003,1,1,1,Software Engineer,Software & Web Development
PS2_3498,PS2_Benchmark,2.0,6.0,2.0,2.2,0,0,0,Software Engineer,Software & Web Development
PS2_3499,PS2_Benchmark,8.0,6.0,3.2,7.700000000000001,0,0,1,Software Engineer,Software & Web Development
PS2_3500,PS2_Benchmark,1.0,7.0,6.0,9.9,1,0,1,Software Engineer,Software & Web Development
PS2_3501,PS2_Benchmark,7.0,7.0,4.8,9.9,0,0,1,Software Engineer,Software & Web Development
PS2_3502,PS2_Benchmark,7.0,3.0,2.0,9.9,1,1,1,Software Engineer,Software & Web Development
PS2_3503,PS2_Benchmark,1.0,1.0,9.2,8.8,0,1,1,Software Engineer,Software & Web Development
PS2_3504,PS2_Benchmark,4.0,5.0,5.6,8.8,1,0,1,Software Engineer,Software & Web Development
PS2_3505,PS2_Benchmark,8.0,1.0,2.4,8.8,0,0,0,Software Engineer,Software & Web Development
PS2_3506,PS2_Benchmark,8.0,2.0,1.2,6.6000000000000005,0,1,0,Software Engineer,Software & Web Development
PS2_3507,PS2_Benchmark,9.0,8.0,7.199999999999999,3.3000000000000003,0,1,0,Software Engineer,Software & Web Development
PS2_3508,PS2_Benchmark,8.0,3.0,1.2,9.9,1,1,0,Software Engineer,Software & Web Development
PS2_3509,PS2_Benchmark,2.0,2.0,2.4,7.700000000000001,0,0,0,Software Engineer,Software & Web Development
PS2_3510,PS2_Benchmark,5.0,4.0,0.0,5.5,0,0,0,Software Engineer,Software & Web Development
PS2_3511,PS2_Benchmark,9.0,6.0,2.0,9.9,1,1,0,Software Engineer,Software & Web Development
PS2_3512,PS2_Benchmark,7.0,2.0,3.5999999999999996,9.9,0,1,0,Software Engineer,Software & Web Development
PS2_3513,PS2_Benchmark,4.0,5.0,0.0,3.3000000000000003,0,0,0,Software Engineer,Software & Web Development
PS2_3514,PS2_Benchmark,9.0,5.0,9.2,4.4,0,1,1,Software Engineer,Software & Web Development
PS2_3515,PS2_Benchmark,1.0,7.0,2.4,4.4,1,0,0,Software Engineer,Software & Web Development
PS2_3516,PS2_Benchmark,2.0,9.0,2.0,5.5,0,1,1,Software Engineer,Software & Web Development
PS2_3517,PS2_Benchmark,9.0,4.0,5.6,3.3000000000000003,1,0,0,Software Engineer,Software & Web Development
PS2_3518,PS2_Benchmark,8.0,2.0,8.0,5.5,0,1,1,Software Engineer,Software & Web Development
PS2_3519,PS2_Benchmark,4.0,5.0,7.199999999999999,7.700000000000001,0,0,1,Software Engineer,Software & Web Development
PS2_3520,PS2_Benchmark,5.0,4.0,3.2,3.3000000000000003,0,1,1,Software Engineer,Software & Web Development
PS2_3521,PS2_Benchmark,6.0,5.0,4.4,8.8,1,1,0,Software Engineer,Software & Web Development
PS2_3522,PS2_Benchmark,4.0,3.0,4.4,6.6000000000000005,1,0,1,Software Engineer,Software & Web Development
PS2_3523,PS2_Benchmark,4.0,6.0,1.2,9.9,0,0,1,Software Engineer,Software & Web Development
PS2_3524,PS2_Benchmark,2.0,5.0,4.4,8.8,1,1,0,Software Engineer,Software & Web Development
PS2_3525,PS2_Benchmark,2.0,9.0,0.0,4.4,0,0,0,Software Engineer,Software & Web Development
PS2_3526,PS2_Benchmark,9.0,1.0,6.0,3.3000000000000003,1,1,1,Software Engineer,Software & Web Development
PS2_3527,PS2_Benchmark,6.0,5.0,2.0,5.5,1,1,0,Software Engineer,Software & Web Development
PS2_3528,PS2_Benchmark,1.0,1.0,6.0,6.6000000000000005,1,0,1,Software Engineer,Software & Web Development
PS2_3529,PS2_Benchmark,2.0,2.0,1.2,3.3000000000000003,0,1,1,Software Engineer,Software & Web Development
PS2_3530,PS2_Benchmark,5.0,2.0,6.0,6.6000000000000005,1,0,0,Software Engineer,Software & Web Development
PS2_3531,PS2_Benchmark,4.0,9.0,6.8,4.4,0,1,0,Software Engineer,Software & Web Development
PS2_3532,PS2_Benchmark,5.0,1.0,6.8,8.8,1,1,1,Software Engineer,Software & Web Development
PS2_3533,PS2_Benchmark,1.0,6.0,4.8,2.2,1,1,1,Software Engineer,Software & Web Development
PS2_3534,PS2_Benchmark,8.0,1.0,4.8,2.2,0,0,1,Software Engineer,Software & Web Development
PS2_3535,PS2_Benchmark,3.0,7.0,3.5999999999999996,9.9,1,1,0,Software Engineer,Software & Web Development
PS2_3536,PS2_Benchmark,7.0,8.0,3.5999999999999996,9.9,0,1,1,Software Engineer,Software & Web Development
PS2_3537,PS2_Benchmark,8.0,4.0,6.0,7.700000000000001,0,1,0,Software Engineer,Software & Web Development
PS2_3538,PS2_Benchmark,8.0,2.0,2.0,1.1,1,0,1,Software Engineer,Software & Web Development
PS2_3539,PS2_Benchmark,4.0,7.0,4.8,3.3000000000000003,1,1,1,Software Engineer,Software & Web Development
PS2_3540,PS2_Benchmark,5.0,7.0,1.2,9.9,0,1,0,Software Engineer,Software & Web Development
PS2_3541,PS2_Benchmark,1.0,8.0,6.0,8.8,1,1,0,Software Engineer,Software & Web Development
PS2_3542,PS2_Benchmark,3.0,5.0,8.0,2.2,1,0,1,Software Engineer,Software & Web Development
PS2_3543,PS2_Benchmark,5.0,8.0,4.8,4.4,1,1,1,Software Engineer,Software & Web Development
PS2_3544,PS2_Benchmark,7.0,1.0,2.0,7.700000000000001,0,1,0,Software Engineer,Software & Web Development
PS2_3545,PS2_Benchmark,1.0,3.0,5.6,1.1,1,0,1,Software Engineer,Software & Web Development
PS2_3546,PS2_Benchmark,5.0,8.0,6.8,2.2,1,0,1,Software Engineer,Software & Web Development
PS2_3547,PS2_Benchmark,3.0,8.0,0.0,2.2,0,0,1,Software Engineer,Software & Web Development
PS2_3548,PS2_Benchmark,3.0,2.0,2.4,4.4,0,0,0,Software Engineer,Software & Web Development
PS2_3549,PS2_Benchmark,6.0,2.0,6.0,3.3000000000000003,0,0,1,Software Engineer,Software & Web Development
PS2_3550,PS2_Benchmark,6.0,8.0,4.8,8.8,1,0,1,Software Engineer,Software & Web Development
PS2_3551,PS2_Benchmark,5.0,2.0,4.8,5.5,1,1,0,Software Engineer,Software & Web Development
PS2_3552,PS2_Benchmark,7.0,4.0,6.0,7.700000000000001,1,1,1,Software Engineer,Software & Web Development
PS2_3553,PS2_Benchmark,1.0,2.0,7.199999999999999,7.700000000000001,0,0,0,Software Engineer,Software & Web Development
PS2_3554,PS2_Benchmark,7.0,4.0,9.2,6.6000000000000005,1,0,0,Software Engineer,Software & Web Development
PS2_3555,PS2_Benchmark,1.0,8.0,6.8,4.4,1,1,0,Software Engineer,Software & Web Development
PS2_3556,PS2_Benchmark,1.0,7.0,0.0,6.6000000000000005,0,1,0,Software Engineer,Software & Web Development
PS2_3557,PS2_Benchmark,8.0,9.0,2.4,8.8,1,1,1,Software Engineer,Software & Web Development
PS2_3558,PS2_Benchmark,2.0,6.0,8.0,3.3000000000000003,1,1,1,Software Engineer,Software & Web Development
PS2_3559,PS2_Benchmark,1.0,1.0,3.2,9.9,1,1,1,Software Engineer,Software & Web Development
PS2_3560,PS2_Benchmark,3.0,6.0,1.2,6.6000000000000005,1,0,1,Software Engineer,Software & Web Development
PS2_3561,PS2_Benchmark,8.0,5.0,4.8,6.6000000000000005,1,1,0,Software Engineer,Software & Web Development
PS2_3562,PS2_Benchmark,3.0,8.0,8.0,7.700000000000001,1,0,1,Software Engineer,Software & Web Development
PS2_3563,PS2_Benchmark,2.0,9.0,2.0,5.5,0,0,1,Software Engineer,Software & Web Development
PS2_3564,PS2_Benchmark,9.0,1.0,3.2,2.2,0,1,0,Software Engineer,Software & Web Development
PS2_3565,PS2_Benchmark,5.0,3.0,4.4,6.6000000000000005,1,1,1,Software Engineer,Software & Web Development
PS2_3566,PS2_Benchmark,9.0,8.0,7.199999999999999,6.6000000000000005,0,0,0,Software Engineer,Software & Web Development
PS2_3567,PS2_Benchmark,2.0,7.0,8.0,7.700000000000001,1,0,0,Software Engineer,Software & Web Development
PS2_3568,PS2_Benchmark,1.0,7.0,8.0,9.9,1,0,1,Software Engineer,Software & Web Development
PS2_3569,PS2_Benchmark,3.0,3.0,9.2,2.2,1,1,1,Software Engineer,Software & Web Development
PS2_3570,PS2_Benchmark,2.0,5.0,8.0,2.2,1,1,1,Software Engineer,Software & Web Development
PS2_3571,PS2_Benchmark,7.0,4.0,5.6,5.5,1,1,1,Software Engineer,Software & Web Development
PS2_3572,PS2_Benchmark,5.0,2.0,8.0,2.2,1,0,0,Software Engineer,Software & Web Development
PS2_3573,PS2_Benchmark,9.0,1.0,0.0,2.2,0,0,1,Software Engineer,Software & Web Development
PS2_3574,PS2_Benchmark,4.0,8.0,6.0,1.1,0,0,1,Software Engineer,Software & Web Development
PS2_3575,PS2_Benchmark,6.0,3.0,2.0,9.9,1,1,1,Software Engineer,Software & Web Development
PS2_3576,PS2_Benchmark,8.0,7.0,0.0,1.1,1,1,0,Software Engineer,Software & Web Development
PS2_3577,PS2_Benchmark,3.0,1.0,2.0,8.8,1,0,0,Software Engineer,Software & Web Development
PS2_3578,PS2_Benchmark,4.0,9.0,4.8,6.6000000000000005,0,0,1,Software Engineer,Software & Web Development
PS2_3579,PS2_Benchmark,3.0,2.0,4.8,8.8,0,1,0,Software Engineer,Software & Web Development
PS2_3580,PS2_Benchmark,1.0,5.0,4.8,5.5,1,0,0,Software Engineer,Software & Web Development
PS2_3581,PS2_Benchmark,8.0,1.0,3.2,5.5,0,1,0,Software Engineer,Software & Web Development
PS2_3582,PS2_Benchmark,7.0,4.0,3.2,2.2,0,1,0,Software Engineer,Software & Web Development
PS2_3583,PS2_Benchmark,7.0,2.0,4.8,8.8,0,0,1,Software Engineer,Software & Web Development
PS2_3584,PS2_Benchmark,2.0,2.0,2.0,2.2,0,0,0,Software Engineer,Software & Web Development
PS2_3585,PS2_Benchmark,8.0,3.0,2.0,8.8,0,1,1,Software Engineer,Software & Web Development
PS2_3586,PS2_Benchmark,7.0,1.0,3.5999999999999996,8.8,1,1,0,Software Engineer,Software & Web Development
PS2_3587,PS2_Benchmark,2.0,3.0,7.199999999999999,5.5,0,0,1,Software Engineer,Software & Web Development
PS2_3588,PS2_Benchmark,2.0,9.0,4.4,3.3000000000000003,1,0,1,Software Engineer,Software & Web Development
PS2_3589,PS2_Benchmark,1.0,8.0,0.0,3.3000000000000003,1,0,1,Software Engineer,Software & Web Development
PS2_3590,PS2_Benchmark,4.0,9.0,3.5999999999999996,9.9,0,1,0,Software Engineer,Software & Web Development
PS2_3591,PS2_Benchmark,1.0,8.0,4.4,9.9,0,1,0,Software Engineer,Software & Web Development
PS2_3592,PS2_Benchmark,4.0,5.0,9.2,4.4,1,1,1,Software Engineer,Software & Web Development
PS2_3593,PS2_Benchmark,6.0,3.0,5.6,4.4,0,1,1,Software Engineer,Software & Web Development
PS2_3594,PS2_Benchmark,5.0,1.0,1.2,1.1,1,1,0,Software Engineer,Software & Web Development
PS2_3595,PS2_Benchmark,8.0,4.0,7.199999999999999,5.5,1,0,1,Software Engineer,Software & Web Development
PS2_3596,PS2_Benchmark,8.0,3.0,3.2,2.2,0,1,1,Software Engineer,Software & Web Development
PS2_3597,PS2_Benchmark,3.0,9.0,5.6,5.5,0,0,1,Software Engineer,Software & Web Development
PS2_3598,PS2_Benchmark,8.0,7.0,3.5999999999999996,6.6000000000000005,1,1,1,Software Engineer,Software & Web Development
PS2_3599,PS2_Benchmark,6.0,8.0,2.0,9.9,0,0,1,Software Engineer,Software & Web Development
PS2_3600,PS2_Benchmark,9.0,3.0,3.2,1.1,0,1,1,Software Engineer,Software & Web Development
PS2_3601,PS2_Benchmark,5.0,5.0,3.5999999999999996,3.3000000000000003,0,1,1,Software Engineer,Software & Web Development
PS2_3602,PS2_Benchmark,6.0,1.0,0.0,3.3000000000000003,1,1,1,Software Engineer,Software & Web Development
PS2_3603,PS2_Benchmark,2.0,7.0,1.2,1.1,0,1,0,Software Engineer,Software & Web Development
PS2_3604,PS2_Benchmark,5.0,3.0,2.4,7.700000000000001,1,0,0,Software Engineer,Software & Web Development
PS2_3605,PS2_Benchmark,2.0,1.0,7.199999999999999,6.6000000000000005,0,1,0,Software Engineer,Software & Web Development
PS2_3606,PS2_Benchmark,2.0,7.0,8.0,7.700000000000001,1,1,1,Software Engineer,Software & Web Development
PS2_3607,PS2_Benchmark,2.0,6.0,8.0,9.9,0,0,1,Software Engineer,Software & Web Development
PS2_3608,PS2_Benchmark,7.0,5.0,3.2,6.6000000000000005,1,1,1,Software Engineer,Software & Web Development
PS2_3609,PS2_Benchmark,4.0,6.0,2.4,3.3000000000000003,1,0,1,Software Engineer,Software & Web Development
PS2_3610,PS2_Benchmark,1.0,3.0,7.199999999999999,9.9,1,1,1,Software Engineer,Software & Web Development
PS2_3611,PS2_Benchmark,3.0,2.0,4.4,7.700000000000001,1,0,1,Software Engineer,Software & Web Development
PS2_3612,PS2_Benchmark,3.0,2.0,4.8,1.1,0,1,0,Software Engineer,Software & Web Development
PS2_3613,PS2_Benchmark,5.0,2.0,5.6,1.1,1,1,0,Software Engineer,Software & Web Development
PS2_3614,PS2_Benchmark,3.0,6.0,7.199999999999999,9.9,1,0,1,Software Engineer,Software & Web Development
PS2_3615,PS2_Benchmark,4.0,8.0,3.5999999999999996,7.700000000000001,1,0,1,Software Engineer,Software & Web Development
PS2_3616,PS2_Benchmark,2.0,9.0,1.2,1.1,1,1,0,Software Engineer,Software & Web Development
PS2_3617,PS2_Benchmark,7.0,7.0,2.4,9.9,0,1,0,Software Engineer,Software & Web Development
PS2_3618,PS2_Benchmark,7.0,6.0,6.8,9.9,0,1,0,Software Engineer,Software & Web Development
PS2_3619,PS2_Benchmark,6.0,6.0,8.0,7.700000000000001,0,0,1,Software Engineer,Software & Web Development
PS2_3620,PS2_Benchmark,7.0,4.0,3.5999999999999996,5.5,1,1,1,Software Engineer,Software & Web Development
PS2_3621,PS2_Benchmark,9.0,3.0,1.2,2.2,0,0,1,Software Engineer,Software & Web Development
PS2_3622,PS2_Benchmark,5.0,4.0,5.6,5.5,1,1,0,Software Engineer,Software & Web Development
PS2_3623,PS2_Benchmark,3.0,4.0,6.0,5.5,0,1,1,Software Engineer,Software & Web Development
PS2_3624,PS2_Benchmark,4.0,5.0,3.5999999999999996,9.9,1,0,1,Software Engineer,Software & Web Development
PS2_3625,PS2_Benchmark,8.0,8.0,3.2,1.1,0,0,0,Software Engineer,Software & Web Development
PS2_3626,PS2_Benchmark,1.0,9.0,9.2,3.3000000000000003,1,1,1,Software Engineer,Software & Web Development
PS2_3627,PS2_Benchmark,5.0,6.0,9.2,9.9,1,1,0,Software Engineer,Software & Web Development
PS2_3628,PS2_Benchmark,7.0,1.0,4.8,8.8,0,1,1,Software Engineer,Software & Web Development
PS2_3629,PS2_Benchmark,3.0,9.0,4.8,4.4,0,0,0,Software Engineer,Software & Web Development
PS2_3630,PS2_Benchmark,1.0,2.0,1.2,7.700000000000001,0,1,0,Software Engineer,Software & Web Development
PS2_3631,PS2_Benchmark,2.0,7.0,7.199999999999999,8.8,1,0,1,Software Engineer,Software & Web Development
PS2_3632,PS2_Benchmark,2.0,2.0,8.0,9.9,0,0,0,Software Engineer,Software & Web Development
PS2_3633,PS2_Benchmark,9.0,9.0,3.2,7.700000000000001,1,1,1,Software Engineer,Software & Web Development
PS2_3634,PS2_Benchmark,1.0,6.0,9.2,4.4,0,0,0,Software Engineer,Software & Web Development
PS2_3635,PS2_Benchmark,5.0,2.0,6.8,1.1,0,0,1,Software Engineer,Software & Web Development
PS2_3636,PS2_Benchmark,3.0,6.0,0.0,7.700000000000001,0,1,1,Software Engineer,Software & Web Development
PS2_3637,PS2_Benchmark,7.0,4.0,4.4,7.700000000000001,1,0,1,Software Engineer,Software & Web Development
PS2_3638,PS2_Benchmark,4.0,6.0,8.0,2.2,0,0,1,Software Engineer,Software & Web Development
PS2_3639,PS2_Benchmark,5.0,1.0,9.2,3.3000000000000003,0,0,0,Software Engineer,Software & Web Development
PS2_3640,PS2_Benchmark,2.0,5.0,6.8,6.6000000000000005,0,1,0,Software Engineer,Software & Web Development
PS2_3641,PS2_Benchmark,7.0,8.0,8.0,7.700000000000001,1,1,1,Software Engineer,Software & Web Development
PS2_3642,PS2_Benchmark,1.0,5.0,4.4,8.8,0,0,1,Software Engineer,Software & Web Development
PS2_3643,PS2_Benchmark,1.0,8.0,5.6,3.3000000000000003,0,0,1,Software Engineer,Software & Web Development
PS2_3644,PS2_Benchmark,3.0,3.0,4.4,3.3000000000000003,1,1,0,Software Engineer,Software & Web Development
PS2_3645,PS2_Benchmark,1.0,5.0,4.4,8.8,1,0,0,Software Engineer,Software & Web Development
PS2_3646,PS2_Benchmark,8.0,6.0,4.8,8.8,0,1,1,Software Engineer,Software & Web Development
PS2_3647,PS2_Benchmark,9.0,6.0,9.2,6.6000000000000005,0,0,1,Software Engineer,Software & Web Development
PS2_3648,PS2_Benchmark,6.0,3.0,9.2,8.8,0,0,1,Software Engineer,Software & Web Development
PS2_3649,PS2_Benchmark,9.0,9.0,9.2,9.9,0,0,0,Software Engineer,Software & Web Development
PS2_3650,PS2_Benchmark,3.0,2.0,8.0,1.1,0,0,1,Software Engineer,Software & Web Development
PS2_3651,PS2_Benchmark,4.0,6.0,5.6,3.3000000000000003,1,1,0,Software Engineer,Software & Web Development
PS2_3652,PS2_Benchmark,6.0,5.0,5.6,4.4,1,1,1,Software Engineer,Software & Web Development
PS2_3653,PS2_Benchmark,9.0,6.0,4.4,9.9,0,1,0,Software Engineer,Software & Web Development
PS2_3654,PS2_Benchmark,5.0,9.0,8.0,4.4,1,0,1,Software Engineer,Software & Web Development
PS2_3655,PS2_Benchmark,7.0,4.0,6.8,9.9,0,0,1,Software Engineer,Software & Web Development
PS2_3656,PS2_Benchmark,3.0,4.0,3.2,3.3000000000000003,1,1,0,Software Engineer,Software & Web Development
PS2_3657,PS2_Benchmark,4.0,4.0,6.0,6.6000000000000005,1,1,0,Software Engineer,Software & Web Development
PS2_3658,PS2_Benchmark,6.0,5.0,4.4,3.3000000000000003,0,1,1,Software Engineer,Software & Web Development
PS2_3659,PS2_Benchmark,4.0,8.0,7.199999999999999,6.6000000000000005,0,0,0,Software Engineer,Software & Web Development
PS2_3660,PS2_Benchmark,1.0,3.0,3.5999999999999996,8.8,1,0,0,Software Engineer,Software & Web Development
PS2_3661,PS2_Benchmark,4.0,8.0,9.2,9.9,1,1,0,Software Engineer,Software & Web Development
PS2_3662,PS2_Benchmark,9.0,4.0,9.2,3.3000000000000003,1,0,1,Software Engineer,Software & Web Development
PS2_3663,PS2_Benchmark,3.0,2.0,9.2,4.4,1,0,0,Software Engineer,Software & Web Development
PS2_3664,PS2_Benchmark,5.0,4.0,6.8,4.4,0,0,0,Software Engineer,Software & Web Development
PS2_3665,PS2_Benchmark,8.0,3.0,4.8,6.6000000000000005,0,1,0,Software Engineer,Software & Web Development
PS2_3666,PS2_Benchmark,7.0,5.0,0.0,2.2,0,0,0,Software Engineer,Software & Web Development
PS2_3667,PS2_Benchmark,4.0,8.0,9.2,9.9,1,0,1,Software Engineer,Software & Web Development
PS2_3668,PS2_Benchmark,3.0,8.0,2.0,6.6000000000000005,1,0,1,Software Engineer,Software & Web Development
PS2_3669,PS2_Benchmark,6.0,9.0,3.5999999999999996,5.5,0,1,1,Software Engineer,Software & Web Development
PS2_3670,PS2_Benchmark,2.0,7.0,2.0,2.2,1,1,0,Software Engineer,Software & Web Development
PS2_3671,PS2_Benchmark,3.0,7.0,2.0,2.2,1,1,0,Software Engineer,Software & Web Development
PS2_3672,PS2_Benchmark,8.0,7.0,4.8,2.2,1,1,1,Software Engineer,Software & Web Development
PS2_3673,PS2_Benchmark,5.0,5.0,4.4,1.1,1,1,1,Software Engineer,Software & Web Development
PS2_3674,PS2_Benchmark,8.0,5.0,2.0,6.6000000000000005,1,0,0,Software Engineer,Software & Web Development
PS2_3675,PS2_Benchmark,1.0,9.0,0.0,3.3000000000000003,0,0,1,Software Engineer,Software & Web Development
PS2_3676,PS2_Benchmark,9.0,9.0,6.0,5.5,0,1,1,Software Engineer,Software & Web Development
PS2_3677,PS2_Benchmark,1.0,1.0,7.199999999999999,3.3000000000000003,1,0,1,Software Engineer,Software & Web Development
PS2_3678,PS2_Benchmark,4.0,5.0,2.4,2.2,0,1,1,Software Engineer,Software & Web Development
PS2_3679,PS2_Benchmark,2.0,3.0,0.0,7.700000000000001,1,1,1,Software Engineer,Software & Web Development
PS2_3680,PS2_Benchmark,2.0,8.0,9.2,1.1,1,1,1,Software Engineer,Software & Web Development
PS2_3681,PS2_Benchmark,7.0,2.0,5.6,3.3000000000000003,1,1,0,Software Engineer,Software & Web Development
PS2_3682,PS2_Benchmark,7.0,9.0,2.4,2.2,1,1,0,Software Engineer,Software & Web Development
PS2_3683,PS2_Benchmark,1.0,3.0,4.8,5.5,1,1,1,Software Engineer,Software & Web Development
PS2_3684,PS2_Benchmark,8.0,4.0,6.0,4.4,1,1,0,Software Engineer,Software & Web Development
PS2_3685,PS2_Benchmark,3.0,2.0,9.2,5.5,0,1,0,Software Engineer,Software & Web Development
PS2_3686,PS2_Benchmark,9.0,4.0,6.0,8.8,0,0,1,Software Engineer,Software & Web Development
PS2_3687,PS2_Benchmark,4.0,3.0,7.199999999999999,5.5,0,1,1,Software Engineer,Software & Web Development
PS2_3688,PS2_Benchmark,8.0,3.0,2.4,5.5,1,0,1,Software Engineer,Software & Web Development
PS2_3689,PS2_Benchmark,9.0,1.0,2.0,2.2,0,1,1,Software Engineer,Software & Web Development
PS2_3690,PS2_Benchmark,2.0,4.0,6.0,4.4,0,0,1,Software Engineer,Software & Web Development
PS2_3691,PS2_Benchmark,7.0,2.0,3.2,3.3000000000000003,1,0,1,Software Engineer,Software & Web Development
PS2_3692,PS2_Benchmark,1.0,5.0,4.4,1.1,0,1,0,Software Engineer,Software & Web Development
PS2_3693,PS2_Benchmark,6.0,8.0,8.0,4.4,0,1,0,Software Engineer,Software & Web Development
PS2_3694,PS2_Benchmark,6.0,7.0,2.4,2.2,1,1,1,Software Engineer,Software & Web Development
PS2_3695,PS2_Benchmark,2.0,2.0,1.2,1.1,0,1,0,Software Engineer,Software & Web Development
PS2_3696,PS2_Benchmark,8.0,3.0,1.2,8.8,1,1,0,Software Engineer,Software & Web Development
PS2_3697,PS2_Benchmark,8.0,8.0,8.0,9.9,0,1,0,Software Engineer,Software & Web Development
PS2_3698,PS2_Benchmark,4.0,1.0,8.0,6.6000000000000005,0,0,0,Software Engineer,Software & Web Development
PS2_3699,PS2_Benchmark,2.0,7.0,4.4,6.6000000000000005,1,0,0,Software Engineer,Software & Web Development
PS2_3700,PS2_Benchmark,8.0,9.0,4.4,6.6000000000000005,1,0,1,Software Engineer,Software & Web Development
PS2_3701,PS2_Benchmark,4.0,8.0,6.8,2.2,1,0,0,Software Engineer,Software & Web Development
PS2_3702,PS2_Benchmark,7.0,6.0,0.0,6.6000000000000005,1,0,1,Software Engineer,Software & Web Development
PS2_3703,PS2_Benchmark,9.0,7.0,8.0,6.6000000000000005,1,1,0,Software Engineer,Software & Web Development
PS2_3704,PS2_Benchmark,8.0,7.0,9.2,6.6000000000000005,1,0,0,Software Engineer,Software & Web Development
PS2_3705,PS2_Benchmark,4.0,4.0,5.6,9.9,1,1,1,Software Engineer,Software & Web Development
PS2_3706,PS2_Benchmark,7.0,5.0,6.8,6.6000000000000005,0,0,1,Software Engineer,Software & Web Development
PS2_3707,PS2_Benchmark,6.0,8.0,9.2,3.3000000000000003,0,0,1,Software Engineer,Software & Web Development
PS2_3708,PS2_Benchmark,3.0,9.0,9.2,1.1,1,1,0,Software Engineer,Software & Web Development
PS2_3709,PS2_Benchmark,8.0,3.0,4.4,4.4,1,1,1,Software Engineer,Software & Web Development
PS2_3710,PS2_Benchmark,7.0,6.0,5.6,9.9,1,1,0,Software Engineer,Software & Web Development
PS2_3711,PS2_Benchmark,3.0,2.0,1.2,1.1,0,1,0,Software Engineer,Software & Web Development
PS2_3712,PS2_Benchmark,6.0,9.0,8.0,1.1,1,1,1,Software Engineer,Software & Web Development
PS2_3713,PS2_Benchmark,5.0,5.0,9.2,3.3000000000000003,0,1,0,Software Engineer,Software & Web Development
PS2_3714,PS2_Benchmark,7.0,1.0,5.6,2.2,1,0,0,Software Engineer,Software & Web Development
PS2_3715,PS2_Benchmark,7.0,1.0,8.0,9.9,1,0,0,Software Engineer,Software & Web Development
PS2_3716,PS2_Benchmark,9.0,2.0,3.2,5.5,0,1,1,Software Engineer,Software & Web Development
PS2_3717,PS2_Benchmark,2.0,1.0,2.0,2.2,0,0,1,Software Engineer,Software & Web Development
PS2_3718,PS2_Benchmark,3.0,8.0,4.8,6.6000000000000005,1,1,1,Software Engineer,Software & Web Development
PS2_3719,PS2_Benchmark,2.0,3.0,6.0,4.4,0,1,0,Software Engineer,Software & Web Development
PS2_3720,PS2_Benchmark,8.0,3.0,2.4,9.9,1,1,1,Software Engineer,Software & Web Development
PS2_3721,PS2_Benchmark,4.0,5.0,3.5999999999999996,2.2,1,0,0,Software Engineer,Software & Web Development
PS2_3722,PS2_Benchmark,8.0,2.0,6.8,7.700000000000001,0,0,0,Software Engineer,Software & Web Development
PS2_3723,PS2_Benchmark,3.0,2.0,6.0,2.2,0,1,1,Software Engineer,Software & Web Development
PS2_3724,PS2_Benchmark,3.0,1.0,0.0,6.6000000000000005,1,0,1,Software Engineer,Software & Web Development
PS2_3725,PS2_Benchmark,6.0,9.0,8.0,5.5,0,1,0,Software Engineer,Software & Web Development
PS2_3726,PS2_Benchmark,9.0,1.0,4.4,6.6000000000000005,0,1,0,Software Engineer,Software & Web Development
PS2_3727,PS2_Benchmark,9.0,5.0,4.8,8.8,1,0,1,Software Engineer,Software & Web Development
PS2_3728,PS2_Benchmark,6.0,2.0,8.0,8.8,1,0,0,Software Engineer,Software & Web Development
PS2_3729,PS2_Benchmark,1.0,7.0,2.0,6.6000000000000005,0,1,1,Software Engineer,Software & Web Development
PS2_3730,PS2_Benchmark,4.0,9.0,4.8,5.5,1,0,1,Software Engineer,Software & Web Development
PS2_3731,PS2_Benchmark,5.0,6.0,4.8,2.2,1,0,1,Software Engineer,Software & Web Development
PS2_3732,PS2_Benchmark,2.0,6.0,0.0,5.5,1,0,0,Software Engineer,Software & Web Development
PS2_3733,PS2_Benchmark,8.0,1.0,3.2,4.4,0,0,0,Software Engineer,Software & Web Development
PS2_3734,PS2_Benchmark,7.0,5.0,8.0,1.1,0,1,1,Software Engineer,Software & Web Development
PS2_3735,PS2_Benchmark,4.0,7.0,7.199999999999999,8.8,0,0,1,Software Engineer,Software & Web Development
PS2_3736,PS2_Benchmark,3.0,3.0,1.2,5.5,0,1,0,Software Engineer,Software & Web Development
PS2_3737,PS2_Benchmark,4.0,5.0,2.4,2.2,0,0,1,Software Engineer,Software & Web Development
PS2_3738,PS2_Benchmark,6.0,9.0,3.5999999999999996,4.4,1,0,0,Software Engineer,Software & Web Development
PS2_3739,PS2_Benchmark,4.0,3.0,4.4,4.4,0,0,0,Software Engineer,Software & Web Development
PS2_3740,PS2_Benchmark,8.0,9.0,0.0,1.1,1,1,1,Software Engineer,Software & Web Development
PS2_3741,PS2_Benchmark,8.0,2.0,3.5999999999999996,4.4,1,1,0,Software Engineer,Software & Web Development
PS2_3742,PS2_Benchmark,6.0,1.0,2.0,8.8,0,0,0,Software Engineer,Software & Web Development
PS2_3743,PS2_Benchmark,1.0,1.0,7.199999999999999,8.8,0,1,1,Software Engineer,Software & Web Development
PS2_3744,PS2_Benchmark,3.0,6.0,2.4,3.3000000000000003,0,0,0,Software Engineer,Software & Web Development
PS2_3745,PS2_Benchmark,6.0,3.0,8.0,5.5,0,1,0,Software Engineer,Software & Web Development
PS2_3746,PS2_Benchmark,8.0,8.0,8.0,7.700000000000001,0,0,0,Software Engineer,Software & Web Development
PS2_3747,PS2_Benchmark,7.0,9.0,3.2,7.700000000000001,1,1,0,Software Engineer,Software & Web Development
PS2_3748,PS2_Benchmark,4.0,3.0,4.4,7.700000000000001,0,0,1,Software Engineer,Software & Web Development
PS2_3749,PS2_Benchmark,2.0,2.0,4.8,4.4,0,1,1,Software Engineer,Software & Web Development
PS2_3750,PS2_Benchmark,7.0,6.0,4.8,2.2,1,0,0,Software Engineer,Software & Web Development
PS2_3751,PS2_Benchmark,7.0,3.0,2.0,9.9,1,1,0,Software Engineer,Software & Web Development
PS2_3752,PS2_Benchmark,1.0,4.0,7.199999999999999,5.5,0,0,1,Software Engineer,Software & Web Development
PS2_3753,PS2_Benchmark,2.0,3.0,7.199999999999999,9.9,1,0,1,Software Engineer,Software & Web Development
PS2_3754,PS2_Benchmark,2.0,6.0,4.8,4.4,1,0,1,Software Engineer,Software & Web Development
PS2_3755,PS2_Benchmark,5.0,5.0,1.2,7.700000000000001,1,1,1,Software Engineer,Software & Web Development
PS2_3756,PS2_Benchmark,2.0,2.0,7.199999999999999,5.5,0,0,1,Software Engineer,Software & Web Development
PS2_3757,PS2_Benchmark,4.0,5.0,3.5999999999999996,2.2,1,1,1,Software Engineer,Software & Web Development
PS2_3758,PS2_Benchmark,9.0,9.0,0.0,6.6000000000000005,1,1,0,Software Engineer,Software & Web Development
PS2_3759,PS2_Benchmark,2.0,1.0,3.5999999999999996,9.9,0,1,1,Software Engineer,Software & Web Development
PS2_3760,PS2_Benchmark,8.0,1.0,8.0,1.1,1,0,1,Software Engineer,Software & Web Development
PS2_3761,PS2_Benchmark,7.0,6.0,4.8,3.3000000000000003,0,1,1,Software Engineer,Software & Web Development
PS2_3762,PS2_Benchmark,8.0,1.0,4.4,2.2,1,1,1,Software Engineer,Software & Web Development
PS2_3763,PS2_Benchmark,4.0,7.0,5.6,1.1,0,1,0,Software Engineer,Software & Web Development
PS2_3764,PS2_Benchmark,2.0,1.0,1.2,1.1,0,0,0,Software Engineer,Software & Web Development
PS2_3765,PS2_Benchmark,7.0,8.0,0.0,4.4,1,0,1,Software Engineer,Software & Web Development
PS2_3766,PS2_Benchmark,3.0,6.0,2.0,9.9,1,1,0,Software Engineer,Software & Web Development
PS2_3767,PS2_Benchmark,9.0,7.0,0.0,4.4,1,1,0,Software Engineer,Software & Web Development
PS2_3768,PS2_Benchmark,5.0,3.0,9.2,7.700000000000001,1,1,1,Software Engineer,Software & Web Development
PS2_3769,PS2_Benchmark,9.0,3.0,9.2,5.5,0,0,1,Software Engineer,Software & Web Development
PS2_3770,PS2_Benchmark,6.0,4.0,0.0,8.8,0,0,1,Software Engineer,Software & Web Development
PS2_3771,PS2_Benchmark,6.0,4.0,6.0,6.6000000000000005,0,0,0,Software Engineer,Software & Web Development
PS2_3772,PS2_Benchmark,1.0,8.0,3.2,8.8,0,1,0,Software Engineer,Software & Web Development
PS2_3773,PS2_Benchmark,8.0,4.0,7.199999999999999,2.2,1,0,0,Software Engineer,Software & Web Development
PS2_3774,PS2_Benchmark,1.0,7.0,3.2,8.8,1,1,0,Software Engineer,Software & Web Development
PS2_3775,PS2_Benchmark,2.0,9.0,1.2,9.9,1,1,1,Software Engineer,Software & Web Development
PS2_3776,PS2_Benchmark,8.0,8.0,4.8,7.700000000000001,1,0,1,Software Engineer,Software & Web Development
PS2_3777,PS2_Benchmark,2.0,5.0,6.8,1.1,1,0,0,Software Engineer,Software & Web Development
PS2_3778,PS2_Benchmark,9.0,6.0,6.0,4.4,0,0,0,Software Engineer,Software & Web Development
PS2_3779,PS2_Benchmark,6.0,3.0,1.2,5.5,0,0,0,Software Engineer,Software & Web Development
PS2_3780,PS2_Benchmark,5.0,5.0,7.199999999999999,4.4,1,1,0,Software Engineer,Software & Web Development
PS2_3781,PS2_Benchmark,6.0,3.0,1.2,9.9,0,1,0,Software Engineer,Software & Web Development
PS2_3782,PS2_Benchmark,8.0,9.0,2.4,9.9,1,0,0,Software Engineer,Software & Web Development
PS2_3783,PS2_Benchmark,6.0,8.0,4.4,3.3000000000000003,0,0,0,Software Engineer,Software & Web Development
PS2_3784,PS2_Benchmark,1.0,8.0,2.0,4.4,1,1,1,Software Engineer,Software & Web Development
PS2_3785,PS2_Benchmark,1.0,4.0,3.2,4.4,0,0,0,Software Engineer,Software & Web Development
PS2_3786,PS2_Benchmark,5.0,4.0,2.0,6.6000000000000005,0,0,0,Software Engineer,Software & Web Development
PS2_3787,PS2_Benchmark,3.0,1.0,2.0,4.4,1,0,0,Software Engineer,Software & Web Development
PS2_3788,PS2_Benchmark,9.0,4.0,0.0,5.5,0,1,1,Software Engineer,Software & Web Development
PS2_3789,PS2_Benchmark,2.0,5.0,7.199999999999999,1.1,1,0,0,Software Engineer,Software & Web Development
PS2_3790,PS2_Benchmark,4.0,4.0,9.2,2.2,0,1,1,Software Engineer,Software & Web Development
PS2_3791,PS2_Benchmark,2.0,9.0,4.4,9.9,1,0,1,Software Engineer,Software & Web Development
PS2_3792,PS2_Benchmark,4.0,4.0,7.199999999999999,8.8,0,0,1,Software Engineer,Software & Web Development
PS2_3793,PS2_Benchmark,8.0,9.0,2.0,7.700000000000001,1,0,0,Software Engineer,Software & Web Development
PS2_3794,PS2_Benchmark,6.0,9.0,6.8,1.1,1,0,0,Software Engineer,Software & Web Development
PS2_3795,PS2_Benchmark,5.0,6.0,6.0,7.700000000000001,0,0,0,Software Engineer,Software & Web Development
PS2_3796,PS2_Benchmark,1.0,9.0,3.2,3.3000000000000003,1,0,1,Software Engineer,Software & Web Development
PS2_3797,PS2_Benchmark,3.0,4.0,4.8,7.700000000000001,0,1,0,Software Engineer,Software & Web Development
PS2_3798,PS2_Benchmark,1.0,7.0,6.0,7.700000000000001,0,1,0,Software Engineer,Software & Web Development
PS2_3799,PS2_Benchmark,5.0,9.0,8.0,6.6000000000000005,0,0,1,Software Engineer,Software & Web Development
PS2_3800,PS2_Benchmark,2.0,7.0,6.0,1.1,0,1,0,Software Engineer,Software & Web Development
PS2_3801,PS2_Benchmark,2.0,8.0,2.4,4.4,0,1,0,Software Engineer,Software & Web Development
PS2_3802,PS2_Benchmark,3.0,6.0,7.199999999999999,7.700000000000001,0,1,0,Software Engineer,Software & Web Development
PS2_3803,PS2_Benchmark,8.0,6.0,3.5999999999999996,5.5,0,1,0,Software Engineer,Software & Web Development
PS2_3804,PS2_Benchmark,7.0,1.0,2.0,8.8,1,0,0,Software Engineer,Software & Web Development
PS2_3805,PS2_Benchmark,6.0,5.0,8.0,7.700000000000001,1,1,0,Software Engineer,Software & Web Development
PS2_3806,PS2_Benchmark,7.0,4.0,5.6,6.6000000000000005,0,0,0,Software Engineer,Software & Web Development
PS2_3807,PS2_Benchmark,5.0,1.0,1.2,2.2,1,1,1,Software Engineer,Software & Web Development
PS2_3808,PS2_Benchmark,5.0,2.0,6.8,5.5,1,0,0,Software Engineer,Software & Web Development
PS2_3809,PS2_Benchmark,1.0,9.0,0.0,8.8,1,0,1,Software Engineer,Software & Web Development
PS2_3810,PS2_Benchmark,9.0,2.0,0.0,5.5,1,1,0,Software Engineer,Software & Web Development
PS2_3811,PS2_Benchmark,1.0,4.0,2.4,7.700000000000001,0,0,0,Software Engineer,Software & Web Development
PS2_3812,PS2_Benchmark,1.0,8.0,6.0,8.8,1,0,1,Software Engineer,Software & Web Development
PS2_3813,PS2_Benchmark,2.0,3.0,0.0,5.5,1,0,0,Software Engineer,Software & Web Development
PS2_3814,PS2_Benchmark,2.0,6.0,7.199999999999999,2.2,0,1,1,Software Engineer,Software & Web Development
PS2_3815,PS2_Benchmark,9.0,7.0,6.8,4.4,1,1,0,Software Engineer,Software & Web Development
PS2_3816,PS2_Benchmark,7.0,9.0,2.0,1.1,1,0,0,Software Engineer,Software & Web Development
PS2_3817,PS2_Benchmark,4.0,5.0,8.0,3.3000000000000003,1,1,1,Software Engineer,Software & Web Development
PS2_3818,PS2_Benchmark,8.0,2.0,6.0,8.8,1,1,0,Software Engineer,Software & Web Development
PS2_3819,PS2_Benchmark,2.0,8.0,8.0,4.4,0,0,0,Software Engineer,Software & Web Development
PS2_3820,PS2_Benchmark,1.0,8.0,3.5999999999999996,3.3000000000000003,0,0,1,Software Engineer,Software & Web Development
PS2_3821,PS2_Benchmark,7.0,5.0,2.0,1.1,0,1,0,Software Engineer,Software & Web Development
PS2_3822,PS2_Benchmark,4.0,7.0,5.6,2.2,1,1,1,Software Engineer,Software & Web Development
PS2_3823,PS2_Benchmark,9.0,9.0,0.0,9.9,0,1,0,Software Engineer,Software & Web Development
PS2_3824,PS2_Benchmark,8.0,4.0,2.0,6.6000000000000005,1,1,1,Software Engineer,Software & Web Development
PS2_3825,PS2_Benchmark,2.0,1.0,2.0,2.2,0,0,1,Software Engineer,Software & Web Development
PS2_3826,PS2_Benchmark,1.0,5.0,6.0,6.6000000000000005,0,1,0,Software Engineer,Software & Web Development
PS2_3827,PS2_Benchmark,1.0,2.0,3.5999999999999996,2.2,0,1,1,Software Engineer,Software & Web Development
PS2_3828,PS2_Benchmark,3.0,7.0,3.5999999999999996,1.1,1,1,1,Software Engineer,Software & Web Development
PS2_3829,PS2_Benchmark,6.0,4.0,6.8,1.1,0,1,0,Software Engineer,Software & Web Development
PS2_3830,PS2_Benchmark,2.0,7.0,4.8,3.3000000000000003,1,1,0,Software Engineer,Software & Web Development
PS2_3831,PS2_Benchmark,1.0,7.0,8.0,5.5,1,0,1,Software Engineer,Software & Web Development
PS2_3832,PS2_Benchmark,7.0,6.0,3.2,2.2,1,1,0,Software Engineer,Software & Web Development
PS2_3833,PS2_Benchmark,8.0,2.0,4.4,6.6000000000000005,1,1,0,Software Engineer,Software & Web Development
PS2_3834,PS2_Benchmark,5.0,1.0,6.0,5.5,1,0,1,Software Engineer,Software & Web Development
PS2_3835,PS2_Benchmark,8.0,5.0,0.0,2.2,0,0,1,Software Engineer,Software & Web Development
PS2_3836,PS2_Benchmark,4.0,4.0,7.199999999999999,1.1,0,0,1,Software Engineer,Software & Web Development
PS2_3837,PS2_Benchmark,7.0,3.0,2.0,9.9,0,1,1,Software Engineer,Software & Web Development
PS2_3838,PS2_Benchmark,8.0,2.0,6.0,2.2,1,0,0,Software Engineer,Software & Web Development
PS2_3839,PS2_Benchmark,6.0,7.0,4.4,3.3000000000000003,0,1,0,Software Engineer,Software & Web Development
PS2_3840,PS2_Benchmark,2.0,8.0,2.4,4.4,1,0,1,Software Engineer,Software & Web Development
PS2_3841,PS2_Benchmark,8.0,9.0,0.0,2.2,0,0,1,Software Engineer,Software & Web Development
PS2_3842,PS2_Benchmark,5.0,9.0,3.2,2.2,1,1,0,Software Engineer,Software & Web Development
PS2_3843,PS2_Benchmark,1.0,9.0,8.0,9.9,0,0,0,Software Engineer,Software & Web Development
PS2_3844,PS2_Benchmark,6.0,4.0,0.0,3.3000000000000003,0,0,1,Software Engineer,Software & Web Development
PS2_3845,PS2_Benchmark,4.0,4.0,7.199999999999999,6.6000000000000005,0,0,0,Software Engineer,Software & Web Development
PS2_3846,PS2_Benchmark,9.0,5.0,8.0,9.9,0,0,1,Software Engineer,Software & Web Development
PS2_3847,PS2_Benchmark,9.0,4.0,4.8,8.8,0,0,1,Software Engineer,Software & Web Development
PS2_3848,PS2_Benchmark,8.0,3.0,2.0,3.3000000000000003,0,0,0,Software Engineer,Software & Web Development
PS2_3849,PS2_Benchmark,1.0,1.0,7.199999999999999,8.8,0,0,0,Software Engineer,Software & Web Development
PS2_3850,PS2_Benchmark,1.0,4.0,6.0,1.1,0,0,0,Software Engineer,Software & Web Development
PS2_3851,PS2_Benchmark,3.0,9.0,8.0,2.2,0,0,0,Software Engineer,Software & Web Development
PS2_3852,PS2_Benchmark,9.0,3.0,9.2,3.3000000000000003,1,0,1,Software Engineer,Software & Web Development
PS2_3853,PS2_Benchmark,6.0,7.0,1.2,1.1,0,1,0,Software Engineer,Software & Web Development
PS2_3854,PS2_Benchmark,9.0,7.0,8.0,2.2,0,1,0,Software Engineer,Software & Web Development
PS2_3855,PS2_Benchmark,5.0,9.0,2.0,8.8,0,1,1,Software Engineer,Software & Web Development
PS2_3856,PS2_Benchmark,8.0,7.0,6.8,4.4,1,1,0,Software Engineer,Software & Web Development
PS2_3857,PS2_Benchmark,5.0,1.0,5.6,2.2,0,1,1,Software Engineer,Software & Web Development
PS2_3858,PS2_Benchmark,3.0,9.0,0.0,9.9,0,0,1,Software Engineer,Software & Web Development
PS2_3859,PS2_Benchmark,4.0,9.0,6.0,6.6000000000000005,0,1,1,Software Engineer,Software & Web Development
PS2_3860,PS2_Benchmark,7.0,9.0,3.5999999999999996,1.1,0,0,1,Software Engineer,Software & Web Development
PS2_3861,PS2_Benchmark,1.0,6.0,9.2,8.8,1,0,1,Software Engineer,Software & Web Development
PS2_3862,PS2_Benchmark,5.0,2.0,2.4,8.8,0,1,1,Software Engineer,Software & Web Development
PS2_3863,PS2_Benchmark,3.0,9.0,4.4,2.2,0,0,0,Software Engineer,Software & Web Development
PS2_3864,PS2_Benchmark,3.0,5.0,3.2,4.4,0,0,0,Software Engineer,Software & Web Development
PS2_3865,PS2_Benchmark,7.0,4.0,3.5999999999999996,2.2,0,0,1,Software Engineer,Software & Web Development
PS2_3866,PS2_Benchmark,9.0,5.0,1.2,2.2,0,0,0,Software Engineer,Software & Web Development
PS2_3867,PS2_Benchmark,2.0,8.0,3.2,6.6000000000000005,1,1,1,Software Engineer,Software & Web Development
PS2_3868,PS2_Benchmark,8.0,1.0,2.0,2.2,1,0,1,Software Engineer,Software & Web Development
PS2_3869,PS2_Benchmark,7.0,8.0,5.6,5.5,0,0,1,Software Engineer,Software & Web Development
PS2_3870,PS2_Benchmark,9.0,7.0,4.8,9.9,0,0,1,Software Engineer,Software & Web Development
PS2_3871,PS2_Benchmark,2.0,6.0,3.2,6.6000000000000005,0,0,1,Software Engineer,Software & Web Development
PS2_3872,PS2_Benchmark,6.0,6.0,7.199999999999999,6.6000000000000005,0,1,0,Software Engineer,Software & Web Development
PS2_3873,PS2_Benchmark,1.0,1.0,5.6,7.700000000000001,0,0,0,Software Engineer,Software & Web Development
PS2_3874,PS2_Benchmark,5.0,4.0,3.5999999999999996,4.4,0,1,1,Software Engineer,Software & Web Development
PS2_3875,PS2_Benchmark,2.0,9.0,2.4,7.700000000000001,0,0,0,Software Engineer,Software & Web Development
PS2_3876,PS2_Benchmark,2.0,3.0,3.2,7.700000000000001,0,1,0,Software Engineer,Software & Web Development
PS2_3877,PS2_Benchmark,9.0,1.0,7.199999999999999,4.4,0,0,0,Software Engineer,Software & Web Development
PS2_3878,PS2_Benchmark,6.0,4.0,9.2,5.5,1,0,0,Software Engineer,Software & Web Development
PS2_3879,PS2_Benchmark,6.0,1.0,6.8,7.700000000000001,0,1,1,Software Engineer,Software & Web Development
PS2_3880,PS2_Benchmark,7.0,3.0,1.2,4.4,0,1,1,Software Engineer,Software & Web Development
PS2_3881,PS2_Benchmark,3.0,6.0,1.2,3.3000000000000003,0,1,0,Software Engineer,Software & Web Development
PS2_3882,PS2_Benchmark,1.0,1.0,0.0,7.700000000000001,1,0,1,Software Engineer,Software & Web Development
PS2_3883,PS2_Benchmark,6.0,8.0,6.0,1.1,1,0,1,Software Engineer,Software & Web Development
PS2_3884,PS2_Benchmark,4.0,2.0,6.8,8.8,0,1,1,Software Engineer,Software & Web Development
PS2_3885,PS2_Benchmark,3.0,9.0,6.0,8.8,1,0,1,Software Engineer,Software & Web Development
PS2_3886,PS2_Benchmark,9.0,9.0,1.2,8.8,0,0,0,Software Engineer,Software & Web Development
PS2_3887,PS2_Benchmark,2.0,2.0,9.2,8.8,1,1,1,Software Engineer,Software & Web Development
PS2_3888,PS2_Benchmark,5.0,9.0,5.6,2.2,0,0,1,Software Engineer,Software & Web Development
PS2_3889,PS2_Benchmark,9.0,3.0,7.199999999999999,3.3000000000000003,0,1,0,Software Engineer,Software & Web Development
PS2_3890,PS2_Benchmark,4.0,2.0,0.0,2.2,1,0,0,Software Engineer,Software & Web Development
PS2_3891,PS2_Benchmark,7.0,4.0,1.2,1.1,1,0,1,Software Engineer,Software & Web Development
PS2_3892,PS2_Benchmark,9.0,8.0,2.0,9.9,0,1,1,Software Engineer,Software & Web Development
PS2_3893,PS2_Benchmark,1.0,4.0,9.2,6.6000000000000005,1,0,0,Software Engineer,Software & Web Development
PS2_3894,PS2_Benchmark,4.0,9.0,2.4,7.700000000000001,1,1,0,Software Engineer,Software & Web Development
PS2_3895,PS2_Benchmark,3.0,6.0,1.2,7.700000000000001,1,0,1,Software Engineer,Software & Web Development
PS2_3896,PS2_Benchmark,4.0,6.0,8.0,6.6000000000000005,1,1,1,Software Engineer,Software & Web Development
PS2_3897,PS2_Benchmark,4.0,4.0,6.0,4.4,0,0,0,Software Engineer,Software & Web Development
PS2_3898,PS2_Benchmark,2.0,7.0,4.4,7.700000000000001,1,0,0,Software Engineer,Software & Web Development
PS2_3899,PS2_Benchmark,3.0,9.0,9.2,5.5,0,1,1,Software Engineer,Software & Web Development
PS2_3900,PS2_Benchmark,5.0,7.0,0.0,3.3000000000000003,0,0,1,Software Engineer,Software & Web Development
PS2_3901,PS2_Benchmark,6.0,9.0,9.2,8.8,0,0,0,Software Engineer,Software & Web Development
PS2_3902,PS2_Benchmark,2.0,3.0,0.0,2.2,1,0,0,Software Engineer,Software & Web Development
PS2_3903,PS2_Benchmark,1.0,1.0,5.6,1.1,0,1,1,Software Engineer,Software & Web Development
PS2_3904,PS2_Benchmark,6.0,3.0,7.199999999999999,4.4,1,1,0,Software Engineer,Software & Web Development
PS2_3905,PS2_Benchmark,3.0,8.0,9.2,6.6000000000000005,1,1,0,Software Engineer,Software & Web Development
PS2_3906,PS2_Benchmark,5.0,6.0,6.8,9.9,0,0,0,Software Engineer,Software & Web Development
PS2_3907,PS2_Benchmark,9.0,1.0,0.0,5.5,0,1,0,Software Engineer,Software & Web Development
PS2_3908,PS2_Benchmark,2.0,7.0,0.0,2.2,0,1,0,Software Engineer,Software & Web Development
PS2_3909,PS2_Benchmark,2.0,2.0,4.8,9.9,1,0,0,Software Engineer,Software & Web Development
PS2_3910,PS2_Benchmark,8.0,3.0,5.6,4.4,1,1,1,Software Engineer,Software & Web Development
PS2_3911,PS2_Benchmark,9.0,9.0,8.0,3.3000000000000003,1,1,0,Software Engineer,Software & Web Development
PS2_3912,PS2_Benchmark,6.0,2.0,9.2,4.4,0,0,0,Software Engineer,Software & Web Development
PS2_3913,PS2_Benchmark,3.0,4.0,3.2,3.3000000000000003,1,1,0,Software Engineer,Software & Web Development
PS2_3914,PS2_Benchmark,3.0,4.0,6.0,8.8,1,1,0,Software Engineer,Software & Web Development
PS2_3915,PS2_Benchmark,5.0,9.0,7.199999999999999,6.6000000000000005,1,1,0,Software Engineer,Software & Web Development
PS2_3916,PS2_Benchmark,5.0,2.0,4.8,8.8,1,1,1,Software Engineer,Software & Web Development
PS2_3917,PS2_Benchmark,9.0,1.0,7.199999999999999,9.9,0,1,1,Software Engineer,Software & Web Development
PS2_3918,PS2_Benchmark,9.0,9.0,5.6,1.1,1,0,0,Software Engineer,Software & Web Development
PS2_3919,PS2_Benchmark,4.0,8.0,3.2,6.6000000000000005,0,1,1,Software Engineer,Software & Web Development
PS2_3920,PS2_Benchmark,6.0,5.0,9.2,8.8,1,0,0,Software Engineer,Software & Web Development
PS2_3921,PS2_Benchmark,7.0,9.0,2.4,7.700000000000001,0,0,1,Software Engineer,Software & Web Development
PS2_3922,PS2_Benchmark,3.0,1.0,3.5999999999999996,8.8,1,1,1,Software Engineer,Software & Web Development
PS2_3923,PS2_Benchmark,7.0,8.0,9.2,9.9,0,0,0,Software Engineer,Software & Web Development
PS2_3924,PS2_Benchmark,7.0,2.0,7.199999999999999,4.4,1,0,1,Software Engineer,Software & Web Development
PS2_3925,PS2_Benchmark,5.0,3.0,5.6,8.8,0,0,1,Software Engineer,Software & Web Development
PS2_3926,PS2_Benchmark,8.0,8.0,4.4,2.2,1,0,1,Software Engineer,Software & Web Development
PS2_3927,PS2_Benchmark,7.0,9.0,1.2,6.6000000000000005,0,0,1,Software Engineer,Software & Web Development
PS2_3928,PS2_Benchmark,7.0,2.0,4.4,2.2,0,0,0,Software Engineer,Software & Web Development
PS2_3929,PS2_Benchmark,4.0,7.0,8.0,6.6000000000000005,0,0,0,Software Engineer,Software & Web Development
PS2_3930,PS2_Benchmark,8.0,6.0,4.4,2.2,1,0,1,Software Engineer,Software & Web Development
PS2_3931,PS2_Benchmark,5.0,9.0,1.2,5.5,1,1,1,Software Engineer,Software & Web Development
PS2_3932,PS2_Benchmark,8.0,9.0,6.0,6.6000000000000005,1,0,0,Software Engineer,Software & Web Development
PS2_3933,PS2_Benchmark,5.0,2.0,4.8,9.9,1,1,0,Software Engineer,Software & Web Development
PS2_3934,PS2_Benchmark,4.0,2.0,5.6,7.700000000000001,1,0,1,Software Engineer,Software & Web Development
PS2_3935,PS2_Benchmark,8.0,2.0,3.5999999999999996,3.3000000000000003,1,1,0,Software Engineer,Software & Web Development
PS2_3936,PS2_Benchmark,8.0,9.0,3.2,1.1,1,1,0,Software Engineer,Software & Web Development
PS2_3937,PS2_Benchmark,2.0,9.0,5.6,5.5,0,1,1,Software Engineer,Software & Web Development
PS2_3938,PS2_Benchmark,5.0,5.0,7.199999999999999,9.9,1,1,0,Software Engineer,Software & Web Development
PS2_3939,PS2_Benchmark,4.0,3.0,8.0,9.9,0,1,1,Software Engineer,Software & Web Development
PS2_3940,PS2_Benchmark,2.0,9.0,4.8,7.700000000000001,1,1,0,Software Engineer,Software & Web Development
PS2_3941,PS2_Benchmark,4.0,1.0,7.199999999999999,5.5,1,0,0,Software Engineer,Software & Web Development
PS2_3942,PS2_Benchmark,3.0,4.0,0.0,4.4,1,0,0,Software Engineer,Software & Web Development
PS2_3943,PS2_Benchmark,6.0,7.0,7.199999999999999,1.1,1,0,1,Software Engineer,Software & Web Development
PS2_3944,PS2_Benchmark,4.0,7.0,4.8,5.5,0,1,1,Software Engineer,Software & Web Development
PS2_3945,PS2_Benchmark,4.0,8.0,5.6,7.700000000000001,0,0,0,Software Engineer,Software & Web Development
PS2_3946,PS2_Benchmark,4.0,1.0,2.0,7.700000000000001,1,0,1,Software Engineer,Software & Web Development
PS2_3947,PS2_Benchmark,7.0,1.0,8.0,7.700000000000001,1,1,0,Software Engineer,Software & Web Development
PS2_3948,PS2_Benchmark,6.0,1.0,4.4,8.8,1,1,0,Software Engineer,Software & Web Development
PS2_3949,PS2_Benchmark,4.0,4.0,5.6,9.9,0,0,1,Software Engineer,Software & Web Development
PS2_3950,PS2_Benchmark,7.0,4.0,8.0,1.1,1,1,1,Software Engineer,Software & Web Development
PS2_3951,PS2_Benchmark,1.0,8.0,7.199999999999999,9.9,0,1,1,Software Engineer,Software & Web Development
PS2_3952,PS2_Benchmark,4.0,6.0,1.2,5.5,0,0,0,Software Engineer,Software & Web Development
PS2_3953,PS2_Benchmark,9.0,5.0,5.6,5.5,1,1,0,Software Engineer,Software & Web Development
PS2_3954,PS2_Benchmark,5.0,4.0,9.2,7.700000000000001,1,1,1,Software Engineer,Software & Web Development
PS2_3955,PS2_Benchmark,5.0,3.0,4.4,6.6000000000000005,0,1,1,Software Engineer,Software & Web Development
PS2_3956,PS2_Benchmark,7.0,6.0,2.4,3.3000000000000003,0,0,0,Software Engineer,Software & Web Development
PS2_3957,PS2_Benchmark,5.0,9.0,8.0,8.8,0,1,0,Software Engineer,Software & Web Development
PS2_3958,PS2_Benchmark,1.0,5.0,3.5999999999999996,7.700000000000001,1,0,1,Software Engineer,Software & Web Development
PS2_3959,PS2_Benchmark,8.0,4.0,4.8,6.6000000000000005,0,0,1,Software Engineer,Software & Web Development
PS2_3960,PS2_Benchmark,9.0,1.0,5.6,2.2,0,0,0,Software Engineer,Software & Web Development
PS2_3961,PS2_Benchmark,6.0,2.0,9.2,2.2,1,0,1,Software Engineer,Software & Web Development
PS2_3962,PS2_Benchmark,2.0,4.0,6.8,1.1,0,1,1,Software Engineer,Software & Web Development
PS2_3963,PS2_Benchmark,7.0,4.0,0.0,5.5,1,0,0,Software Engineer,Software & Web Development
PS2_3964,PS2_Benchmark,6.0,2.0,4.8,8.8,1,1,1,Software Engineer,Software & Web Development
PS2_3965,PS2_Benchmark,3.0,8.0,0.0,1.1,1,0,0,Software Engineer,Software & Web Development
PS2_3966,PS2_Benchmark,9.0,9.0,6.0,6.6000000000000005,1,1,1,Software Engineer,Software & Web Development
PS2_3967,PS2_Benchmark,9.0,4.0,2.4,7.700000000000001,0,0,0,Software Engineer,Software & Web Development
PS2_3968,PS2_Benchmark,5.0,3.0,3.2,2.2,1,1,1,Software Engineer,Software & Web Development
PS2_3969,PS2_Benchmark,7.0,4.0,6.8,4.4,0,1,0,Software Engineer,Software & Web Development
PS2_3970,PS2_Benchmark,2.0,9.0,4.4,8.8,0,0,0,Software Engineer,Software & Web Development
PS2_3971,PS2_Benchmark,6.0,1.0,6.0,6.6000000000000005,0,1,1,Software Engineer,Software & Web Development
PS2_3972,PS2_Benchmark,4.0,9.0,9.2,1.1,1,1,0,Software Engineer,Software & Web Development
PS2_3973,PS2_Benchmark,8.0,8.0,7.199999999999999,4.4,0,1,0,Software Engineer,Software & Web Development
PS2_3974,PS2_Benchmark,4.0,2.0,5.6,9.9,1,1,1,Software Engineer,Software & Web Development
PS2_3975,PS2_Benchmark,6.0,9.0,5.6,7.700000000000001,1,0,0,Software Engineer,Software & Web Development
PS2_3976,PS2_Benchmark,2.0,4.0,7.199999999999999,8.8,1,0,0,Software Engineer,Software & Web Development
PS2_3977,PS2_Benchmark,9.0,7.0,9.2,6.6000000000000005,1,1,0,Software Engineer,Software & Web Development
PS2_3978,PS2_Benchmark,5.0,6.0,2.4,6.6000000000000005,1,0,1,Software Engineer,Software & Web Development
PS2_3979,PS2_Benchmark,9.0,7.0,4.4,2.2,0,0,0,Software Engineer,Software & Web Development
PS2_3980,PS2_Benchmark,8.0,3.0,0.0,9.9,0,1,0,Software Engineer,Software & Web Development
PS2_3981,PS2_Benchmark,6.0,8.0,9.2,1.1,0,0,0,Software Engineer,Software & Web Development
PS2_3982,PS2_Benchmark,1.0,4.0,0.0,6.6000000000000005,0,0,1,Software Engineer,Software & Web Development
PS2_3983,PS2_Benchmark,1.0,6.0,3.2,8.8,0,0,0,Software Engineer,Software & Web Development
PS2_3984,PS2_Benchmark,7.0,5.0,4.4,3.3000000000000003,1,1,1,Software Engineer,Software & Web Development
PS2_3985,PS2_Benchmark,1.0,3.0,6.8,7.700000000000001,0,1,0,Software Engineer,Software & Web Development
PS2_3986,PS2_Benchmark,7.0,2.0,8.0,9.9,1,1,0,Software Engineer,Software & Web Development
PS2_3987,PS2_Benchmark,6.0,9.0,3.5999999999999996,8.8,0,1,0,Software Engineer,Software & Web Development
PS2_3988,PS2_Benchmark,4.0,3.0,7.199999999999999,2.2,0,0,1,Software Engineer,Software & Web Development
PS2_3989,PS2_Benchmark,2.0,7.0,5.6,4.4,0,1,0,Software Engineer,Software & Web Development
PS2_3990,PS2_Benchmark,4.0,3.0,7.199999999999999,5.5,0,0,1,Software Engineer,Software & Web Development
PS2_3991,PS2_Benchmark,4.0,5.0,2.4,3.3000000000000003,0,0,1,Software Engineer,Software & Web Development
PS2_3992,PS2_Benchmark,1.0,9.0,0.0,2.2,0,0,0,Software Engineer,Software & Web Development
PS2_3993,PS2_Benchmark,9.0,5.0,3.5999999999999996,3.3000000000000003,1,0,0,Software Engineer,Software & Web Development
PS2_3994,PS2_Benchmark,5.0,3.0,8.0,3.3000000000000003,0,0,1,Software Engineer,Software & Web Development
PS2_3995,PS2_Benchmark,1.0,5.0,4.8,1.1,1,0,1,Software Engineer,Software & Web Development
PS2_3996,PS2_Benchmark,2.0,3.0,3.5999999999999996,6.6000000000000005,0,0,0,Software Engineer,Software & Web Development
PS2_3997,PS2_Benchmark,7.0,3.0,4.4,2.2,0,0,0,Software Engineer,Software & Web Development
PS2_3998,PS2_Benchmark,5.0,2.0,5.6,2.2,0,0,0,Software Engineer,Software & Web Development
PS2_3999,PS2_Benchmark,6.0,3.0,4.8,9.9,1,0,0,Software Engineer,Software & Web Development
PS2_4000,PS2_Benchmark,5.0,8.0,6.0,1.1,0,0,1,Software Engineer,Software & Web Development
PS2_4001,PS2_Benchmark,8.0,8.0,2.4,4.4,0,1,1,Software Engineer,Software & Web Development
PS2_4002,PS2_Benchmark,3.0,5.0,8.0,8.8,0,0,1,Software Engineer,Software & Web Development
PS2_4003,PS2_Benchmark,4.0,6.0,0.0,7.700000000000001,1,1,0,Software Engineer,Software & Web Development
PS2_4004,PS2_Benchmark,9.0,9.0,3.2,4.4,1,1,0,Software Engineer,Software & Web Development
PS2_4005,PS2_Benchmark,8.0,4.0,8.0,1.1,1,1,0,Software Engineer,Software & Web Development
PS2_4006,PS2_Benchmark,3.0,3.0,2.4,8.8,1,1,0,Software Engineer,Software & Web Development
PS2_4007,PS2_Benchmark,1.0,6.0,2.0,9.9,0,1,1,Software Engineer,Software & Web Development
PS2_4008,PS2_Benchmark,1.0,1.0,3.5999999999999996,3.3000000000000003,0,0,1,Software Engineer,Software & Web Development
PS2_4009,PS2_Benchmark,5.0,4.0,6.0,3.3000000000000003,1,1,1,Software Engineer,Software & Web Development
PS2_4010,PS2_Benchmark,8.0,3.0,3.2,1.1,1,0,1,Software Engineer,Software & Web Development
PS2_4011,PS2_Benchmark,8.0,3.0,3.5999999999999996,9.9,1,1,0,Software Engineer,Software & Web Development
PS2_4012,PS2_Benchmark,1.0,3.0,1.2,2.2,1,0,0,Software Engineer,Software & Web Development
PS2_4013,PS2_Benchmark,6.0,7.0,4.8,3.3000000000000003,1,1,1,Software Engineer,Software & Web Development
PS2_4014,PS2_Benchmark,5.0,6.0,2.4,5.5,1,0,0,Software Engineer,Software & Web Development
PS2_4015,PS2_Benchmark,1.0,1.0,5.6,2.2,0,1,0,Software Engineer,Software & Web Development
PS2_4016,PS2_Benchmark,1.0,8.0,5.6,9.9,1,0,1,Software Engineer,Software & Web Development
PS2_4017,PS2_Benchmark,2.0,6.0,7.199999999999999,1.1,0,1,1,Software Engineer,Software & Web Development
PS2_4018,PS2_Benchmark,7.0,2.0,4.4,5.5,1,1,1,Software Engineer,Software & Web Development
PS2_4019,PS2_Benchmark,7.0,1.0,9.2,5.5,0,1,0,Software Engineer,Software & Web Development
PS2_4020,PS2_Benchmark,9.0,1.0,4.4,6.6000000000000005,1,0,0,Software Engineer,Software & Web Development
PS2_4021,PS2_Benchmark,7.0,5.0,6.8,7.700000000000001,0,1,1,Software Engineer,Software & Web Development
PS2_4022,PS2_Benchmark,1.0,6.0,9.2,1.1,0,0,1,Software Engineer,Software & Web Development
PS2_4023,PS2_Benchmark,2.0,7.0,9.2,7.700000000000001,1,1,1,Software Engineer,Software & Web Development
PS2_4024,PS2_Benchmark,5.0,3.0,8.0,4.4,1,0,0,Software Engineer,Software & Web Development
PS2_4025,PS2_Benchmark,1.0,4.0,8.0,4.4,1,1,0,Software Engineer,Software & Web Development
PS2_4026,PS2_Benchmark,2.0,8.0,5.6,5.5,1,1,1,Software Engineer,Software & Web Development
PS2_4027,PS2_Benchmark,1.0,5.0,4.4,9.9,0,0,1,Software Engineer,Software & Web Development
PS2_4028,PS2_Benchmark,3.0,3.0,6.0,7.700000000000001,0,0,1,Software Engineer,Software & Web Development
PS2_4029,PS2_Benchmark,3.0,5.0,9.2,8.8,1,0,0,Software Engineer,Software & Web Development
PS2_4030,PS2_Benchmark,6.0,9.0,4.4,9.9,0,0,1,Software Engineer,Software & Web Development
PS2_4031,PS2_Benchmark,3.0,1.0,6.8,9.9,1,1,0,Software Engineer,Software & Web Development
PS2_4032,PS2_Benchmark,3.0,1.0,6.8,7.700000000000001,1,0,0,Software Engineer,Software & Web Development
PS2_4033,PS2_Benchmark,5.0,5.0,9.2,4.4,1,1,1,Software Engineer,Software & Web Development
PS2_4034,PS2_Benchmark,4.0,7.0,2.0,7.700000000000001,1,1,0,Software Engineer,Software & Web Development
PS2_4035,PS2_Benchmark,6.0,5.0,3.5999999999999996,5.5,1,0,1,Software Engineer,Software & Web Development
PS2_4036,PS2_Benchmark,5.0,9.0,9.2,2.2,1,1,0,Software Engineer,Software & Web Development
PS2_4037,PS2_Benchmark,4.0,8.0,6.0,5.5,1,0,0,Software Engineer,Software & Web Development
PS2_4038,PS2_Benchmark,9.0,8.0,8.0,2.2,0,1,1,Software Engineer,Software & Web Development
PS2_4039,PS2_Benchmark,3.0,7.0,2.4,6.6000000000000005,0,0,1,Software Engineer,Software & Web Development
PS2_4040,PS2_Benchmark,8.0,6.0,6.0,3.3000000000000003,0,1,1,Software Engineer,Software & Web Development
PS2_4041,PS2_Benchmark,9.0,1.0,1.2,6.6000000000000005,0,0,1,Software Engineer,Software & Web Development
PS2_4042,PS2_Benchmark,7.0,1.0,1.2,7.700000000000001,0,0,0,Software Engineer,Software & Web Development
PS2_4043,PS2_Benchmark,7.0,3.0,8.0,9.9,0,0,1,Software Engineer,Software & Web Development
PS2_4044,PS2_Benchmark,4.0,1.0,3.5999999999999996,3.3000000000000003,1,0,1,Software Engineer,Software & Web Development
PS2_4045,PS2_Benchmark,3.0,1.0,6.8,3.3000000000000003,0,0,0,Software Quality Assurance (QA) / Testing,QA & IT Support
PS2_4046,PS2_Benchmark,6.0,4.0,5.6,3.3000000000000003,0,1,1,Software Quality Assurance (QA) / Testing,QA & IT Support
PS2_4047,PS2_Benchmark,9.0,1.0,5.6,9.9,1,0,1,Software Quality Assurance (QA) / Testing,QA & IT Support
PS2_4048,PS2_Benchmark,3.0,5.0,0.0,1.1,0,1,1,Software Quality Assurance (QA) / Testing,QA & IT Support
PS2_4049,PS2_Benchmark,8.0,5.0,8.0,2.2,0,1,1,Software Quality Assurance (QA) / Testing,QA & IT Support
PS2_4050,PS2_Benchmark,8.0,5.0,4.4,5.5,1,1,0,Software Quality Assurance (QA) / Testing,QA & IT Support
PS2_4051,PS2_Benchmark,2.0,6.0,7.199999999999999,9.9,1,1,1,Software Quality Assurance (QA) / Testing,QA & IT Support
PS2_4052,PS2_Benchmark,1.0,1.0,2.4,3.3000000000000003,0,0,1,Software Quality Assurance (QA) / Testing,QA & IT Support
PS2_4053,PS2_Benchmark,2.0,4.0,4.4,9.9,0,0,0,Software Quality Assurance (QA) / Testing,QA & IT Support
PS2_4054,PS2_Benchmark,8.0,3.0,6.8,8.8,1,0,1,Software Quality Assurance (QA) / Testing,QA & IT Support
PS2_4055,PS2_Benchmark,6.0,3.0,8.0,7.700000000000001,1,0,1,Software Quality Assurance (QA) / Testing,QA & IT Support
PS2_4056,PS2_Benchmark,8.0,4.0,6.8,8.8,1,0,1,Software Quality Assurance (QA) / Testing,QA & IT Support
PS2_4057,PS2_Benchmark,7.0,4.0,4.4,7.700000000000001,1,0,1,Software Quality Assurance (QA) / Testing,QA & IT Support
PS2_4058,PS2_Benchmark,3.0,6.0,2.4,9.9,1,0,1,Software Quality Assurance (QA) / Testing,QA & IT Support
PS2_4059,PS2_Benchmark,2.0,3.0,0.0,7.700000000000001,0,0,1,Software Quality Assurance (QA) / Testing,QA & IT Support
PS2_4060,PS2_Benchmark,1.0,3.0,9.2,5.5,1,1,1,Software Quality Assurance (QA) / Testing,QA & IT Support
PS2_4061,PS2_Benchmark,5.0,6.0,6.0,4.4,1,1,0,Software Quality Assurance (QA) / Testing,QA & IT Support
PS2_4062,PS2_Benchmark,6.0,4.0,6.0,6.6000000000000005,0,0,0,Software Quality Assurance (QA) / Testing,QA & IT Support
PS2_4063,PS2_Benchmark,6.0,4.0,1.2,5.5,1,0,1,Software Quality Assurance (QA) / Testing,QA & IT Support
PS2_4064,PS2_Benchmark,5.0,5.0,3.5999999999999996,8.8,1,1,1,Software Quality Assurance (QA) / Testing,QA & IT Support
PS2_4065,PS2_Benchmark,7.0,8.0,3.2,4.4,0,1,0,Software Quality Assurance (QA) / Testing,QA & IT Support
PS2_4066,PS2_Benchmark,2.0,5.0,2.4,6.6000000000000005,1,0,0,Software Quality Assurance (QA) / Testing,QA & IT Support
PS2_4067,PS2_Benchmark,5.0,3.0,9.2,9.9,0,1,1,Software Quality Assurance (QA) / Testing,QA & IT Support
PS2_4068,PS2_Benchmark,5.0,1.0,6.8,6.6000000000000005,0,1,1,Software Quality Assurance (QA) / Testing,QA & IT Support
PS2_4069,PS2_Benchmark,8.0,1.0,5.6,9.9,1,1,0,Software Quality Assurance (QA) / Testing,QA & IT Support
PS2_4070,PS2_Benchmark,2.0,3.0,1.2,5.5,1,0,0,Software Quality Assurance (QA) / Testing,QA & IT Support
PS2_4071,PS2_Benchmark,6.0,9.0,4.4,9.9,1,0,1,Software Quality Assurance (QA) / Testing,QA & IT Support
PS2_4072,PS2_Benchmark,6.0,5.0,7.199999999999999,2.2,1,0,1,Software Quality Assurance (QA) / Testing,QA & IT Support
PS2_4073,PS2_Benchmark,7.0,7.0,3.2,9.9,1,1,1,Software Quality Assurance (QA) / Testing,QA & IT Support
PS2_4074,PS2_Benchmark,4.0,9.0,9.2,4.4,0,0,0,Software Quality Assurance (QA) / Testing,QA & IT Support
PS2_4075,PS2_Benchmark,3.0,1.0,2.4,5.5,1,1,1,Software Quality Assurance (QA) / Testing,QA & IT Support
PS2_4076,PS2_Benchmark,1.0,8.0,2.0,3.3000000000000003,1,0,0,Software Quality Assurance (QA) / Testing,QA & IT Support
PS2_4077,PS2_Benchmark,7.0,5.0,5.6,2.2,0,0,1,Software Quality Assurance (QA) / Testing,QA & IT Support
PS2_4078,PS2_Benchmark,2.0,7.0,4.8,8.8,0,1,1,Software Quality Assurance (QA) / Testing,QA & IT Support
PS2_4079,PS2_Benchmark,9.0,9.0,6.0,4.4,1,1,1,Software Quality Assurance (QA) / Testing,QA & IT Support
PS2_4080,PS2_Benchmark,1.0,6.0,8.0,5.5,0,1,0,Software Quality Assurance (QA) / Testing,QA & IT Support
PS2_4081,PS2_Benchmark,5.0,5.0,4.4,8.8,1,1,0,Software Quality Assurance (QA) / Testing,QA & IT Support
PS2_4082,PS2_Benchmark,1.0,8.0,7.199999999999999,8.8,1,1,0,Software Quality Assurance (QA) / Testing,QA & IT Support
PS2_4083,PS2_Benchmark,9.0,7.0,4.8,1.1,0,0,0,Software Quality Assurance (QA) / Testing,QA & IT Support
PS2_4084,PS2_Benchmark,2.0,4.0,4.4,4.4,0,0,1,Software Quality Assurance (QA) / Testing,QA & IT Support
PS2_4085,PS2_Benchmark,2.0,8.0,1.2,8.8,1,1,1,Software Quality Assurance (QA) / Testing,QA & IT Support
PS2_4086,PS2_Benchmark,2.0,1.0,7.199999999999999,7.700000000000001,1,0,1,Software Quality Assurance (QA) / Testing,QA & IT Support
PS2_4087,PS2_Benchmark,5.0,8.0,5.6,1.1,1,1,0,Software Quality Assurance (QA) / Testing,QA & IT Support
PS2_4088,PS2_Benchmark,7.0,6.0,6.0,6.6000000000000005,0,0,0,Software Quality Assurance (QA) / Testing,QA & IT Support
PS2_4089,PS2_Benchmark,2.0,7.0,3.5999999999999996,3.3000000000000003,0,1,1,Software Quality Assurance (QA) / Testing,QA & IT Support
PS2_4090,PS2_Benchmark,3.0,3.0,0.0,5.5,1,0,0,Software Quality Assurance (QA) / Testing,QA & IT Support
PS2_4091,PS2_Benchmark,6.0,8.0,4.8,8.8,0,0,0,Software Quality Assurance (QA) / Testing,QA & IT Support
PS2_4092,PS2_Benchmark,4.0,5.0,2.0,3.3000000000000003,1,1,1,Software Quality Assurance (QA) / Testing,QA & IT Support
PS2_4093,PS2_Benchmark,4.0,3.0,4.4,6.6000000000000005,0,1,0,Software Quality Assurance (QA) / Testing,QA & IT Support
PS2_4094,PS2_Benchmark,4.0,9.0,6.8,4.4,0,0,0,Software Quality Assurance (QA) / Testing,QA & IT Support
PS2_4095,PS2_Benchmark,5.0,8.0,4.4,3.3000000000000003,1,0,1,Software Quality Assurance (QA) / Testing,QA & IT Support
PS2_4096,PS2_Benchmark,5.0,4.0,1.2,7.700000000000001,0,1,0,Software Quality Assurance (QA) / Testing,QA & IT Support
PS2_4097,PS2_Benchmark,5.0,5.0,9.2,9.9,0,1,1,Software Quality Assurance (QA) / Testing,QA & IT Support
PS2_4098,PS2_Benchmark,8.0,2.0,4.8,8.8,0,0,0,Software Quality Assurance (QA) / Testing,QA & IT Support
PS2_4099,PS2_Benchmark,7.0,8.0,0.0,7.700000000000001,1,0,1,Software Quality Assurance (QA) / Testing,QA & IT Support
PS2_4100,PS2_Benchmark,5.0,6.0,7.199999999999999,1.1,0,1,1,Software Quality Assurance (QA) / Testing,QA & IT Support
PS2_4101,PS2_Benchmark,3.0,7.0,4.4,6.6000000000000005,1,0,1,Software Quality Assurance (QA) / Testing,QA & IT Support
PS2_4102,PS2_Benchmark,1.0,4.0,5.6,9.9,1,1,1,Software Quality Assurance (QA) / Testing,QA & IT Support
PS2_4103,PS2_Benchmark,4.0,3.0,1.2,4.4,1,0,0,Software Quality Assurance (QA) / Testing,QA & IT Support
PS2_4104,PS2_Benchmark,1.0,3.0,2.0,2.2,0,0,0,Software Quality Assurance (QA) / Testing,QA & IT Support
PS2_4105,PS2_Benchmark,5.0,7.0,3.2,9.9,1,0,0,Software Quality Assurance (QA) / Testing,QA & IT Support
PS2_4106,PS2_Benchmark,3.0,2.0,0.0,3.3000000000000003,0,0,1,Software Quality Assurance (QA) / Testing,QA & IT Support
PS2_4107,PS2_Benchmark,9.0,8.0,0.0,7.700000000000001,0,0,1,Software Quality Assurance (QA) / Testing,QA & IT Support
PS2_4108,PS2_Benchmark,9.0,5.0,3.5999999999999996,5.5,1,1,0,Software Quality Assurance (QA) / Testing,QA & IT Support
PS2_4109,PS2_Benchmark,6.0,1.0,2.0,2.2,1,1,0,Software Quality Assurance (QA) / Testing,QA & IT Support
PS2_4110,PS2_Benchmark,7.0,4.0,0.0,6.6000000000000005,0,1,1,Software Quality Assurance (QA) / Testing,QA & IT Support
PS2_4111,PS2_Benchmark,3.0,9.0,3.2,7.700000000000001,1,0,1,Software Quality Assurance (QA) / Testing,QA & IT Support
PS2_4112,PS2_Benchmark,1.0,1.0,4.4,6.6000000000000005,1,0,1,Software Quality Assurance (QA) / Testing,QA & IT Support
PS2_4113,PS2_Benchmark,4.0,9.0,8.0,9.9,1,1,0,Software Quality Assurance (QA) / Testing,QA & IT Support
PS2_4114,PS2_Benchmark,9.0,3.0,2.0,9.9,1,0,0,Software Quality Assurance (QA) / Testing,QA & IT Support
PS2_4115,PS2_Benchmark,4.0,8.0,9.2,6.6000000000000005,0,1,0,Software Quality Assurance (QA) / Testing,QA & IT Support
PS2_4116,PS2_Benchmark,9.0,3.0,2.0,5.5,1,1,0,Software Quality Assurance (QA) / Testing,QA & IT Support
PS2_4117,PS2_Benchmark,3.0,5.0,6.0,2.2,1,0,0,Software Quality Assurance (QA) / Testing,QA & IT Support
PS2_4118,PS2_Benchmark,4.0,5.0,7.199999999999999,6.6000000000000005,1,1,1,Software Quality Assurance (QA) / Testing,QA & IT Support
PS2_4119,PS2_Benchmark,2.0,2.0,6.0,8.8,1,1,1,Software Quality Assurance (QA) / Testing,QA & IT Support
PS2_4120,PS2_Benchmark,8.0,2.0,3.5999999999999996,6.6000000000000005,1,0,1,Software Quality Assurance (QA) / Testing,QA & IT Support
PS2_4121,PS2_Benchmark,8.0,6.0,9.2,1.1,0,0,0,Software Quality Assurance (QA) / Testing,QA & IT Support
PS2_4122,PS2_Benchmark,5.0,3.0,3.5999999999999996,6.6000000000000005,0,0,0,Software Quality Assurance (QA) / Testing,QA & IT Support
PS2_4123,PS2_Benchmark,5.0,5.0,3.5999999999999996,6.6000000000000005,1,0,0,Software Quality Assurance (QA) / Testing,QA & IT Support
PS2_4124,PS2_Benchmark,8.0,5.0,6.8,4.4,1,1,0,Software Quality Assurance (QA) / Testing,QA & IT Support
PS2_4125,PS2_Benchmark,8.0,2.0,3.5999999999999996,9.9,0,1,1,Software Quality Assurance (QA) / Testing,QA & IT Support
PS2_4126,PS2_Benchmark,5.0,9.0,2.0,1.1,0,1,0,Software Quality Assurance (QA) / Testing,QA & IT Support
PS2_4127,PS2_Benchmark,8.0,4.0,3.5999999999999996,8.8,1,0,0,Software Quality Assurance (QA) / Testing,QA & IT Support
PS2_4128,PS2_Benchmark,4.0,2.0,3.5999999999999996,7.700000000000001,1,0,1,Software Quality Assurance (QA) / Testing,QA & IT Support
PS2_4129,PS2_Benchmark,3.0,3.0,7.199999999999999,2.2,0,0,1,Software Quality Assurance (QA) / Testing,QA & IT Support
PS2_4130,PS2_Benchmark,9.0,3.0,6.0,5.5,0,1,1,Software Quality Assurance (QA) / Testing,QA & IT Support
PS2_4131,PS2_Benchmark,5.0,5.0,2.4,7.700000000000001,0,0,1,Software Quality Assurance (QA) / Testing,QA & IT Support
PS2_4132,PS2_Benchmark,8.0,6.0,8.0,8.8,0,1,0,Software Quality Assurance (QA) / Testing,QA & IT Support
PS2_4133,PS2_Benchmark,5.0,4.0,9.2,2.2,0,0,0,Software Quality Assurance (QA) / Testing,QA & IT Support
PS2_4134,PS2_Benchmark,7.0,7.0,3.2,8.8,0,1,0,Software Quality Assurance (QA) / Testing,QA & IT Support
PS2_4135,PS2_Benchmark,5.0,3.0,3.5999999999999996,6.6000000000000005,1,0,1,Software Quality Assurance (QA) / Testing,QA & IT Support
PS2_4136,PS2_Benchmark,6.0,8.0,6.8,9.9,1,0,1,Software Quality Assurance (QA) / Testing,QA & IT Support
PS2_4137,PS2_Benchmark,8.0,4.0,5.6,6.6000000000000005,0,1,1,Software Quality Assurance (QA) / Testing,QA & IT Support
PS2_4138,PS2_Benchmark,7.0,6.0,9.2,2.2,0,1,0,Software Quality Assurance (QA) / Testing,QA & IT Support
PS2_4139,PS2_Benchmark,1.0,2.0,2.4,8.8,0,0,1,Software Quality Assurance (QA) / Testing,QA & IT Support
PS2_4140,PS2_Benchmark,6.0,7.0,0.0,1.1,0,1,0,Software Quality Assurance (QA) / Testing,QA & IT Support
PS2_4141,PS2_Benchmark,8.0,3.0,4.4,2.2,1,0,1,Software Quality Assurance (QA) / Testing,QA & IT Support
PS2_4142,PS2_Benchmark,8.0,9.0,0.0,2.2,1,1,0,Software Quality Assurance (QA) / Testing,QA & IT Support
PS2_4143,PS2_Benchmark,7.0,5.0,2.0,9.9,1,1,0,Software Quality Assurance (QA) / Testing,QA & IT Support
PS2_4144,PS2_Benchmark,8.0,3.0,3.5999999999999996,6.6000000000000005,1,0,1,Software Quality Assurance (QA) / Testing,QA & IT Support
PS2_4145,PS2_Benchmark,4.0,2.0,2.0,3.3000000000000003,1,0,1,Software Quality Assurance (QA) / Testing,QA & IT Support
PS2_4146,PS2_Benchmark,3.0,7.0,3.2,2.2,1,0,1,Software Quality Assurance (QA) / Testing,QA & IT Support
PS2_4147,PS2_Benchmark,8.0,5.0,1.2,1.1,0,0,1,Software Quality Assurance (QA) / Testing,QA & IT Support
PS2_4148,PS2_Benchmark,6.0,3.0,6.0,5.5,1,0,0,Software Quality Assurance (QA) / Testing,QA & IT Support
PS2_4149,PS2_Benchmark,5.0,4.0,6.8,3.3000000000000003,1,0,1,Software Quality Assurance (QA) / Testing,QA & IT Support
PS2_4150,PS2_Benchmark,6.0,6.0,1.2,7.700000000000001,0,1,1,Software Quality Assurance (QA) / Testing,QA & IT Support
PS2_4151,PS2_Benchmark,3.0,3.0,5.6,6.6000000000000005,1,0,1,Software Quality Assurance (QA) / Testing,QA & IT Support
PS2_4152,PS2_Benchmark,7.0,6.0,7.199999999999999,8.8,1,1,1,Software Quality Assurance (QA) / Testing,QA & IT Support
PS2_4153,PS2_Benchmark,7.0,3.0,0.0,3.3000000000000003,0,1,0,Software Quality Assurance (QA) / Testing,QA & IT Support
PS2_4154,PS2_Benchmark,9.0,8.0,6.8,2.2,1,1,0,Software Quality Assurance (QA) / Testing,QA & IT Support
PS2_4155,PS2_Benchmark,6.0,5.0,7.199999999999999,6.6000000000000005,1,1,0,Software Quality Assurance (QA) / Testing,QA & IT Support
PS2_4156,PS2_Benchmark,9.0,3.0,1.2,2.2,0,1,0,Software Quality Assurance (QA) / Testing,QA & IT Support
PS2_4157,PS2_Benchmark,3.0,8.0,4.4,8.8,0,0,1,Software Quality Assurance (QA) / Testing,QA & IT Support
PS2_4158,PS2_Benchmark,3.0,1.0,2.0,9.9,0,1,0,Software Quality Assurance (QA) / Testing,QA & IT Support
PS2_4159,PS2_Benchmark,2.0,6.0,2.0,5.5,1,0,0,Software Quality Assurance (QA) / Testing,QA & IT Support
PS2_4160,PS2_Benchmark,7.0,3.0,0.0,5.5,0,1,0,Software Quality Assurance (QA) / Testing,QA & IT Support
PS2_4161,PS2_Benchmark,4.0,9.0,9.2,3.3000000000000003,1,0,1,Software Quality Assurance (QA) / Testing,QA & IT Support
PS2_4162,PS2_Benchmark,1.0,9.0,9.2,3.3000000000000003,0,1,1,Software Quality Assurance (QA) / Testing,QA & IT Support
PS2_4163,PS2_Benchmark,6.0,3.0,0.0,9.9,0,0,0,Software Quality Assurance (QA) / Testing,QA & IT Support
PS2_4164,PS2_Benchmark,1.0,5.0,5.6,1.1,1,0,1,Software Quality Assurance (QA) / Testing,QA & IT Support
PS2_4165,PS2_Benchmark,9.0,9.0,7.199999999999999,4.4,1,0,1,Software Quality Assurance (QA) / Testing,QA & IT Support
PS2_4166,PS2_Benchmark,9.0,8.0,8.0,3.3000000000000003,0,0,1,Software Quality Assurance (QA) / Testing,QA & IT Support
PS2_4167,PS2_Benchmark,3.0,6.0,5.6,5.5,1,0,1,Software Quality Assurance (QA) / Testing,QA & IT Support
PS2_4168,PS2_Benchmark,1.0,2.0,6.0,4.4,1,0,1,Software Quality Assurance (QA) / Testing,QA & IT Support
PS2_4169,PS2_Benchmark,8.0,8.0,5.6,4.4,0,0,1,Software Quality Assurance (QA) / Testing,QA & IT Support
PS2_4170,PS2_Benchmark,7.0,1.0,4.4,8.8,0,0,0,Software Quality Assurance (QA) / Testing,QA & IT Support
PS2_4171,PS2_Benchmark,3.0,4.0,1.2,3.3000000000000003,0,0,0,Software Quality Assurance (QA) / Testing,QA & IT Support
PS2_4172,PS2_Benchmark,6.0,4.0,4.8,8.8,1,0,0,Software Quality Assurance (QA) / Testing,QA & IT Support
PS2_4173,PS2_Benchmark,4.0,3.0,1.2,2.2,1,0,0,Software Quality Assurance (QA) / Testing,QA & IT Support
PS2_4174,PS2_Benchmark,8.0,2.0,6.8,5.5,0,1,1,Software Quality Assurance (QA) / Testing,QA & IT Support
PS2_4175,PS2_Benchmark,2.0,6.0,1.2,5.5,1,1,1,Software Quality Assurance (QA) / Testing,QA & IT Support
PS2_4176,PS2_Benchmark,6.0,8.0,6.0,2.2,0,1,1,Software Quality Assurance (QA) / Testing,QA & IT Support
PS2_4177,PS2_Benchmark,3.0,1.0,3.5999999999999996,8.8,1,0,0,Software Quality Assurance (QA) / Testing,QA & IT Support
PS2_4178,PS2_Benchmark,8.0,5.0,4.8,9.9,1,1,1,Software Quality Assurance (QA) / Testing,QA & IT Support
PS2_4179,PS2_Benchmark,5.0,3.0,2.0,9.9,0,1,0,Software Quality Assurance (QA) / Testing,QA & IT Support
PS2_4180,PS2_Benchmark,6.0,6.0,0.0,1.1,0,1,1,Software Quality Assurance (QA) / Testing,QA & IT Support
PS2_4181,PS2_Benchmark,3.0,2.0,8.0,5.5,0,0,0,Software Quality Assurance (QA) / Testing,QA & IT Support
PS2_4182,PS2_Benchmark,6.0,8.0,5.6,2.2,0,0,1,Software Quality Assurance (QA) / Testing,QA & IT Support
PS2_4183,PS2_Benchmark,3.0,3.0,6.8,6.6000000000000005,0,1,0,Software Quality Assurance (QA) / Testing,QA & IT Support
PS2_4184,PS2_Benchmark,7.0,7.0,2.0,1.1,0,0,0,Software Quality Assurance (QA) / Testing,QA & IT Support
PS2_4185,PS2_Benchmark,4.0,7.0,1.2,3.3000000000000003,0,0,0,Software Quality Assurance (QA) / Testing,QA & IT Support
PS2_4186,PS2_Benchmark,1.0,8.0,4.4,7.700000000000001,0,0,0,Software Quality Assurance (QA) / Testing,QA & IT Support
PS2_4187,PS2_Benchmark,4.0,6.0,8.0,4.4,0,0,0,Software Quality Assurance (QA) / Testing,QA & IT Support
PS2_4188,PS2_Benchmark,4.0,3.0,2.0,8.8,1,1,1,Software Quality Assurance (QA) / Testing,QA & IT Support
PS2_4189,PS2_Benchmark,4.0,1.0,6.0,3.3000000000000003,0,1,1,Software Quality Assurance (QA) / Testing,QA & IT Support
PS2_4190,PS2_Benchmark,2.0,1.0,4.4,5.5,1,0,1,Software Quality Assurance (QA) / Testing,QA & IT Support
PS2_4191,PS2_Benchmark,9.0,5.0,6.0,5.5,1,0,1,Software Quality Assurance (QA) / Testing,QA & IT Support
PS2_4192,PS2_Benchmark,6.0,2.0,7.199999999999999,4.4,0,0,0,Software Quality Assurance (QA) / Testing,QA & IT Support
PS2_4193,PS2_Benchmark,4.0,3.0,3.2,7.700000000000001,0,0,1,Software Quality Assurance (QA) / Testing,QA & IT Support
PS2_4194,PS2_Benchmark,8.0,4.0,6.8,4.4,1,1,1,Software Quality Assurance (QA) / Testing,QA & IT Support
PS2_4195,PS2_Benchmark,2.0,4.0,7.199999999999999,5.5,0,0,0,Software Quality Assurance (QA) / Testing,QA & IT Support
PS2_4196,PS2_Benchmark,9.0,9.0,3.2,3.3000000000000003,0,1,0,Software Quality Assurance (QA) / Testing,QA & IT Support
PS2_4197,PS2_Benchmark,2.0,7.0,3.2,7.700000000000001,0,0,1,Software Quality Assurance (QA) / Testing,QA & IT Support
PS2_4198,PS2_Benchmark,7.0,5.0,7.199999999999999,2.2,0,1,1,Software Quality Assurance (QA) / Testing,QA & IT Support
PS2_4199,PS2_Benchmark,6.0,6.0,3.2,1.1,1,1,1,Software Quality Assurance (QA) / Testing,QA & IT Support
PS2_4200,PS2_Benchmark,9.0,8.0,7.199999999999999,7.700000000000001,0,1,0,Software Quality Assurance (QA) / Testing,QA & IT Support
PS2_4201,PS2_Benchmark,3.0,4.0,7.199999999999999,1.1,1,0,0,Software Quality Assurance (QA) / Testing,QA & IT Support
PS2_4202,PS2_Benchmark,9.0,4.0,3.5999999999999996,6.6000000000000005,0,1,1,Software Quality Assurance (QA) / Testing,QA & IT Support
PS2_4203,PS2_Benchmark,8.0,7.0,7.199999999999999,1.1,1,1,1,Software Quality Assurance (QA) / Testing,QA & IT Support
PS2_4204,PS2_Benchmark,6.0,1.0,5.6,8.8,1,1,1,Software Quality Assurance (QA) / Testing,QA & IT Support
PS2_4205,PS2_Benchmark,4.0,3.0,6.8,8.8,1,0,1,Software Quality Assurance (QA) / Testing,QA & IT Support
PS2_4206,PS2_Benchmark,4.0,5.0,1.2,9.9,0,0,0,Software Quality Assurance (QA) / Testing,QA & IT Support
PS2_4207,PS2_Benchmark,8.0,8.0,5.6,2.2,0,1,0,Software Quality Assurance (QA) / Testing,QA & IT Support
PS2_4208,PS2_Benchmark,2.0,5.0,4.4,6.6000000000000005,1,1,1,Software Quality Assurance (QA) / Testing,QA & IT Support
PS2_4209,PS2_Benchmark,1.0,7.0,0.0,2.2,0,1,0,Software Quality Assurance (QA) / Testing,QA & IT Support
PS2_4210,PS2_Benchmark,7.0,7.0,4.8,8.8,0,0,0,Software Quality Assurance (QA) / Testing,QA & IT Support
PS2_4211,PS2_Benchmark,8.0,4.0,2.0,8.8,1,0,1,Software Quality Assurance (QA) / Testing,QA & IT Support
PS2_4212,PS2_Benchmark,4.0,2.0,2.4,4.4,0,0,1,Software Quality Assurance (QA) / Testing,QA & IT Support
PS2_4213,PS2_Benchmark,8.0,5.0,6.8,3.3000000000000003,1,0,0,Software Quality Assurance (QA) / Testing,QA & IT Support
PS2_4214,PS2_Benchmark,8.0,6.0,1.2,4.4,1,1,1,Software Quality Assurance (QA) / Testing,QA & IT Support
PS2_4215,PS2_Benchmark,4.0,3.0,8.0,1.1,0,0,1,Software Quality Assurance (QA) / Testing,QA & IT Support
PS2_4216,PS2_Benchmark,3.0,6.0,3.5999999999999996,6.6000000000000005,1,1,0,Software Quality Assurance (QA) / Testing,QA & IT Support
PS2_4217,PS2_Benchmark,9.0,7.0,2.4,4.4,0,0,0,Software Quality Assurance (QA) / Testing,QA & IT Support
PS2_4218,PS2_Benchmark,8.0,3.0,2.0,7.700000000000001,1,1,1,Software Quality Assurance (QA) / Testing,QA & IT Support
PS2_4219,PS2_Benchmark,4.0,6.0,2.4,8.8,1,1,0,Software Quality Assurance (QA) / Testing,QA & IT Support
PS2_4220,PS2_Benchmark,2.0,3.0,2.4,7.700000000000001,0,1,1,Software Quality Assurance (QA) / Testing,QA & IT Support
PS2_4221,PS2_Benchmark,9.0,1.0,6.8,7.700000000000001,1,0,0,Software Quality Assurance (QA) / Testing,QA & IT Support
PS2_4222,PS2_Benchmark,1.0,1.0,3.2,3.3000000000000003,1,0,0,Software Quality Assurance (QA) / Testing,QA & IT Support
PS2_4223,PS2_Benchmark,5.0,5.0,4.8,3.3000000000000003,0,1,1,Software Quality Assurance (QA) / Testing,QA & IT Support
PS2_4224,PS2_Benchmark,9.0,3.0,3.5999999999999996,9.9,1,0,1,Software Quality Assurance (QA) / Testing,QA & IT Support
PS2_4225,PS2_Benchmark,9.0,7.0,2.4,1.1,0,1,1,Software Quality Assurance (QA) / Testing,QA & IT Support
PS2_4226,PS2_Benchmark,9.0,5.0,2.0,2.2,1,1,0,Software Quality Assurance (QA) / Testing,QA & IT Support
PS2_4227,PS2_Benchmark,8.0,8.0,2.0,2.2,1,1,1,Software Quality Assurance (QA) / Testing,QA & IT Support
PS2_4228,PS2_Benchmark,9.0,6.0,0.0,7.700000000000001,1,1,1,Software Quality Assurance (QA) / Testing,QA & IT Support
PS2_4229,PS2_Benchmark,2.0,6.0,5.6,6.6000000000000005,0,0,1,Software Quality Assurance (QA) / Testing,QA & IT Support
PS2_4230,PS2_Benchmark,7.0,1.0,4.4,9.9,1,0,1,Software Quality Assurance (QA) / Testing,QA & IT Support
PS2_4231,PS2_Benchmark,6.0,5.0,1.2,9.9,0,1,0,Software Quality Assurance (QA) / Testing,QA & IT Support
PS2_4232,PS2_Benchmark,4.0,7.0,4.4,2.2,1,0,1,Software Quality Assurance (QA) / Testing,QA & IT Support
PS2_4233,PS2_Benchmark,6.0,5.0,4.4,8.8,0,1,0,Software Quality Assurance (QA) / Testing,QA & IT Support
PS2_4234,PS2_Benchmark,8.0,6.0,3.2,2.2,1,0,1,Software Quality Assurance (QA) / Testing,QA & IT Support
PS2_4235,PS2_Benchmark,6.0,3.0,6.0,8.8,1,1,0,Software Quality Assurance (QA) / Testing,QA & IT Support
PS2_4236,PS2_Benchmark,5.0,3.0,3.5999999999999996,8.8,0,1,1,Software Quality Assurance (QA) / Testing,QA & IT Support
PS2_4237,PS2_Benchmark,5.0,9.0,1.2,8.8,1,0,0,Software Quality Assurance (QA) / Testing,QA & IT Support
PS2_4238,PS2_Benchmark,4.0,3.0,9.2,4.4,1,1,0,Software Quality Assurance (QA) / Testing,QA & IT Support
PS2_4239,PS2_Benchmark,2.0,8.0,0.0,6.6000000000000005,0,0,0,Software Quality Assurance (QA) / Testing,QA & IT Support
PS2_4240,PS2_Benchmark,5.0,2.0,5.6,3.3000000000000003,1,0,1,Software Quality Assurance (QA) / Testing,QA & IT Support
PS2_4241,PS2_Benchmark,4.0,6.0,9.2,3.3000000000000003,0,1,1,Software Quality Assurance (QA) / Testing,QA & IT Support
PS2_4242,PS2_Benchmark,5.0,7.0,6.8,1.1,1,0,1,Software Quality Assurance (QA) / Testing,QA & IT Support
PS2_4243,PS2_Benchmark,8.0,7.0,2.4,3.3000000000000003,0,0,1,Software Quality Assurance (QA) / Testing,QA & IT Support
PS2_4244,PS2_Benchmark,7.0,1.0,1.2,9.9,0,0,0,Software Quality Assurance (QA) / Testing,QA & IT Support
PS2_4245,PS2_Benchmark,8.0,9.0,2.4,3.3000000000000003,0,1,1,Software Quality Assurance (QA) / Testing,QA & IT Support
PS2_4246,PS2_Benchmark,4.0,5.0,3.2,8.8,0,1,0,Software Quality Assurance (QA) / Testing,QA & IT Support
PS2_4247,PS2_Benchmark,7.0,3.0,6.8,6.6000000000000005,1,1,0,Software Quality Assurance (QA) / Testing,QA & IT Support
PS2_4248,PS2_Benchmark,1.0,3.0,7.199999999999999,4.4,0,0,1,Software Quality Assurance (QA) / Testing,QA & IT Support
PS2_4249,PS2_Benchmark,8.0,3.0,5.6,7.700000000000001,1,1,0,Software Quality Assurance (QA) / Testing,QA & IT Support
PS2_4250,PS2_Benchmark,3.0,1.0,6.8,2.2,0,1,1,Software Quality Assurance (QA) / Testing,QA & IT Support
PS2_4251,PS2_Benchmark,4.0,2.0,3.2,2.2,0,1,1,Software Quality Assurance (QA) / Testing,QA & IT Support
PS2_4252,PS2_Benchmark,6.0,1.0,6.8,3.3000000000000003,0,0,1,Software Quality Assurance (QA) / Testing,QA & IT Support
PS2_4253,PS2_Benchmark,8.0,1.0,6.8,5.5,1,1,0,Software Quality Assurance (QA) / Testing,QA & IT Support
PS2_4254,PS2_Benchmark,4.0,2.0,6.0,8.8,0,1,0,Software Quality Assurance (QA) / Testing,QA & IT Support
PS2_4255,PS2_Benchmark,4.0,1.0,2.4,9.9,0,1,1,Software Quality Assurance (QA) / Testing,QA & IT Support
PS2_4256,PS2_Benchmark,1.0,5.0,2.4,2.2,0,0,0,Software Quality Assurance (QA) / Testing,QA & IT Support
PS2_4257,PS2_Benchmark,3.0,7.0,9.2,7.700000000000001,1,1,1,Software Quality Assurance (QA) / Testing,QA & IT Support
PS2_4258,PS2_Benchmark,6.0,3.0,2.0,1.1,0,0,1,Software Quality Assurance (QA) / Testing,QA & IT Support
PS2_4259,PS2_Benchmark,1.0,3.0,9.2,5.5,0,1,0,Software Quality Assurance (QA) / Testing,QA & IT Support
PS2_4260,PS2_Benchmark,8.0,2.0,2.4,4.4,0,0,1,Software Quality Assurance (QA) / Testing,QA & IT Support
PS2_4261,PS2_Benchmark,4.0,8.0,3.5999999999999996,7.700000000000001,1,1,1,Software Quality Assurance (QA) / Testing,QA & IT Support
PS2_4262,PS2_Benchmark,3.0,5.0,6.8,8.8,0,0,0,Software Quality Assurance (QA) / Testing,QA & IT Support
PS2_4263,PS2_Benchmark,3.0,8.0,5.6,3.3000000000000003,1,1,1,Software Quality Assurance (QA) / Testing,QA & IT Support
PS2_4264,PS2_Benchmark,9.0,8.0,3.2,6.6000000000000005,0,0,1,Software Quality Assurance (QA) / Testing,QA & IT Support
PS2_4265,PS2_Benchmark,1.0,5.0,4.8,5.5,0,1,0,Software Quality Assurance (QA) / Testing,QA & IT Support
PS2_4266,PS2_Benchmark,6.0,3.0,8.0,1.1,0,1,0,Software Quality Assurance (QA) / Testing,QA & IT Support
PS2_4267,PS2_Benchmark,5.0,4.0,6.8,9.9,0,0,0,Software Quality Assurance (QA) / Testing,QA & IT Support
PS2_4268,PS2_Benchmark,4.0,1.0,2.0,7.700000000000001,0,1,0,Software Quality Assurance (QA) / Testing,QA & IT Support
PS2_4269,PS2_Benchmark,2.0,9.0,7.199999999999999,2.2,0,0,1,Software Quality Assurance (QA) / Testing,QA & IT Support
PS2_4270,PS2_Benchmark,1.0,7.0,5.6,9.9,0,0,0,Software Quality Assurance (QA) / Testing,QA & IT Support
PS2_4271,PS2_Benchmark,7.0,5.0,7.199999999999999,5.5,0,0,0,Software Quality Assurance (QA) / Testing,QA & IT Support
PS2_4272,PS2_Benchmark,2.0,9.0,2.4,1.1,0,0,0,Software Quality Assurance (QA) / Testing,QA & IT Support
PS2_4273,PS2_Benchmark,5.0,2.0,2.0,5.5,1,1,0,Software Quality Assurance (QA) / Testing,QA & IT Support
PS2_4274,PS2_Benchmark,1.0,8.0,2.0,6.6000000000000005,1,0,1,Software Quality Assurance (QA) / Testing,QA & IT Support
PS2_4275,PS2_Benchmark,6.0,7.0,3.2,8.8,0,0,0,Software Quality Assurance (QA) / Testing,QA & IT Support
PS2_4276,PS2_Benchmark,9.0,5.0,9.2,1.1,1,1,1,Software Quality Assurance (QA) / Testing,QA & IT Support
PS2_4277,PS2_Benchmark,4.0,3.0,4.8,4.4,1,0,1,Software Quality Assurance (QA) / Testing,QA & IT Support
PS2_4278,PS2_Benchmark,5.0,8.0,7.199999999999999,5.5,1,0,1,Software Quality Assurance (QA) / Testing,QA & IT Support
PS2_4279,PS2_Benchmark,8.0,5.0,3.2,7.700000000000001,0,1,1,Software Quality Assurance (QA) / Testing,QA & IT Support
PS2_4280,PS2_Benchmark,8.0,3.0,9.2,3.3000000000000003,0,1,1,Software Quality Assurance (QA) / Testing,QA & IT Support
PS2_4281,PS2_Benchmark,6.0,5.0,5.6,1.1,0,1,0,Software Quality Assurance (QA) / Testing,QA & IT Support
PS2_4282,PS2_Benchmark,4.0,9.0,4.8,5.5,0,0,0,Software Quality Assurance (QA) / Testing,QA & IT Support
PS2_4283,PS2_Benchmark,2.0,9.0,9.2,1.1,0,0,0,Software Quality Assurance (QA) / Testing,QA & IT Support
PS2_4284,PS2_Benchmark,9.0,1.0,2.4,5.5,0,0,0,Software Quality Assurance (QA) / Testing,QA & IT Support
PS2_4285,PS2_Benchmark,8.0,6.0,2.4,4.4,1,0,1,Software Quality Assurance (QA) / Testing,QA & IT Support
PS2_4286,PS2_Benchmark,6.0,4.0,4.4,1.1,0,1,1,Software Quality Assurance (QA) / Testing,QA & IT Support
PS2_4287,PS2_Benchmark,4.0,8.0,9.2,6.6000000000000005,1,0,1,Software Quality Assurance (QA) / Testing,QA & IT Support
PS2_4288,PS2_Benchmark,5.0,8.0,1.2,1.1,1,0,0,Software Quality Assurance (QA) / Testing,QA & IT Support
PS2_4289,PS2_Benchmark,6.0,7.0,4.4,4.4,1,1,1,Software Quality Assurance (QA) / Testing,QA & IT Support
PS2_4290,PS2_Benchmark,7.0,2.0,7.199999999999999,1.1,1,0,0,Software Quality Assurance (QA) / Testing,QA & IT Support
PS2_4291,PS2_Benchmark,9.0,3.0,6.8,2.2,0,1,0,Software Quality Assurance (QA) / Testing,QA & IT Support
PS2_4292,PS2_Benchmark,1.0,6.0,2.0,8.8,0,1,0,Software Quality Assurance (QA) / Testing,QA & IT Support
PS2_4293,PS2_Benchmark,6.0,6.0,8.0,8.8,1,1,1,Software Quality Assurance (QA) / Testing,QA & IT Support
PS2_4294,PS2_Benchmark,6.0,2.0,3.5999999999999996,2.2,1,0,1,Software Quality Assurance (QA) / Testing,QA & IT Support
PS2_4295,PS2_Benchmark,4.0,2.0,9.2,5.5,0,1,1,Software Quality Assurance (QA) / Testing,QA & IT Support
PS2_4296,PS2_Benchmark,3.0,3.0,4.8,9.9,0,1,0,Software Quality Assurance (QA) / Testing,QA & IT Support
PS2_4297,PS2_Benchmark,3.0,7.0,8.0,2.2,0,0,0,Software Quality Assurance (QA) / Testing,QA & IT Support
PS2_4298,PS2_Benchmark,9.0,7.0,2.0,5.5,1,1,0,Software Quality Assurance (QA) / Testing,QA & IT Support
PS2_4299,PS2_Benchmark,8.0,6.0,3.2,6.6000000000000005,0,0,0,Software Quality Assurance (QA) / Testing,QA & IT Support
PS2_4300,PS2_Benchmark,3.0,9.0,8.0,4.4,1,0,1,Software Quality Assurance (QA) / Testing,QA & IT Support
PS2_4301,PS2_Benchmark,7.0,4.0,6.8,7.700000000000001,0,0,0,Software Quality Assurance (QA) / Testing,QA & IT Support
PS2_4302,PS2_Benchmark,3.0,5.0,4.8,6.6000000000000005,1,1,1,Software Quality Assurance (QA) / Testing,QA & IT Support
PS2_4303,PS2_Benchmark,3.0,9.0,3.5999999999999996,2.2,1,1,1,Software Quality Assurance (QA) / Testing,QA & IT Support
PS2_4304,PS2_Benchmark,9.0,4.0,5.6,4.4,1,1,1,Software Quality Assurance (QA) / Testing,QA & IT Support
PS2_4305,PS2_Benchmark,5.0,9.0,9.2,9.9,0,1,1,Software Quality Assurance (QA) / Testing,QA & IT Support
PS2_4306,PS2_Benchmark,2.0,8.0,9.2,9.9,0,0,1,Software Quality Assurance (QA) / Testing,QA & IT Support
PS2_4307,PS2_Benchmark,4.0,2.0,7.199999999999999,8.8,1,0,1,Software Quality Assurance (QA) / Testing,QA & IT Support
PS2_4308,PS2_Benchmark,5.0,9.0,7.199999999999999,8.8,1,0,1,Software Quality Assurance (QA) / Testing,QA & IT Support
PS2_4309,PS2_Benchmark,1.0,9.0,7.199999999999999,6.6000000000000005,1,0,1,Software Quality Assurance (QA) / Testing,QA & IT Support
PS2_4310,PS2_Benchmark,6.0,4.0,9.2,4.4,1,0,0,Software Quality Assurance (QA) / Testing,QA & IT Support
PS2_4311,PS2_Benchmark,9.0,7.0,7.199999999999999,8.8,1,0,0,Software Quality Assurance (QA) / Testing,QA & IT Support
PS2_4312,PS2_Benchmark,1.0,6.0,3.2,8.8,0,0,1,Software Quality Assurance (QA) / Testing,QA & IT Support
PS2_4313,PS2_Benchmark,2.0,7.0,4.8,9.9,1,1,1,Software Quality Assurance (QA) / Testing,QA & IT Support
PS2_4314,PS2_Benchmark,6.0,1.0,2.4,4.4,0,0,1,Software Quality Assurance (QA) / Testing,QA & IT Support
PS2_4315,PS2_Benchmark,2.0,9.0,4.8,5.5,1,1,1,Software Quality Assurance (QA) / Testing,QA & IT Support
PS2_4316,PS2_Benchmark,9.0,2.0,1.2,8.8,1,1,0,Software Quality Assurance (QA) / Testing,QA & IT Support
PS2_4317,PS2_Benchmark,2.0,8.0,6.0,1.1,1,1,1,Software Quality Assurance (QA) / Testing,QA & IT Support
PS2_4318,PS2_Benchmark,6.0,7.0,4.8,8.8,0,0,1,Software Quality Assurance (QA) / Testing,QA & IT Support
PS2_4319,PS2_Benchmark,1.0,3.0,1.2,3.3000000000000003,0,0,1,Software Quality Assurance (QA) / Testing,QA & IT Support
PS2_4320,PS2_Benchmark,3.0,5.0,0.0,1.1,1,0,1,Software Quality Assurance (QA) / Testing,QA & IT Support
PS2_4321,PS2_Benchmark,8.0,9.0,1.2,7.700000000000001,1,1,0,Software Quality Assurance (QA) / Testing,QA & IT Support
PS2_4322,PS2_Benchmark,1.0,4.0,9.2,7.700000000000001,1,0,0,Software Quality Assurance (QA) / Testing,QA & IT Support
PS2_4323,PS2_Benchmark,3.0,2.0,4.8,3.3000000000000003,1,1,1,Software Quality Assurance (QA) / Testing,QA & IT Support
PS2_4324,PS2_Benchmark,2.0,5.0,2.0,8.8,0,0,0,Software Quality Assurance (QA) / Testing,QA & IT Support
PS2_4325,PS2_Benchmark,1.0,6.0,0.0,4.4,0,1,0,Software Quality Assurance (QA) / Testing,QA & IT Support
PS2_4326,PS2_Benchmark,3.0,6.0,6.8,8.8,0,1,0,Software Quality Assurance (QA) / Testing,QA & IT Support
PS2_4327,PS2_Benchmark,2.0,1.0,0.0,5.5,1,0,0,Software Quality Assurance (QA) / Testing,QA & IT Support
PS2_4328,PS2_Benchmark,9.0,5.0,6.0,1.1,1,1,1,Software Quality Assurance (QA) / Testing,QA & IT Support
PS2_4329,PS2_Benchmark,3.0,6.0,1.2,5.5,0,1,1,Software Quality Assurance (QA) / Testing,QA & IT Support
PS2_4330,PS2_Benchmark,6.0,6.0,6.0,1.1,1,1,0,Software Quality Assurance (QA) / Testing,QA & IT Support
PS2_4331,PS2_Benchmark,8.0,4.0,1.2,6.6000000000000005,1,1,0,Software Quality Assurance (QA) / Testing,QA & IT Support
PS2_4332,PS2_Benchmark,1.0,5.0,8.0,4.4,1,1,0,Software Quality Assurance (QA) / Testing,QA & IT Support
PS2_4333,PS2_Benchmark,1.0,4.0,6.8,5.5,0,0,0,Software Quality Assurance (QA) / Testing,QA & IT Support
PS2_4334,PS2_Benchmark,4.0,3.0,7.199999999999999,7.700000000000001,1,0,0,Software Quality Assurance (QA) / Testing,QA & IT Support
PS2_4335,PS2_Benchmark,8.0,2.0,6.8,6.6000000000000005,0,1,1,Software Quality Assurance (QA) / Testing,QA & IT Support
PS2_4336,PS2_Benchmark,1.0,9.0,5.6,2.2,1,1,1,Software Quality Assurance (QA) / Testing,QA & IT Support
PS2_4337,PS2_Benchmark,7.0,3.0,0.0,6.6000000000000005,0,1,0,Software Quality Assurance (QA) / Testing,QA & IT Support
PS2_4338,PS2_Benchmark,7.0,7.0,5.6,1.1,1,0,1,Software Quality Assurance (QA) / Testing,QA & IT Support
PS2_4339,PS2_Benchmark,7.0,3.0,9.2,2.2,0,1,0,Software Quality Assurance (QA) / Testing,QA & IT Support
PS2_4340,PS2_Benchmark,8.0,8.0,6.8,4.4,1,0,0,Software Quality Assurance (QA) / Testing,QA & IT Support
PS2_4341,PS2_Benchmark,8.0,6.0,0.0,7.700000000000001,1,1,1,Software Quality Assurance (QA) / Testing,QA & IT Support
PS2_4342,PS2_Benchmark,7.0,9.0,6.0,1.1,1,1,0,Software Quality Assurance (QA) / Testing,QA & IT Support
PS2_4343,PS2_Benchmark,3.0,3.0,0.0,2.2,0,0,0,Software Quality Assurance (QA) / Testing,QA & IT Support
PS2_4344,PS2_Benchmark,4.0,8.0,7.199999999999999,8.8,0,1,0,Software Quality Assurance (QA) / Testing,QA & IT Support
PS2_4345,PS2_Benchmark,2.0,4.0,4.4,7.700000000000001,1,1,1,Software Quality Assurance (QA) / Testing,QA & IT Support
PS2_4346,PS2_Benchmark,3.0,1.0,7.199999999999999,4.4,0,0,1,Software Quality Assurance (QA) / Testing,QA & IT Support
PS2_4347,PS2_Benchmark,6.0,2.0,1.2,5.5,1,0,0,Software Quality Assurance (QA) / Testing,QA & IT Support
PS2_4348,PS2_Benchmark,5.0,5.0,4.8,3.3000000000000003,0,0,1,Software Quality Assurance (QA) / Testing,QA & IT Support
PS2_4349,PS2_Benchmark,2.0,6.0,5.6,2.2,0,0,1,Software Quality Assurance (QA) / Testing,QA & IT Support
PS2_4350,PS2_Benchmark,7.0,3.0,4.8,1.1,0,0,0,Software Quality Assurance (QA) / Testing,QA & IT Support
PS2_4351,PS2_Benchmark,7.0,5.0,5.6,9.9,1,0,0,Software Quality Assurance (QA) / Testing,QA & IT Support
PS2_4352,PS2_Benchmark,8.0,2.0,0.0,4.4,1,0,1,Software Quality Assurance (QA) / Testing,QA & IT Support
PS2_4353,PS2_Benchmark,1.0,1.0,3.5999999999999996,9.9,1,1,0,Software Quality Assurance (QA) / Testing,QA & IT Support
PS2_4354,PS2_Benchmark,4.0,8.0,3.2,3.3000000000000003,0,1,0,Software Quality Assurance (QA) / Testing,QA & IT Support
PS2_4355,PS2_Benchmark,5.0,8.0,5.6,4.4,1,1,0,Software Quality Assurance (QA) / Testing,QA & IT Support
PS2_4356,PS2_Benchmark,1.0,4.0,5.6,9.9,1,0,0,Software Quality Assurance (QA) / Testing,QA & IT Support
PS2_4357,PS2_Benchmark,2.0,8.0,0.0,3.3000000000000003,0,0,0,Software Quality Assurance (QA) / Testing,QA & IT Support
PS2_4358,PS2_Benchmark,8.0,6.0,1.2,3.3000000000000003,0,0,0,Software Quality Assurance (QA) / Testing,QA & IT Support
PS2_4359,PS2_Benchmark,5.0,1.0,6.0,7.700000000000001,0,0,0,Software Quality Assurance (QA) / Testing,QA & IT Support
PS2_4360,PS2_Benchmark,1.0,2.0,2.4,6.6000000000000005,1,1,1,Software Quality Assurance (QA) / Testing,QA & IT Support
PS2_4361,PS2_Benchmark,6.0,2.0,4.4,4.4,0,1,1,Software Quality Assurance (QA) / Testing,QA & IT Support
PS2_4362,PS2_Benchmark,4.0,6.0,0.0,5.5,0,0,1,Software Quality Assurance (QA) / Testing,QA & IT Support
PS2_4363,PS2_Benchmark,6.0,4.0,3.2,2.2,1,0,1,Software Quality Assurance (QA) / Testing,QA & IT Support
PS2_4364,PS2_Benchmark,2.0,1.0,9.2,7.700000000000001,0,1,1,Software Quality Assurance (QA) / Testing,QA & IT Support
PS2_4365,PS2_Benchmark,9.0,6.0,9.2,4.4,1,0,0,Software Quality Assurance (QA) / Testing,QA & IT Support
PS2_4366,PS2_Benchmark,1.0,6.0,8.0,4.4,1,1,1,Software Quality Assurance (QA) / Testing,QA & IT Support
PS2_4367,PS2_Benchmark,5.0,8.0,7.199999999999999,2.2,1,0,1,Software Quality Assurance (QA) / Testing,QA & IT Support
PS2_4368,PS2_Benchmark,2.0,6.0,2.0,8.8,1,1,0,Software Quality Assurance (QA) / Testing,QA & IT Support
PS2_4369,PS2_Benchmark,2.0,9.0,4.4,7.700000000000001,1,1,1,Software Quality Assurance (QA) / Testing,QA & IT Support
PS2_4370,PS2_Benchmark,5.0,9.0,6.0,7.700000000000001,0,0,0,Software Quality Assurance (QA) / Testing,QA & IT Support
PS2_4371,PS2_Benchmark,7.0,7.0,9.2,5.5,0,1,1,Software Quality Assurance (QA) / Testing,QA & IT Support
PS2_4372,PS2_Benchmark,4.0,4.0,5.6,1.1,0,0,0,Software Quality Assurance (QA) / Testing,QA & IT Support
PS2_4373,PS2_Benchmark,5.0,2.0,4.8,6.6000000000000005,1,0,1,Software Quality Assurance (QA) / Testing,QA & IT Support
PS2_4374,PS2_Benchmark,3.0,5.0,1.2,2.2,1,0,0,Software Quality Assurance (QA) / Testing,QA & IT Support
PS2_4375,PS2_Benchmark,2.0,8.0,2.4,5.5,1,1,1,Software Quality Assurance (QA) / Testing,QA & IT Support
PS2_4376,PS2_Benchmark,4.0,7.0,9.2,9.9,1,0,0,Software Quality Assurance (QA) / Testing,QA & IT Support
PS2_4377,PS2_Benchmark,2.0,4.0,3.2,9.9,1,1,0,Software Quality Assurance (QA) / Testing,QA & IT Support
PS2_4378,PS2_Benchmark,7.0,9.0,4.8,8.8,0,0,0,Software Quality Assurance (QA) / Testing,QA & IT Support
PS2_4379,PS2_Benchmark,4.0,9.0,8.0,5.5,0,1,0,Software Quality Assurance (QA) / Testing,QA & IT Support
PS2_4380,PS2_Benchmark,1.0,7.0,3.5999999999999996,3.3000000000000003,1,0,0,Software Quality Assurance (QA) / Testing,QA & IT Support
PS2_4381,PS2_Benchmark,5.0,3.0,6.8,7.700000000000001,1,0,0,Software Quality Assurance (QA) / Testing,QA & IT Support
PS2_4382,PS2_Benchmark,9.0,7.0,9.2,2.2,1,1,0,Software Quality Assurance (QA) / Testing,QA & IT Support
PS2_4383,PS2_Benchmark,6.0,2.0,2.0,5.5,1,1,0,Software Quality Assurance (QA) / Testing,QA & IT Support
PS2_4384,PS2_Benchmark,5.0,8.0,9.2,4.4,0,0,0,Software Quality Assurance (QA) / Testing,QA & IT Support
PS2_4385,PS2_Benchmark,9.0,8.0,4.8,8.8,0,1,1,Software Quality Assurance (QA) / Testing,QA & IT Support
PS2_4386,PS2_Benchmark,3.0,7.0,3.5999999999999996,3.3000000000000003,0,0,0,Software Quality Assurance (QA) / Testing,QA & IT Support
PS2_4387,PS2_Benchmark,3.0,7.0,6.8,7.700000000000001,0,0,0,Software Quality Assurance (QA) / Testing,QA & IT Support
PS2_4388,PS2_Benchmark,6.0,3.0,3.2,1.1,1,0,1,Software Quality Assurance (QA) / Testing,QA & IT Support
PS2_4389,PS2_Benchmark,6.0,9.0,9.2,9.9,0,1,0,Software Quality Assurance (QA) / Testing,QA & IT Support
PS2_4390,PS2_Benchmark,8.0,4.0,8.0,1.1,1,1,1,Software Quality Assurance (QA) / Testing,QA & IT Support
PS2_4391,PS2_Benchmark,3.0,2.0,7.199999999999999,1.1,0,0,1,Software Quality Assurance (QA) / Testing,QA & IT Support
PS2_4392,PS2_Benchmark,2.0,3.0,0.0,8.8,1,1,0,Software Quality Assurance (QA) / Testing,QA & IT Support
PS2_4393,PS2_Benchmark,2.0,2.0,3.2,9.9,0,0,0,Software Quality Assurance (QA) / Testing,QA & IT Support
PS2_4394,PS2_Benchmark,5.0,3.0,3.5999999999999996,4.4,1,0,0,Software Quality Assurance (QA) / Testing,QA & IT Support
PS2_4395,PS2_Benchmark,4.0,6.0,4.4,3.3000000000000003,1,1,0,Software Quality Assurance (QA) / Testing,QA & IT Support
PS2_4396,PS2_Benchmark,3.0,2.0,4.8,6.6000000000000005,0,1,0,Software Quality Assurance (QA) / Testing,QA & IT Support
PS2_4397,PS2_Benchmark,5.0,5.0,1.2,6.6000000000000005,1,0,1,Software Quality Assurance (QA) / Testing,QA & IT Support
PS2_4398,PS2_Benchmark,6.0,1.0,2.0,9.9,0,0,1,Software Quality Assurance (QA) / Testing,QA & IT Support
PS2_4399,PS2_Benchmark,7.0,2.0,7.199999999999999,8.8,0,1,0,Software Quality Assurance (QA) / Testing,QA & IT Support
PS2_4400,PS2_Benchmark,5.0,6.0,6.0,1.1,0,1,1,Software Quality Assurance (QA) / Testing,QA & IT Support
PS2_4401,PS2_Benchmark,8.0,6.0,4.8,5.5,1,0,1,Software Quality Assurance (QA) / Testing,QA & IT Support
PS2_4402,PS2_Benchmark,5.0,8.0,2.4,4.4,1,0,0,Software Quality Assurance (QA) / Testing,QA & IT Support
PS2_4403,PS2_Benchmark,3.0,2.0,2.0,9.9,1,1,0,Software Quality Assurance (QA) / Testing,QA & IT Support
PS2_4404,PS2_Benchmark,9.0,6.0,2.4,9.9,0,1,1,Software Quality Assurance (QA) / Testing,QA & IT Support
PS2_4405,PS2_Benchmark,2.0,2.0,6.8,2.2,0,1,1,Software Quality Assurance (QA) / Testing,QA & IT Support
PS2_4406,PS2_Benchmark,3.0,4.0,1.2,4.4,0,0,1,Software Quality Assurance (QA) / Testing,QA & IT Support
PS2_4407,PS2_Benchmark,9.0,2.0,0.0,2.2,1,0,1,Software Quality Assurance (QA) / Testing,QA & IT Support
PS2_4408,PS2_Benchmark,7.0,7.0,3.2,9.9,0,0,1,Software Quality Assurance (QA) / Testing,QA & IT Support
PS2_4409,PS2_Benchmark,8.0,2.0,7.199999999999999,7.700000000000001,1,1,1,Software Quality Assurance (QA) / Testing,QA & IT Support
PS2_4410,PS2_Benchmark,7.0,2.0,9.2,1.1,1,0,0,Software Quality Assurance (QA) / Testing,QA & IT Support
PS2_4411,PS2_Benchmark,3.0,2.0,2.4,6.6000000000000005,1,0,0,Software Quality Assurance (QA) / Testing,QA & IT Support
PS2_4412,PS2_Benchmark,7.0,3.0,0.0,4.4,1,1,1,Software Quality Assurance (QA) / Testing,QA & IT Support
PS2_4413,PS2_Benchmark,5.0,6.0,3.5999999999999996,3.3000000000000003,0,1,0,Software Quality Assurance (QA) / Testing,QA & IT Support
PS2_4414,PS2_Benchmark,2.0,3.0,8.0,7.700000000000001,0,1,0,Software Quality Assurance (QA) / Testing,QA & IT Support
PS2_4415,PS2_Benchmark,4.0,7.0,4.4,3.3000000000000003,0,1,0,Software Quality Assurance (QA) / Testing,QA & IT Support
PS2_4416,PS2_Benchmark,8.0,4.0,1.2,9.9,1,1,0,Software Quality Assurance (QA) / Testing,QA & IT Support
PS2_4417,PS2_Benchmark,1.0,5.0,0.0,7.700000000000001,1,0,0,Software Quality Assurance (QA) / Testing,QA & IT Support
PS2_4418,PS2_Benchmark,6.0,9.0,2.0,6.6000000000000005,1,1,0,Software Quality Assurance (QA) / Testing,QA & IT Support
PS2_4419,PS2_Benchmark,9.0,5.0,3.2,2.2,0,0,1,Software Quality Assurance (QA) / Testing,QA & IT Support
PS2_4420,PS2_Benchmark,5.0,2.0,1.2,8.8,0,1,1,Software Quality Assurance (QA) / Testing,QA & IT Support
PS2_4421,PS2_Benchmark,9.0,6.0,4.8,7.700000000000001,0,0,1,Software Quality Assurance (QA) / Testing,QA & IT Support
PS2_4422,PS2_Benchmark,2.0,5.0,4.8,8.8,1,0,1,Software Quality Assurance (QA) / Testing,QA & IT Support
PS2_4423,PS2_Benchmark,5.0,5.0,5.6,5.5,0,0,1,Software Quality Assurance (QA) / Testing,QA & IT Support
PS2_4424,PS2_Benchmark,2.0,8.0,4.8,7.700000000000001,1,1,1,Software Quality Assurance (QA) / Testing,QA & IT Support
PS2_4425,PS2_Benchmark,1.0,3.0,9.2,4.4,1,1,1,Software Quality Assurance (QA) / Testing,QA & IT Support
PS2_4426,PS2_Benchmark,2.0,5.0,5.6,3.3000000000000003,0,0,1,Software Quality Assurance (QA) / Testing,QA & IT Support
PS2_4427,PS2_Benchmark,8.0,6.0,6.0,9.9,1,0,0,Software Quality Assurance (QA) / Testing,QA & IT Support
PS2_4428,PS2_Benchmark,9.0,2.0,6.8,8.8,0,0,0,Software Quality Assurance (QA) / Testing,QA & IT Support
PS2_4429,PS2_Benchmark,5.0,5.0,3.5999999999999996,7.700000000000001,0,0,0,Software Quality Assurance (QA) / Testing,QA & IT Support
PS2_4430,PS2_Benchmark,2.0,8.0,8.0,3.3000000000000003,1,0,0,Software Quality Assurance (QA) / Testing,QA & IT Support
PS2_4431,PS2_Benchmark,3.0,4.0,9.2,7.700000000000001,0,0,0,Software Quality Assurance (QA) / Testing,QA & IT Support
PS2_4432,PS2_Benchmark,6.0,5.0,3.2,8.8,0,0,1,Software Quality Assurance (QA) / Testing,QA & IT Support
PS2_4433,PS2_Benchmark,2.0,2.0,4.8,1.1,1,1,1,Software Quality Assurance (QA) / Testing,QA & IT Support
PS2_4434,PS2_Benchmark,7.0,6.0,8.0,7.700000000000001,0,1,1,Software Quality Assurance (QA) / Testing,QA & IT Support
PS2_4435,PS2_Benchmark,3.0,7.0,2.0,1.1,0,0,1,Software Quality Assurance (QA) / Testing,QA & IT Support
PS2_4436,PS2_Benchmark,3.0,2.0,7.199999999999999,6.6000000000000005,1,0,1,Software Quality Assurance (QA) / Testing,QA & IT Support
PS2_4437,PS2_Benchmark,9.0,6.0,5.6,4.4,0,1,0,Software Quality Assurance (QA) / Testing,QA & IT Support
PS2_4438,PS2_Benchmark,6.0,1.0,4.4,3.3000000000000003,0,0,0,Software Quality Assurance (QA) / Testing,QA & IT Support
PS2_4439,PS2_Benchmark,4.0,5.0,3.5999999999999996,7.700000000000001,1,1,1,Software Quality Assurance (QA) / Testing,QA & IT Support
PS2_4440,PS2_Benchmark,4.0,3.0,3.5999999999999996,4.4,0,0,0,Software Quality Assurance (QA) / Testing,QA & IT Support
PS2_4441,PS2_Benchmark,5.0,8.0,2.4,3.3000000000000003,0,0,1,Software Quality Assurance (QA) / Testing,QA & IT Support
PS2_4442,PS2_Benchmark,8.0,7.0,3.5999999999999996,1.1,1,1,1,Software Quality Assurance (QA) / Testing,QA & IT Support
PS2_4443,PS2_Benchmark,9.0,7.0,9.2,3.3000000000000003,0,1,1,Software Quality Assurance (QA) / Testing,QA & IT Support
PS2_4444,PS2_Benchmark,8.0,8.0,6.0,6.6000000000000005,0,0,1,Software Quality Assurance (QA) / Testing,QA & IT Support
PS2_4445,PS2_Benchmark,4.0,1.0,2.0,7.700000000000001,1,0,0,Software Quality Assurance (QA) / Testing,QA & IT Support
PS2_4446,PS2_Benchmark,3.0,5.0,3.5999999999999996,6.6000000000000005,0,0,1,Software Quality Assurance (QA) / Testing,QA & IT Support
PS2_4447,PS2_Benchmark,8.0,1.0,4.8,3.3000000000000003,1,0,1,Software Quality Assurance (QA) / Testing,QA & IT Support
PS2_4448,PS2_Benchmark,6.0,4.0,3.2,9.9,1,0,0,Software Quality Assurance (QA) / Testing,QA & IT Support
PS2_4449,PS2_Benchmark,1.0,6.0,7.199999999999999,7.700000000000001,1,0,0,Software Quality Assurance (QA) / Testing,QA & IT Support
PS2_4450,PS2_Benchmark,4.0,5.0,6.0,9.9,0,1,1,Software Quality Assurance (QA) / Testing,QA & IT Support
PS2_4451,PS2_Benchmark,5.0,7.0,7.199999999999999,3.3000000000000003,0,1,0,Software Quality Assurance (QA) / Testing,QA & IT Support
PS2_4452,PS2_Benchmark,9.0,1.0,5.6,6.6000000000000005,1,1,1,Software Quality Assurance (QA) / Testing,QA & IT Support
PS2_4453,PS2_Benchmark,6.0,9.0,8.0,2.2,0,1,0,Software Quality Assurance (QA) / Testing,QA & IT Support
PS2_4454,PS2_Benchmark,4.0,3.0,2.0,5.5,1,0,1,Software Quality Assurance (QA) / Testing,QA & IT Support
PS2_4455,PS2_Benchmark,6.0,1.0,4.4,4.4,1,0,0,Software Quality Assurance (QA) / Testing,QA & IT Support
PS2_4456,PS2_Benchmark,7.0,4.0,1.2,6.6000000000000005,1,0,1,Software Quality Assurance (QA) / Testing,QA & IT Support
PS2_4457,PS2_Benchmark,4.0,8.0,0.0,9.9,0,0,0,Software Quality Assurance (QA) / Testing,QA & IT Support
PS2_4458,PS2_Benchmark,8.0,6.0,4.4,6.6000000000000005,0,0,1,Software Quality Assurance (QA) / Testing,QA & IT Support
PS2_4459,PS2_Benchmark,5.0,2.0,8.0,6.6000000000000005,1,0,1,Software Quality Assurance (QA) / Testing,QA & IT Support
PS2_4460,PS2_Benchmark,8.0,4.0,6.8,9.9,1,1,0,Software Quality Assurance (QA) / Testing,QA & IT Support
PS2_4461,PS2_Benchmark,3.0,3.0,6.8,1.1,1,1,0,Software Quality Assurance (QA) / Testing,QA & IT Support
PS2_4462,PS2_Benchmark,9.0,3.0,3.2,9.9,1,1,0,Software Quality Assurance (QA) / Testing,QA & IT Support
PS2_4463,PS2_Benchmark,3.0,1.0,2.0,6.6000000000000005,1,1,0,Software Quality Assurance (QA) / Testing,QA & IT Support
PS2_4464,PS2_Benchmark,5.0,4.0,5.6,8.8,0,0,0,Software Quality Assurance (QA) / Testing,QA & IT Support
PS2_4465,PS2_Benchmark,9.0,5.0,7.199999999999999,6.6000000000000005,1,1,0,Software Quality Assurance (QA) / Testing,QA & IT Support
PS2_4466,PS2_Benchmark,8.0,8.0,4.4,4.4,1,1,0,Software Quality Assurance (QA) / Testing,QA & IT Support
PS2_4467,PS2_Benchmark,4.0,7.0,6.0,3.3000000000000003,1,0,0,Software Quality Assurance (QA) / Testing,QA & IT Support
PS2_4468,PS2_Benchmark,6.0,5.0,4.8,5.5,1,0,1,Software Quality Assurance (QA) / Testing,QA & IT Support
PS2_4469,PS2_Benchmark,2.0,9.0,4.8,9.9,0,1,0,Software Quality Assurance (QA) / Testing,QA & IT Support
PS2_4470,PS2_Benchmark,1.0,5.0,0.0,2.2,0,0,1,Software Quality Assurance (QA) / Testing,QA & IT Support
PS2_4471,PS2_Benchmark,2.0,3.0,9.2,8.8,0,0,1,Software Quality Assurance (QA) / Testing,QA & IT Support
PS2_4472,PS2_Benchmark,1.0,3.0,8.0,3.3000000000000003,1,0,0,Software Quality Assurance (QA) / Testing,QA & IT Support
PS2_4473,PS2_Benchmark,1.0,2.0,2.4,3.3000000000000003,1,0,0,Software Quality Assurance (QA) / Testing,QA & IT Support
PS2_4474,PS2_Benchmark,6.0,3.0,0.0,1.1,1,1,1,Software Quality Assurance (QA) / Testing,QA & IT Support
PS2_4475,PS2_Benchmark,1.0,5.0,6.0,7.700000000000001,0,1,0,Software Quality Assurance (QA) / Testing,QA & IT Support
PS2_4476,PS2_Benchmark,1.0,2.0,3.5999999999999996,8.8,0,0,1,Software Quality Assurance (QA) / Testing,QA & IT Support
PS2_4477,PS2_Benchmark,8.0,2.0,2.0,9.9,1,0,0,Software Quality Assurance (QA) / Testing,QA & IT Support
PS2_4478,PS2_Benchmark,7.0,1.0,9.2,7.700000000000001,0,0,0,Software Quality Assurance (QA) / Testing,QA & IT Support
PS2_4479,PS2_Benchmark,5.0,9.0,0.0,6.6000000000000005,0,0,1,Software Quality Assurance (QA) / Testing,QA & IT Support
PS2_4480,PS2_Benchmark,9.0,3.0,0.0,6.6000000000000005,1,1,1,Software Quality Assurance (QA) / Testing,QA & IT Support
PS2_4481,PS2_Benchmark,1.0,4.0,6.8,2.2,0,0,0,Software Quality Assurance (QA) / Testing,QA & IT Support
PS2_4482,PS2_Benchmark,7.0,9.0,3.2,1.1,0,0,0,Software Quality Assurance (QA) / Testing,QA & IT Support
PS2_4483,PS2_Benchmark,1.0,7.0,0.0,4.4,0,0,0,Software Quality Assurance (QA) / Testing,QA & IT Support
PS2_4484,PS2_Benchmark,7.0,3.0,9.2,2.2,0,1,1,Software Quality Assurance (QA) / Testing,QA & IT Support
PS2_4485,PS2_Benchmark,4.0,4.0,8.0,7.700000000000001,0,0,0,Software Quality Assurance (QA) / Testing,QA & IT Support
PS2_4486,PS2_Benchmark,8.0,7.0,6.8,8.8,0,0,0,Software Quality Assurance (QA) / Testing,QA & IT Support
PS2_4487,PS2_Benchmark,4.0,2.0,4.4,4.4,0,0,0,Software Quality Assurance (QA) / Testing,QA & IT Support
PS2_4488,PS2_Benchmark,5.0,5.0,4.8,9.9,0,0,1,Software Quality Assurance (QA) / Testing,QA & IT Support
PS2_4489,PS2_Benchmark,5.0,7.0,5.6,8.8,1,1,1,Software Quality Assurance (QA) / Testing,QA & IT Support
PS2_4490,PS2_Benchmark,3.0,3.0,4.8,3.3000000000000003,0,1,0,Software Quality Assurance (QA) / Testing,QA & IT Support
PS2_4491,PS2_Benchmark,4.0,9.0,1.2,3.3000000000000003,0,0,0,Software Quality Assurance (QA) / Testing,QA & IT Support
PS2_4492,PS2_Benchmark,1.0,5.0,7.199999999999999,4.4,1,1,0,Software Quality Assurance (QA) / Testing,QA & IT Support
PS2_4493,PS2_Benchmark,8.0,2.0,1.2,6.6000000000000005,0,0,0,Software Quality Assurance (QA) / Testing,QA & IT Support
PS2_4494,PS2_Benchmark,4.0,7.0,9.2,9.9,1,0,1,Software Quality Assurance (QA) / Testing,QA & IT Support
PS2_4495,PS2_Benchmark,3.0,6.0,2.4,7.700000000000001,1,1,0,Software Quality Assurance (QA) / Testing,QA & IT Support
PS2_4496,PS2_Benchmark,5.0,4.0,2.0,8.8,1,1,1,Software Quality Assurance (QA) / Testing,QA & IT Support
PS2_4497,PS2_Benchmark,4.0,9.0,6.8,3.3000000000000003,0,0,0,Software Quality Assurance (QA) / Testing,QA & IT Support
PS2_4498,PS2_Benchmark,6.0,8.0,7.199999999999999,5.5,0,0,1,Software Quality Assurance (QA) / Testing,QA & IT Support
PS2_4499,PS2_Benchmark,3.0,7.0,9.2,9.9,1,0,1,Software Quality Assurance (QA) / Testing,QA & IT Support
PS2_4500,PS2_Benchmark,6.0,3.0,9.2,5.5,1,0,0,Software Quality Assurance (QA) / Testing,QA & IT Support
PS2_4501,PS2_Benchmark,9.0,4.0,4.8,4.4,0,0,0,Software Quality Assurance (QA) / Testing,QA & IT Support
PS2_4502,PS2_Benchmark,9.0,4.0,4.8,4.4,1,0,0,Software Quality Assurance (QA) / Testing,QA & IT Support
PS2_4503,PS2_Benchmark,5.0,2.0,2.4,8.8,0,1,0,Software Quality Assurance (QA) / Testing,QA & IT Support
PS2_4504,PS2_Benchmark,8.0,9.0,9.2,8.8,1,1,1,Software Quality Assurance (QA) / Testing,QA & IT Support
PS2_4505,PS2_Benchmark,5.0,6.0,0.0,2.2,0,0,1,Software Quality Assurance (QA) / Testing,QA & IT Support
PS2_4506,PS2_Benchmark,6.0,6.0,6.0,5.5,0,0,0,Software Quality Assurance (QA) / Testing,QA & IT Support
PS2_4507,PS2_Benchmark,1.0,9.0,3.5999999999999996,1.1,1,1,0,Software Quality Assurance (QA) / Testing,QA & IT Support
PS2_4508,PS2_Benchmark,1.0,2.0,2.4,4.4,0,0,1,Software Quality Assurance (QA) / Testing,QA & IT Support
PS2_4509,PS2_Benchmark,4.0,5.0,2.4,3.3000000000000003,1,0,0,Software Quality Assurance (QA) / Testing,QA & IT Support
PS2_4510,PS2_Benchmark,5.0,2.0,3.2,6.6000000000000005,0,0,0,Software Quality Assurance (QA) / Testing,QA & IT Support
PS2_4511,PS2_Benchmark,2.0,6.0,8.0,5.5,0,1,0,Software Quality Assurance (QA) / Testing,QA & IT Support
PS2_4512,PS2_Benchmark,4.0,5.0,5.6,1.1,1,0,0,Software Quality Assurance (QA) / Testing,QA & IT Support
PS2_4513,PS2_Benchmark,6.0,6.0,9.2,4.4,1,0,0,Software Quality Assurance (QA) / Testing,QA & IT Support
PS2_4514,PS2_Benchmark,8.0,6.0,6.0,7.700000000000001,1,1,1,Software Quality Assurance (QA) / Testing,QA & IT Support
PS2_4515,PS2_Benchmark,7.0,9.0,6.8,8.8,0,0,1,Software Quality Assurance (QA) / Testing,QA & IT Support
PS2_4516,PS2_Benchmark,4.0,5.0,4.8,2.2,0,0,1,Software Quality Assurance (QA) / Testing,QA & IT Support
PS2_4517,PS2_Benchmark,3.0,8.0,6.0,3.3000000000000003,0,1,0,Software Quality Assurance (QA) / Testing,QA & IT Support
PS2_4518,PS2_Benchmark,4.0,2.0,8.0,1.1,1,1,1,Software Quality Assurance (QA) / Testing,QA & IT Support
PS2_4519,PS2_Benchmark,2.0,5.0,3.5999999999999996,1.1,1,0,1,Software Quality Assurance (QA) / Testing,QA & IT Support
PS2_4520,PS2_Benchmark,9.0,9.0,2.0,7.700000000000001,1,0,0,Software Quality Assurance (QA) / Testing,QA & IT Support
PS2_4521,PS2_Benchmark,7.0,1.0,6.0,9.9,0,1,0,Software Quality Assurance (QA) / Testing,QA & IT Support
PS2_4522,PS2_Benchmark,8.0,4.0,6.8,2.2,1,1,0,Software Quality Assurance (QA) / Testing,QA & IT Support
PS2_4523,PS2_Benchmark,5.0,5.0,6.0,4.4,1,0,0,Software Quality Assurance (QA) / Testing,QA & IT Support
PS2_4524,PS2_Benchmark,9.0,8.0,2.4,9.9,1,0,1,Software Quality Assurance (QA) / Testing,QA & IT Support
PS2_4525,PS2_Benchmark,2.0,2.0,6.8,7.700000000000001,0,0,1,Software Quality Assurance (QA) / Testing,QA & IT Support
PS2_4526,PS2_Benchmark,5.0,7.0,1.2,3.3000000000000003,1,1,0,Software Quality Assurance (QA) / Testing,QA & IT Support
PS2_4527,PS2_Benchmark,1.0,8.0,3.5999999999999996,6.6000000000000005,0,1,0,Software Quality Assurance (QA) / Testing,QA & IT Support
PS2_4528,PS2_Benchmark,3.0,6.0,2.0,1.1,0,1,0,Software Quality Assurance (QA) / Testing,QA & IT Support
PS2_4529,PS2_Benchmark,8.0,4.0,3.2,4.4,1,0,1,Software Quality Assurance (QA) / Testing,QA & IT Support
PS2_4530,PS2_Benchmark,2.0,9.0,1.2,5.5,1,1,1,Software Quality Assurance (QA) / Testing,QA & IT Support
PS2_4531,PS2_Benchmark,8.0,1.0,5.6,9.9,1,0,1,Software Quality Assurance (QA) / Testing,QA & IT Support
PS2_4532,PS2_Benchmark,9.0,1.0,1.2,9.9,1,0,1,Software Quality Assurance (QA) / Testing,QA & IT Support
PS2_4533,PS2_Benchmark,4.0,2.0,8.0,1.1,0,0,0,Software Quality Assurance (QA) / Testing,QA & IT Support
PS2_4534,PS2_Benchmark,6.0,6.0,4.8,4.4,0,1,0,Software Quality Assurance (QA) / Testing,QA & IT Support
PS2_4535,PS2_Benchmark,2.0,2.0,6.8,1.1,1,1,0,Software Quality Assurance (QA) / Testing,QA & IT Support
PS2_4536,PS2_Benchmark,8.0,5.0,2.0,5.5,1,0,0,Software Quality Assurance (QA) / Testing,QA & IT Support
PS2_4537,PS2_Benchmark,3.0,5.0,2.4,1.1,0,1,0,Software Quality Assurance (QA) / Testing,QA & IT Support
PS2_4538,PS2_Benchmark,3.0,5.0,0.0,5.5,1,0,0,Software Quality Assurance (QA) / Testing,QA & IT Support
PS2_4539,PS2_Benchmark,9.0,4.0,7.199999999999999,8.8,1,0,1,Software Quality Assurance (QA) / Testing,QA & IT Support
PS2_4540,PS2_Benchmark,5.0,9.0,6.8,6.6000000000000005,0,0,1,Software Quality Assurance (QA) / Testing,QA & IT Support
PS2_4541,PS2_Benchmark,8.0,4.0,3.2,8.8,0,1,1,Software Quality Assurance (QA) / Testing,QA & IT Support
PS2_4542,PS2_Benchmark,8.0,2.0,9.2,6.6000000000000005,0,1,0,Software Quality Assurance (QA) / Testing,QA & IT Support
PS2_4543,PS2_Benchmark,2.0,8.0,3.2,4.4,0,1,0,Software Quality Assurance (QA) / Testing,QA & IT Support
PS2_4544,PS2_Benchmark,7.0,6.0,2.4,2.2,1,0,1,Software Quality Assurance (QA) / Testing,QA & IT Support
PS2_4545,PS2_Benchmark,9.0,9.0,4.8,1.1,1,0,1,Software Quality Assurance (QA) / Testing,QA & IT Support
PS2_4546,PS2_Benchmark,2.0,1.0,3.2,7.700000000000001,1,1,1,Software Quality Assurance (QA) / Testing,QA & IT Support
PS2_4547,PS2_Benchmark,6.0,7.0,4.4,7.700000000000001,1,1,0,Software Quality Assurance (QA) / Testing,QA & IT Support
PS2_4548,PS2_Benchmark,6.0,1.0,6.8,9.9,1,1,1,Software Quality Assurance (QA) / Testing,QA & IT Support
PS2_4549,PS2_Benchmark,9.0,9.0,5.6,9.9,0,1,1,Software Quality Assurance (QA) / Testing,QA & IT Support
PS2_4550,PS2_Benchmark,1.0,1.0,5.6,2.2,1,1,1,Software Quality Assurance (QA) / Testing,QA & IT Support
PS2_4551,PS2_Benchmark,4.0,6.0,9.2,9.9,1,0,0,Software Quality Assurance (QA) / Testing,QA & IT Support
PS2_4552,PS2_Benchmark,6.0,5.0,9.2,2.2,1,0,0,Software Quality Assurance (QA) / Testing,QA & IT Support
PS2_4553,PS2_Benchmark,8.0,7.0,3.2,3.3000000000000003,1,1,1,Software Quality Assurance (QA) / Testing,QA & IT Support
PS2_4554,PS2_Benchmark,1.0,6.0,0.0,4.4,0,0,0,Software Quality Assurance (QA) / Testing,QA & IT Support
PS2_4555,PS2_Benchmark,7.0,4.0,8.0,3.3000000000000003,1,0,0,Software Quality Assurance (QA) / Testing,QA & IT Support
PS2_4556,PS2_Benchmark,5.0,9.0,0.0,5.5,0,1,1,Software Quality Assurance (QA) / Testing,QA & IT Support
PS2_4557,PS2_Benchmark,7.0,5.0,6.0,8.8,0,0,1,Software Quality Assurance (QA) / Testing,QA & IT Support
PS2_4558,PS2_Benchmark,5.0,6.0,1.2,4.4,0,0,0,Software Quality Assurance (QA) / Testing,QA & IT Support
PS2_4559,PS2_Benchmark,7.0,4.0,1.2,5.5,0,1,1,Software Quality Assurance (QA) / Testing,QA & IT Support
PS2_4560,PS2_Benchmark,5.0,9.0,2.4,4.4,0,1,1,Software Quality Assurance (QA) / Testing,QA & IT Support
PS2_4561,PS2_Benchmark,2.0,5.0,4.8,6.6000000000000005,1,1,0,Software Quality Assurance (QA) / Testing,QA & IT Support
PS2_4562,PS2_Benchmark,8.0,7.0,3.2,6.6000000000000005,1,0,1,Software Quality Assurance (QA) / Testing,QA & IT Support
PS2_4563,PS2_Benchmark,7.0,7.0,4.8,8.8,0,0,1,Software Quality Assurance (QA) / Testing,QA & IT Support
PS2_4564,PS2_Benchmark,7.0,5.0,4.4,8.8,0,1,0,Software Quality Assurance (QA) / Testing,QA & IT Support
PS2_4565,PS2_Benchmark,9.0,5.0,5.6,5.5,0,1,1,Software Quality Assurance (QA) / Testing,QA & IT Support
PS2_4566,PS2_Benchmark,6.0,8.0,4.4,1.1,1,0,0,Software Quality Assurance (QA) / Testing,QA & IT Support
PS2_4567,PS2_Benchmark,9.0,5.0,7.199999999999999,6.6000000000000005,0,0,1,Software Quality Assurance (QA) / Testing,QA & IT Support
PS2_4568,PS2_Benchmark,8.0,2.0,2.0,5.5,0,1,1,Software Quality Assurance (QA) / Testing,QA & IT Support
PS2_4569,PS2_Benchmark,9.0,2.0,6.0,5.5,0,1,1,Software Quality Assurance (QA) / Testing,QA & IT Support
PS2_4570,PS2_Benchmark,8.0,8.0,1.2,5.5,0,1,1,Software Quality Assurance (QA) / Testing,QA & IT Support
PS2_4571,PS2_Benchmark,3.0,4.0,8.0,8.8,0,1,0,Software Quality Assurance (QA) / Testing,QA & IT Support
PS2_4572,PS2_Benchmark,7.0,8.0,8.0,9.9,0,0,1,Software Quality Assurance (QA) / Testing,QA & IT Support
PS2_4573,PS2_Benchmark,2.0,1.0,2.0,3.3000000000000003,1,1,0,Software Quality Assurance (QA) / Testing,QA & IT Support
PS2_4574,PS2_Benchmark,3.0,1.0,3.5999999999999996,1.1,1,0,1,Software Quality Assurance (QA) / Testing,QA & IT Support
PS2_4575,PS2_Benchmark,9.0,5.0,4.4,6.6000000000000005,1,1,0,Software Quality Assurance (QA) / Testing,QA & IT Support
PS2_4576,PS2_Benchmark,1.0,5.0,5.6,1.1,0,1,0,Software Quality Assurance (QA) / Testing,QA & IT Support
PS2_4577,PS2_Benchmark,1.0,5.0,8.0,3.3000000000000003,0,0,0,Software Quality Assurance (QA) / Testing,QA & IT Support
PS2_4578,PS2_Benchmark,5.0,1.0,1.2,3.3000000000000003,0,1,0,Software Quality Assurance (QA) / Testing,QA & IT Support
PS2_4579,PS2_Benchmark,9.0,4.0,8.0,1.1,0,0,1,Software Quality Assurance (QA) / Testing,QA & IT Support
PS2_4580,PS2_Benchmark,3.0,6.0,2.4,4.4,1,0,1,Software Quality Assurance (QA) / Testing,QA & IT Support
PS2_4581,PS2_Benchmark,8.0,2.0,4.4,6.6000000000000005,1,1,0,Software Quality Assurance (QA) / Testing,QA & IT Support
PS2_4582,PS2_Benchmark,7.0,8.0,6.8,4.4,1,1,1,Software Quality Assurance (QA) / Testing,QA & IT Support
PS2_4583,PS2_Benchmark,4.0,3.0,4.4,9.9,0,1,0,Software Quality Assurance (QA) / Testing,QA & IT Support
PS2_4584,PS2_Benchmark,5.0,7.0,6.0,4.4,1,0,1,Software Quality Assurance (QA) / Testing,QA & IT Support
PS2_4585,PS2_Benchmark,3.0,9.0,6.0,8.8,0,1,0,Software Quality Assurance (QA) / Testing,QA & IT Support
PS2_4586,PS2_Benchmark,7.0,3.0,4.4,6.6000000000000005,1,1,0,Software Quality Assurance (QA) / Testing,QA & IT Support
PS2_4587,PS2_Benchmark,9.0,9.0,9.2,9.9,0,0,1,Software Quality Assurance (QA) / Testing,QA & IT Support
PS2_4588,PS2_Benchmark,7.0,8.0,8.0,6.6000000000000005,0,1,0,Software Quality Assurance (QA) / Testing,QA & IT Support
PS2_4589,PS2_Benchmark,5.0,7.0,1.2,1.1,0,0,0,Software Quality Assurance (QA) / Testing,QA & IT Support
PS2_4590,PS2_Benchmark,6.0,5.0,6.8,2.2,0,1,1,Software Quality Assurance (QA) / Testing,QA & IT Support
PS2_4591,PS2_Benchmark,2.0,5.0,3.2,9.9,1,1,0,Software Quality Assurance (QA) / Testing,QA & IT Support
PS2_4592,PS2_Benchmark,2.0,5.0,3.2,9.9,1,0,0,Software Quality Assurance (QA) / Testing,QA & IT Support
PS2_4593,PS2_Benchmark,7.0,3.0,1.2,6.6000000000000005,1,1,0,Software Quality Assurance (QA) / Testing,QA & IT Support
PS2_4594,PS2_Benchmark,4.0,6.0,2.4,3.3000000000000003,0,1,1,Software Quality Assurance (QA) / Testing,QA & IT Support
PS2_4595,PS2_Benchmark,8.0,9.0,2.4,3.3000000000000003,1,1,0,Software Quality Assurance (QA) / Testing,QA & IT Support
PS2_4596,PS2_Benchmark,1.0,7.0,0.0,9.9,1,0,0,Software Quality Assurance (QA) / Testing,QA & IT Support
PS2_4597,PS2_Benchmark,7.0,8.0,6.0,8.8,0,1,1,Software Quality Assurance (QA) / Testing,QA & IT Support
PS2_4598,PS2_Benchmark,5.0,6.0,5.6,7.700000000000001,1,0,1,Software Quality Assurance (QA) / Testing,QA & IT Support
PS2_4599,PS2_Benchmark,9.0,9.0,6.8,1.1,0,1,1,Software Quality Assurance (QA) / Testing,QA & IT Support
PS2_4600,PS2_Benchmark,4.0,3.0,4.8,5.5,1,0,0,Software Quality Assurance (QA) / Testing,QA & IT Support
PS2_4601,PS2_Benchmark,1.0,7.0,6.8,8.8,0,0,0,Software Quality Assurance (QA) / Testing,QA & IT Support
PS2_4602,PS2_Benchmark,7.0,8.0,1.2,8.8,0,1,1,Software Quality Assurance (QA) / Testing,QA & IT Support
PS2_4603,PS2_Benchmark,7.0,1.0,2.4,1.1,0,1,1,Software Quality Assurance (QA) / Testing,QA & IT Support
PS2_4604,PS2_Benchmark,7.0,6.0,0.0,1.1,1,1,1,Software Quality Assurance (QA) / Testing,QA & IT Support
PS2_4605,PS2_Benchmark,7.0,6.0,3.2,3.3000000000000003,0,0,0,Software Quality Assurance (QA) / Testing,QA & IT Support
PS2_4606,PS2_Benchmark,7.0,1.0,4.4,3.3000000000000003,1,1,1,Software Quality Assurance (QA) / Testing,QA & IT Support
PS2_4607,PS2_Benchmark,9.0,6.0,4.4,1.1,0,0,0,Software Quality Assurance (QA) / Testing,QA & IT Support
PS2_4608,PS2_Benchmark,9.0,4.0,7.199999999999999,2.2,1,0,1,Software Quality Assurance (QA) / Testing,QA & IT Support
PS2_4609,PS2_Benchmark,1.0,2.0,2.0,8.8,0,1,0,Software Quality Assurance (QA) / Testing,QA & IT Support
PS2_4610,PS2_Benchmark,5.0,2.0,0.0,8.8,0,1,0,Software Quality Assurance (QA) / Testing,QA & IT Support
PS2_4611,PS2_Benchmark,3.0,7.0,6.8,5.5,0,1,1,Software Quality Assurance (QA) / Testing,QA & IT Support
PS2_4612,PS2_Benchmark,6.0,5.0,3.2,6.6000000000000005,0,1,1,Software Quality Assurance (QA) / Testing,QA & IT Support
PS2_4613,PS2_Benchmark,4.0,8.0,6.0,8.8,1,1,1,Software Quality Assurance (QA) / Testing,QA & IT Support
PS2_4614,PS2_Benchmark,3.0,1.0,8.0,6.6000000000000005,1,0,1,Software Quality Assurance (QA) / Testing,QA & IT Support
PS2_4615,PS2_Benchmark,1.0,9.0,4.8,5.5,0,1,0,Software Quality Assurance (QA) / Testing,QA & IT Support
PS2_4616,PS2_Benchmark,1.0,2.0,1.2,5.5,1,1,0,Systems Security Administrator,Cybersecurity & Cloud
PS2_4617,PS2_Benchmark,7.0,7.0,4.8,5.5,1,0,1,Systems Security Administrator,Cybersecurity & Cloud
PS2_4618,PS2_Benchmark,9.0,6.0,2.0,3.3000000000000003,1,0,1,Systems Security Administrator,Cybersecurity & Cloud
PS2_4619,PS2_Benchmark,8.0,9.0,3.5999999999999996,1.1,0,0,1,Systems Security Administrator,Cybersecurity & Cloud
PS2_4620,PS2_Benchmark,7.0,1.0,8.0,7.700000000000001,0,1,0,Systems Security Administrator,Cybersecurity & Cloud
PS2_4621,PS2_Benchmark,9.0,1.0,2.4,6.6000000000000005,1,0,1,Systems Security Administrator,Cybersecurity & Cloud
PS2_4622,PS2_Benchmark,2.0,7.0,1.2,5.5,0,1,1,Systems Security Administrator,Cybersecurity & Cloud
PS2_4623,PS2_Benchmark,7.0,1.0,6.8,1.1,0,0,1,Systems Security Administrator,Cybersecurity & Cloud
PS2_4624,PS2_Benchmark,6.0,9.0,3.2,4.4,1,1,0,Systems Security Administrator,Cybersecurity & Cloud
PS2_4625,PS2_Benchmark,2.0,2.0,0.0,7.700000000000001,0,1,0,Systems Security Administrator,Cybersecurity & Cloud
PS2_4626,PS2_Benchmark,8.0,2.0,2.0,2.2,1,0,0,Systems Security Administrator,Cybersecurity & Cloud
PS2_4627,PS2_Benchmark,5.0,9.0,5.6,6.6000000000000005,0,0,1,Systems Security Administrator,Cybersecurity & Cloud
PS2_4628,PS2_Benchmark,7.0,4.0,6.8,5.5,1,1,0,Systems Security Administrator,Cybersecurity & Cloud
PS2_4629,PS2_Benchmark,9.0,8.0,9.2,4.4,1,1,0,Systems Security Administrator,Cybersecurity & Cloud
PS2_4630,PS2_Benchmark,9.0,1.0,0.0,6.6000000000000005,0,1,1,Systems Security Administrator,Cybersecurity & Cloud
PS2_4631,PS2_Benchmark,2.0,3.0,8.0,8.8,1,1,1,Systems Security Administrator,Cybersecurity & Cloud
PS2_4632,PS2_Benchmark,4.0,2.0,5.6,4.4,0,1,1,Systems Security Administrator,Cybersecurity & Cloud
PS2_4633,PS2_Benchmark,5.0,6.0,6.0,6.6000000000000005,0,0,0,Systems Security Administrator,Cybersecurity & Cloud
PS2_4634,PS2_Benchmark,8.0,9.0,3.2,5.5,0,1,0,Systems Security Administrator,Cybersecurity & Cloud
PS2_4635,PS2_Benchmark,1.0,1.0,3.5999999999999996,2.2,0,1,1,Systems Security Administrator,Cybersecurity & Cloud
PS2_4636,PS2_Benchmark,4.0,3.0,2.0,3.3000000000000003,0,0,1,Systems Security Administrator,Cybersecurity & Cloud
PS2_4637,PS2_Benchmark,6.0,6.0,6.0,5.5,0,1,0,Systems Security Administrator,Cybersecurity & Cloud
PS2_4638,PS2_Benchmark,1.0,7.0,0.0,3.3000000000000003,0,1,1,Systems Security Administrator,Cybersecurity & Cloud
PS2_4639,PS2_Benchmark,3.0,9.0,6.0,9.9,1,0,1,Systems Security Administrator,Cybersecurity & Cloud
PS2_4640,PS2_Benchmark,7.0,4.0,6.8,1.1,1,1,1,Systems Security Administrator,Cybersecurity & Cloud
PS2_4641,PS2_Benchmark,6.0,4.0,3.5999999999999996,7.700000000000001,0,1,1,Systems Security Administrator,Cybersecurity & Cloud
PS2_4642,PS2_Benchmark,4.0,4.0,8.0,2.2,0,1,0,Systems Security Administrator,Cybersecurity & Cloud
PS2_4643,PS2_Benchmark,3.0,7.0,0.0,7.700000000000001,0,1,0,Systems Security Administrator,Cybersecurity & Cloud
PS2_4644,PS2_Benchmark,6.0,1.0,3.5999999999999996,7.700000000000001,0,0,0,Systems Security Administrator,Cybersecurity & Cloud
PS2_4645,PS2_Benchmark,7.0,3.0,4.4,3.3000000000000003,1,0,0,Systems Security Administrator,Cybersecurity & Cloud
PS2_4646,PS2_Benchmark,2.0,2.0,4.8,2.2,1,0,0,Systems Security Administrator,Cybersecurity & Cloud
PS2_4647,PS2_Benchmark,1.0,1.0,1.2,4.4,1,1,0,Systems Security Administrator,Cybersecurity & Cloud
PS2_4648,PS2_Benchmark,9.0,7.0,3.2,4.4,1,0,1,Systems Security Administrator,Cybersecurity & Cloud
PS2_4649,PS2_Benchmark,3.0,4.0,2.4,7.700000000000001,1,1,1,Systems Security Administrator,Cybersecurity & Cloud
PS2_4650,PS2_Benchmark,4.0,9.0,6.0,9.9,1,1,0,Systems Security Administrator,Cybersecurity & Cloud
PS2_4651,PS2_Benchmark,5.0,8.0,5.6,3.3000000000000003,1,1,1,Systems Security Administrator,Cybersecurity & Cloud
PS2_4652,PS2_Benchmark,7.0,5.0,6.0,7.700000000000001,0,0,0,Systems Security Administrator,Cybersecurity & Cloud
PS2_4653,PS2_Benchmark,2.0,6.0,4.4,7.700000000000001,1,1,0,Systems Security Administrator,Cybersecurity & Cloud
PS2_4654,PS2_Benchmark,3.0,4.0,9.2,1.1,0,1,1,Systems Security Administrator,Cybersecurity & Cloud
PS2_4655,PS2_Benchmark,8.0,4.0,2.4,1.1,0,1,1,Systems Security Administrator,Cybersecurity & Cloud
PS2_4656,PS2_Benchmark,3.0,5.0,2.0,1.1,0,0,1,Systems Security Administrator,Cybersecurity & Cloud
PS2_4657,PS2_Benchmark,5.0,1.0,9.2,3.3000000000000003,1,1,1,Systems Security Administrator,Cybersecurity & Cloud
PS2_4658,PS2_Benchmark,1.0,8.0,3.5999999999999996,7.700000000000001,0,1,0,Systems Security Administrator,Cybersecurity & Cloud
PS2_4659,PS2_Benchmark,3.0,2.0,5.6,4.4,1,0,0,Systems Security Administrator,Cybersecurity & Cloud
PS2_4660,PS2_Benchmark,6.0,2.0,2.0,4.4,1,1,0,Systems Security Administrator,Cybersecurity & Cloud
PS2_4661,PS2_Benchmark,6.0,2.0,8.0,9.9,1,1,1,Systems Security Administrator,Cybersecurity & Cloud
PS2_4662,PS2_Benchmark,5.0,6.0,4.4,7.700000000000001,1,0,0,Systems Security Administrator,Cybersecurity & Cloud
PS2_4663,PS2_Benchmark,7.0,3.0,2.4,6.6000000000000005,1,0,1,Systems Security Administrator,Cybersecurity & Cloud
PS2_4664,PS2_Benchmark,7.0,2.0,6.8,2.2,0,1,1,Systems Security Administrator,Cybersecurity & Cloud
PS2_4665,PS2_Benchmark,7.0,8.0,8.0,3.3000000000000003,0,1,0,Systems Security Administrator,Cybersecurity & Cloud
PS2_4666,PS2_Benchmark,5.0,6.0,7.199999999999999,2.2,0,1,0,Systems Security Administrator,Cybersecurity & Cloud
PS2_4667,PS2_Benchmark,7.0,6.0,2.0,6.6000000000000005,0,1,1,Systems Security Administrator,Cybersecurity & Cloud
PS2_4668,PS2_Benchmark,6.0,7.0,7.199999999999999,8.8,1,0,0,Systems Security Administrator,Cybersecurity & Cloud
PS2_4669,PS2_Benchmark,4.0,5.0,9.2,9.9,0,1,0,Systems Security Administrator,Cybersecurity & Cloud
PS2_4670,PS2_Benchmark,3.0,2.0,9.2,3.3000000000000003,1,1,1,Systems Security Administrator,Cybersecurity & Cloud
PS2_4671,PS2_Benchmark,9.0,3.0,9.2,5.5,1,1,0,Systems Security Administrator,Cybersecurity & Cloud
PS2_4672,PS2_Benchmark,3.0,5.0,7.199999999999999,7.700000000000001,1,1,1,Systems Security Administrator,Cybersecurity & Cloud
PS2_4673,PS2_Benchmark,1.0,4.0,4.4,6.6000000000000005,0,0,1,Systems Security Administrator,Cybersecurity & Cloud
PS2_4674,PS2_Benchmark,7.0,7.0,4.4,9.9,1,0,1,Systems Security Administrator,Cybersecurity & Cloud
PS2_4675,PS2_Benchmark,7.0,7.0,9.2,4.4,0,1,0,Systems Security Administrator,Cybersecurity & Cloud
PS2_4676,PS2_Benchmark,7.0,8.0,1.2,4.4,0,0,1,Systems Security Administrator,Cybersecurity & Cloud
PS2_4677,PS2_Benchmark,6.0,9.0,2.0,3.3000000000000003,1,0,1,Systems Security Administrator,Cybersecurity & Cloud
PS2_4678,PS2_Benchmark,2.0,2.0,2.4,1.1,1,1,1,Systems Security Administrator,Cybersecurity & Cloud
PS2_4679,PS2_Benchmark,8.0,8.0,4.8,7.700000000000001,0,1,1,Systems Security Administrator,Cybersecurity & Cloud
PS2_4680,PS2_Benchmark,3.0,3.0,1.2,7.700000000000001,1,1,1,Systems Security Administrator,Cybersecurity & Cloud
PS2_4681,PS2_Benchmark,4.0,8.0,7.199999999999999,2.2,0,1,0,Systems Security Administrator,Cybersecurity & Cloud
PS2_4682,PS2_Benchmark,7.0,6.0,5.6,7.700000000000001,0,1,1,Systems Security Administrator,Cybersecurity & Cloud
PS2_4683,PS2_Benchmark,6.0,8.0,7.199999999999999,5.5,1,0,1,Systems Security Administrator,Cybersecurity & Cloud
PS2_4684,PS2_Benchmark,1.0,4.0,0.0,7.700000000000001,0,0,0,Systems Security Administrator,Cybersecurity & Cloud
PS2_4685,PS2_Benchmark,5.0,2.0,6.0,9.9,0,1,1,Systems Security Administrator,Cybersecurity & Cloud
PS2_4686,PS2_Benchmark,3.0,7.0,0.0,7.700000000000001,1,0,0,Systems Security Administrator,Cybersecurity & Cloud
PS2_4687,PS2_Benchmark,8.0,4.0,1.2,2.2,1,1,0,Systems Security Administrator,Cybersecurity & Cloud
PS2_4688,PS2_Benchmark,9.0,4.0,5.6,6.6000000000000005,0,1,0,Systems Security Administrator,Cybersecurity & Cloud
PS2_4689,PS2_Benchmark,3.0,3.0,6.8,1.1,1,0,1,Systems Security Administrator,Cybersecurity & Cloud
PS2_4690,PS2_Benchmark,1.0,9.0,1.2,9.9,1,0,0,Systems Security Administrator,Cybersecurity & Cloud
PS2_4691,PS2_Benchmark,8.0,6.0,8.0,1.1,1,1,0,Systems Security Administrator,Cybersecurity & Cloud
PS2_4692,PS2_Benchmark,6.0,1.0,2.4,4.4,1,0,1,Systems Security Administrator,Cybersecurity & Cloud
PS2_4693,PS2_Benchmark,8.0,5.0,2.4,1.1,0,1,1,Systems Security Administrator,Cybersecurity & Cloud
PS2_4694,PS2_Benchmark,6.0,7.0,9.2,8.8,1,0,1,Systems Security Administrator,Cybersecurity & Cloud
PS2_4695,PS2_Benchmark,2.0,1.0,1.2,1.1,0,0,1,Systems Security Administrator,Cybersecurity & Cloud
PS2_4696,PS2_Benchmark,1.0,7.0,4.4,3.3000000000000003,1,0,1,Systems Security Administrator,Cybersecurity & Cloud
PS2_4697,PS2_Benchmark,9.0,1.0,8.0,7.700000000000001,1,0,1,Systems Security Administrator,Cybersecurity & Cloud
PS2_4698,PS2_Benchmark,5.0,7.0,3.5999999999999996,9.9,0,0,0,Systems Security Administrator,Cybersecurity & Cloud
PS2_4699,PS2_Benchmark,7.0,2.0,3.5999999999999996,7.700000000000001,1,0,1,Systems Security Administrator,Cybersecurity & Cloud
PS2_4700,PS2_Benchmark,6.0,2.0,7.199999999999999,3.3000000000000003,0,1,0,Systems Security Administrator,Cybersecurity & Cloud
PS2_4701,PS2_Benchmark,6.0,7.0,6.0,7.700000000000001,1,1,1,Systems Security Administrator,Cybersecurity & Cloud
PS2_4702,PS2_Benchmark,4.0,5.0,5.6,3.3000000000000003,1,0,1,Systems Security Administrator,Cybersecurity & Cloud
PS2_4703,PS2_Benchmark,6.0,8.0,2.4,7.700000000000001,1,1,1,Systems Security Administrator,Cybersecurity & Cloud
PS2_4704,PS2_Benchmark,4.0,9.0,0.0,4.4,0,1,0,Systems Security Administrator,Cybersecurity & Cloud
PS2_4705,PS2_Benchmark,9.0,2.0,2.0,1.1,1,1,0,Systems Security Administrator,Cybersecurity & Cloud
PS2_4706,PS2_Benchmark,6.0,2.0,5.6,8.8,1,1,0,Systems Security Administrator,Cybersecurity & Cloud
PS2_4707,PS2_Benchmark,5.0,3.0,2.0,8.8,1,0,1,Systems Security Administrator,Cybersecurity & Cloud
PS2_4708,PS2_Benchmark,6.0,9.0,9.2,9.9,1,1,0,Systems Security Administrator,Cybersecurity & Cloud
PS2_4709,PS2_Benchmark,8.0,7.0,6.8,3.3000000000000003,0,0,0,Systems Security Administrator,Cybersecurity & Cloud
PS2_4710,PS2_Benchmark,6.0,4.0,2.4,7.700000000000001,0,1,0,Systems Security Administrator,Cybersecurity & Cloud
PS2_4711,PS2_Benchmark,1.0,7.0,6.0,1.1,0,0,0,Systems Security Administrator,Cybersecurity & Cloud
PS2_4712,PS2_Benchmark,7.0,6.0,4.4,4.4,1,0,1,Systems Security Administrator,Cybersecurity & Cloud
PS2_4713,PS2_Benchmark,2.0,6.0,7.199999999999999,4.4,0,1,0,Systems Security Administrator,Cybersecurity & Cloud
PS2_4714,PS2_Benchmark,5.0,3.0,4.4,4.4,1,1,0,Systems Security Administrator,Cybersecurity & Cloud
PS2_4715,PS2_Benchmark,4.0,3.0,8.0,9.9,1,0,0,Systems Security Administrator,Cybersecurity & Cloud
PS2_4716,PS2_Benchmark,6.0,2.0,9.2,8.8,1,0,0,Systems Security Administrator,Cybersecurity & Cloud
PS2_4717,PS2_Benchmark,8.0,3.0,3.5999999999999996,6.6000000000000005,0,0,1,Systems Security Administrator,Cybersecurity & Cloud
PS2_4718,PS2_Benchmark,6.0,4.0,6.8,4.4,0,0,1,Systems Security Administrator,Cybersecurity & Cloud
PS2_4719,PS2_Benchmark,1.0,3.0,4.4,8.8,0,0,1,Systems Security Administrator,Cybersecurity & Cloud
PS2_4720,PS2_Benchmark,5.0,3.0,3.5999999999999996,4.4,0,1,0,Systems Security Administrator,Cybersecurity & Cloud
PS2_4721,PS2_Benchmark,7.0,5.0,4.4,7.700000000000001,1,0,1,Systems Security Administrator,Cybersecurity & Cloud
PS2_4722,PS2_Benchmark,6.0,7.0,2.4,4.4,0,1,1,Systems Security Administrator,Cybersecurity & Cloud
PS2_4723,PS2_Benchmark,7.0,6.0,4.8,7.700000000000001,0,0,1,Systems Security Administrator,Cybersecurity & Cloud
PS2_4724,PS2_Benchmark,5.0,5.0,1.2,1.1,1,0,0,Systems Security Administrator,Cybersecurity & Cloud
PS2_4725,PS2_Benchmark,1.0,8.0,5.6,4.4,0,0,1,Systems Security Administrator,Cybersecurity & Cloud
PS2_4726,PS2_Benchmark,7.0,6.0,7.199999999999999,5.5,1,0,0,Systems Security Administrator,Cybersecurity & Cloud
PS2_4727,PS2_Benchmark,6.0,1.0,0.0,3.3000000000000003,0,0,1,Systems Security Administrator,Cybersecurity & Cloud
PS2_4728,PS2_Benchmark,5.0,1.0,7.199999999999999,9.9,0,0,1,Systems Security Administrator,Cybersecurity & Cloud
PS2_4729,PS2_Benchmark,2.0,2.0,0.0,2.2,1,0,1,Systems Security Administrator,Cybersecurity & Cloud
PS2_4730,PS2_Benchmark,5.0,2.0,2.0,6.6000000000000005,1,1,1,Systems Security Administrator,Cybersecurity & Cloud
PS2_4731,PS2_Benchmark,1.0,9.0,2.0,2.2,0,0,0,Systems Security Administrator,Cybersecurity & Cloud
PS2_4732,PS2_Benchmark,3.0,5.0,1.2,1.1,1,0,0,Systems Security Administrator,Cybersecurity & Cloud
PS2_4733,PS2_Benchmark,6.0,4.0,4.4,7.700000000000001,0,1,0,Systems Security Administrator,Cybersecurity & Cloud
PS2_4734,PS2_Benchmark,5.0,4.0,2.0,4.4,0,0,1,Systems Security Administrator,Cybersecurity & Cloud
PS2_4735,PS2_Benchmark,9.0,4.0,6.0,8.8,1,1,0,Systems Security Administrator,Cybersecurity & Cloud
PS2_4736,PS2_Benchmark,2.0,8.0,5.6,3.3000000000000003,0,1,1,Systems Security Administrator,Cybersecurity & Cloud
PS2_4737,PS2_Benchmark,2.0,5.0,4.4,8.8,0,0,0,Systems Security Administrator,Cybersecurity & Cloud
PS2_4738,PS2_Benchmark,9.0,5.0,2.4,8.8,0,0,1,Systems Security Administrator,Cybersecurity & Cloud
PS2_4739,PS2_Benchmark,7.0,8.0,4.4,3.3000000000000003,0,1,1,Systems Security Administrator,Cybersecurity & Cloud
PS2_4740,PS2_Benchmark,4.0,4.0,2.4,2.2,0,1,1,Systems Security Administrator,Cybersecurity & Cloud
PS2_4741,PS2_Benchmark,8.0,5.0,1.2,7.700000000000001,0,1,0,Systems Security Administrator,Cybersecurity & Cloud
PS2_4742,PS2_Benchmark,1.0,1.0,3.2,5.5,1,0,0,Systems Security Administrator,Cybersecurity & Cloud
PS2_4743,PS2_Benchmark,6.0,4.0,4.4,8.8,1,0,0,Systems Security Administrator,Cybersecurity & Cloud
PS2_4744,PS2_Benchmark,1.0,4.0,6.8,7.700000000000001,1,1,0,Systems Security Administrator,Cybersecurity & Cloud
PS2_4745,PS2_Benchmark,8.0,9.0,9.2,4.4,0,0,1,Systems Security Administrator,Cybersecurity & Cloud
PS2_4746,PS2_Benchmark,5.0,3.0,1.2,1.1,0,1,1,Systems Security Administrator,Cybersecurity & Cloud
PS2_4747,PS2_Benchmark,6.0,2.0,4.8,3.3000000000000003,1,1,1,Systems Security Administrator,Cybersecurity & Cloud
PS2_4748,PS2_Benchmark,7.0,6.0,2.0,7.700000000000001,0,0,0,Systems Security Administrator,Cybersecurity & Cloud
PS2_4749,PS2_Benchmark,4.0,6.0,3.2,4.4,1,1,1,Systems Security Administrator,Cybersecurity & Cloud
PS2_4750,PS2_Benchmark,5.0,9.0,8.0,7.700000000000001,0,1,1,Systems Security Administrator,Cybersecurity & Cloud
PS2_4751,PS2_Benchmark,2.0,8.0,4.4,3.3000000000000003,0,0,0,Systems Security Administrator,Cybersecurity & Cloud
PS2_4752,PS2_Benchmark,1.0,3.0,1.2,2.2,1,1,1,Systems Security Administrator,Cybersecurity & Cloud
PS2_4753,PS2_Benchmark,6.0,6.0,4.4,6.6000000000000005,0,0,1,Systems Security Administrator,Cybersecurity & Cloud
PS2_4754,PS2_Benchmark,3.0,8.0,1.2,2.2,1,1,0,Systems Security Administrator,Cybersecurity & Cloud
PS2_4755,PS2_Benchmark,1.0,3.0,8.0,3.3000000000000003,0,0,0,Systems Security Administrator,Cybersecurity & Cloud
PS2_4756,PS2_Benchmark,1.0,7.0,1.2,6.6000000000000005,0,1,1,Systems Security Administrator,Cybersecurity & Cloud
PS2_4757,PS2_Benchmark,2.0,3.0,6.0,6.6000000000000005,1,1,0,Systems Security Administrator,Cybersecurity & Cloud
PS2_4758,PS2_Benchmark,3.0,1.0,0.0,6.6000000000000005,0,1,1,Systems Security Administrator,Cybersecurity & Cloud
PS2_4759,PS2_Benchmark,9.0,8.0,2.4,9.9,1,0,1,Systems Security Administrator,Cybersecurity & Cloud
PS2_4760,PS2_Benchmark,7.0,3.0,2.0,8.8,1,1,0,Systems Security Administrator,Cybersecurity & Cloud
PS2_4761,PS2_Benchmark,4.0,2.0,4.4,6.6000000000000005,0,1,1,Systems Security Administrator,Cybersecurity & Cloud
PS2_4762,PS2_Benchmark,3.0,6.0,5.6,8.8,1,0,0,Systems Security Administrator,Cybersecurity & Cloud
PS2_4763,PS2_Benchmark,1.0,9.0,9.2,9.9,1,0,1,Systems Security Administrator,Cybersecurity & Cloud
PS2_4764,PS2_Benchmark,3.0,8.0,6.0,8.8,0,0,0,Systems Security Administrator,Cybersecurity & Cloud
PS2_4765,PS2_Benchmark,6.0,8.0,6.0,8.8,0,0,1,Systems Security Administrator,Cybersecurity & Cloud
PS2_4766,PS2_Benchmark,2.0,5.0,3.5999999999999996,9.9,0,0,1,Systems Security Administrator,Cybersecurity & Cloud
PS2_4767,PS2_Benchmark,2.0,4.0,3.5999999999999996,7.700000000000001,0,1,0,Systems Security Administrator,Cybersecurity & Cloud
PS2_4768,PS2_Benchmark,3.0,5.0,8.0,4.4,0,0,0,Systems Security Administrator,Cybersecurity & Cloud
PS2_4769,PS2_Benchmark,7.0,9.0,0.0,8.8,0,1,1,Systems Security Administrator,Cybersecurity & Cloud
PS2_4770,PS2_Benchmark,7.0,4.0,4.8,1.1,1,0,0,Systems Security Administrator,Cybersecurity & Cloud
PS2_4771,PS2_Benchmark,3.0,7.0,2.4,8.8,1,0,0,Systems Security Administrator,Cybersecurity & Cloud
PS2_4772,PS2_Benchmark,6.0,4.0,2.4,5.5,1,0,1,Systems Security Administrator,Cybersecurity & Cloud
PS2_4773,PS2_Benchmark,4.0,5.0,9.2,3.3000000000000003,1,0,0,Systems Security Administrator,Cybersecurity & Cloud
PS2_4774,PS2_Benchmark,3.0,9.0,2.4,7.700000000000001,1,0,1,Systems Security Administrator,Cybersecurity & Cloud
PS2_4775,PS2_Benchmark,8.0,3.0,7.199999999999999,9.9,1,1,0,Systems Security Administrator,Cybersecurity & Cloud
PS2_4776,PS2_Benchmark,5.0,6.0,4.4,1.1,0,1,1,Systems Security Administrator,Cybersecurity & Cloud
PS2_4777,PS2_Benchmark,6.0,7.0,6.0,2.2,0,0,0,Systems Security Administrator,Cybersecurity & Cloud
PS2_4778,PS2_Benchmark,1.0,3.0,3.2,1.1,1,0,0,Systems Security Administrator,Cybersecurity & Cloud
PS2_4779,PS2_Benchmark,8.0,6.0,9.2,1.1,0,0,1,Systems Security Administrator,Cybersecurity & Cloud
PS2_4780,PS2_Benchmark,7.0,4.0,2.4,5.5,1,1,0,Systems Security Administrator,Cybersecurity & Cloud
PS2_4781,PS2_Benchmark,7.0,7.0,4.4,7.700000000000001,0,1,1,Systems Security Administrator,Cybersecurity & Cloud
PS2_4782,PS2_Benchmark,7.0,3.0,2.4,9.9,1,0,0,Systems Security Administrator,Cybersecurity & Cloud
PS2_4783,PS2_Benchmark,9.0,1.0,4.8,8.8,0,0,0,Systems Security Administrator,Cybersecurity & Cloud
PS2_4784,PS2_Benchmark,4.0,7.0,2.0,6.6000000000000005,1,0,1,Systems Security Administrator,Cybersecurity & Cloud
PS2_4785,PS2_Benchmark,4.0,1.0,6.0,2.2,0,1,0,Systems Security Administrator,Cybersecurity & Cloud
PS2_4786,PS2_Benchmark,5.0,7.0,1.2,4.4,1,1,1,Systems Security Administrator,Cybersecurity & Cloud
PS2_4787,PS2_Benchmark,1.0,3.0,1.2,6.6000000000000005,1,1,0,Systems Security Administrator,Cybersecurity & Cloud
PS2_4788,PS2_Benchmark,8.0,1.0,9.2,4.4,0,1,1,Systems Security Administrator,Cybersecurity & Cloud
PS2_4789,PS2_Benchmark,2.0,7.0,3.2,9.9,0,1,1,Systems Security Administrator,Cybersecurity & Cloud
PS2_4790,PS2_Benchmark,2.0,3.0,3.5999999999999996,1.1,0,0,0,Systems Security Administrator,Cybersecurity & Cloud
PS2_4791,PS2_Benchmark,7.0,2.0,2.0,3.3000000000000003,0,0,1,Systems Security Administrator,Cybersecurity & Cloud
PS2_4792,PS2_Benchmark,1.0,1.0,8.0,4.4,1,0,1,Systems Security Administrator,Cybersecurity & Cloud
PS2_4793,PS2_Benchmark,3.0,8.0,2.4,2.2,0,0,1,Systems Security Administrator,Cybersecurity & Cloud
PS2_4794,PS2_Benchmark,7.0,9.0,0.0,6.6000000000000005,0,0,0,Systems Security Administrator,Cybersecurity & Cloud
PS2_4795,PS2_Benchmark,4.0,2.0,4.4,7.700000000000001,1,0,1,Systems Security Administrator,Cybersecurity & Cloud
PS2_4796,PS2_Benchmark,6.0,7.0,3.2,8.8,0,0,1,Systems Security Administrator,Cybersecurity & Cloud
PS2_4797,PS2_Benchmark,4.0,5.0,1.2,7.700000000000001,0,1,1,Systems Security Administrator,Cybersecurity & Cloud
PS2_4798,PS2_Benchmark,8.0,8.0,9.2,9.9,1,1,1,Systems Security Administrator,Cybersecurity & Cloud
PS2_4799,PS2_Benchmark,3.0,8.0,4.4,7.700000000000001,1,0,1,Systems Security Administrator,Cybersecurity & Cloud
PS2_4800,PS2_Benchmark,1.0,5.0,4.8,4.4,1,1,0,Systems Security Administrator,Cybersecurity & Cloud
PS2_4801,PS2_Benchmark,7.0,4.0,3.2,8.8,1,0,0,Systems Security Administrator,Cybersecurity & Cloud
PS2_4802,PS2_Benchmark,3.0,3.0,4.4,4.4,1,0,1,Systems Security Administrator,Cybersecurity & Cloud
PS2_4803,PS2_Benchmark,1.0,1.0,0.0,7.700000000000001,0,0,1,Systems Security Administrator,Cybersecurity & Cloud
PS2_4804,PS2_Benchmark,8.0,4.0,6.0,7.700000000000001,0,0,1,Systems Security Administrator,Cybersecurity & Cloud
PS2_4805,PS2_Benchmark,6.0,4.0,6.8,9.9,1,1,0,Systems Security Administrator,Cybersecurity & Cloud
PS2_4806,PS2_Benchmark,4.0,8.0,9.2,2.2,0,0,0,Systems Security Administrator,Cybersecurity & Cloud
PS2_4807,PS2_Benchmark,8.0,7.0,2.0,3.3000000000000003,1,0,0,Systems Security Administrator,Cybersecurity & Cloud
PS2_4808,PS2_Benchmark,6.0,5.0,1.2,7.700000000000001,1,1,0,Systems Security Administrator,Cybersecurity & Cloud
PS2_4809,PS2_Benchmark,4.0,9.0,7.199999999999999,8.8,0,1,0,Systems Security Administrator,Cybersecurity & Cloud
PS2_4810,PS2_Benchmark,6.0,7.0,2.0,9.9,1,0,1,Systems Security Administrator,Cybersecurity & Cloud
PS2_4811,PS2_Benchmark,8.0,7.0,2.4,6.6000000000000005,1,1,0,Systems Security Administrator,Cybersecurity & Cloud
PS2_4812,PS2_Benchmark,3.0,2.0,0.0,6.6000000000000005,1,1,1,Systems Security Administrator,Cybersecurity & Cloud
PS2_4813,PS2_Benchmark,1.0,5.0,2.4,2.2,1,1,0,Systems Security Administrator,Cybersecurity & Cloud
PS2_4814,PS2_Benchmark,5.0,7.0,6.8,2.2,1,1,1,Systems Security Administrator,Cybersecurity & Cloud
PS2_4815,PS2_Benchmark,4.0,2.0,6.8,9.9,0,1,0,Systems Security Administrator,Cybersecurity & Cloud
PS2_4816,PS2_Benchmark,2.0,5.0,0.0,3.3000000000000003,0,1,1,Systems Security Administrator,Cybersecurity & Cloud
PS2_4817,PS2_Benchmark,8.0,4.0,4.8,9.9,1,1,0,Systems Security Administrator,Cybersecurity & Cloud
PS2_4818,PS2_Benchmark,1.0,4.0,9.2,2.2,1,1,1,Systems Security Administrator,Cybersecurity & Cloud
PS2_4819,PS2_Benchmark,5.0,9.0,1.2,7.700000000000001,0,1,1,Systems Security Administrator,Cybersecurity & Cloud
PS2_4820,PS2_Benchmark,5.0,2.0,1.2,5.5,0,1,0,Systems Security Administrator,Cybersecurity & Cloud
PS2_4821,PS2_Benchmark,1.0,9.0,0.0,4.4,0,1,1,Systems Security Administrator,Cybersecurity & Cloud
PS2_4822,PS2_Benchmark,8.0,7.0,4.4,1.1,0,0,1,Systems Security Administrator,Cybersecurity & Cloud
PS2_4823,PS2_Benchmark,2.0,5.0,0.0,4.4,1,0,0,Systems Security Administrator,Cybersecurity & Cloud
PS2_4824,PS2_Benchmark,8.0,6.0,6.8,5.5,0,1,0,Systems Security Administrator,Cybersecurity & Cloud
PS2_4825,PS2_Benchmark,7.0,2.0,8.0,1.1,0,1,0,Systems Security Administrator,Cybersecurity & Cloud
PS2_4826,PS2_Benchmark,2.0,2.0,6.8,5.5,0,0,0,Systems Security Administrator,Cybersecurity & Cloud
PS2_4827,PS2_Benchmark,5.0,3.0,3.2,7.700000000000001,1,1,0,Systems Security Administrator,Cybersecurity & Cloud
PS2_4828,PS2_Benchmark,1.0,7.0,5.6,9.9,0,0,1,Systems Security Administrator,Cybersecurity & Cloud
PS2_4829,PS2_Benchmark,2.0,3.0,2.0,8.8,1,0,0,Systems Security Administrator,Cybersecurity & Cloud
PS2_4830,PS2_Benchmark,6.0,1.0,4.8,9.9,1,0,0,Systems Security Administrator,Cybersecurity & Cloud
PS2_4831,PS2_Benchmark,2.0,4.0,8.0,2.2,1,0,0,Systems Security Administrator,Cybersecurity & Cloud
PS2_4832,PS2_Benchmark,1.0,8.0,0.0,2.2,1,0,1,Systems Security Administrator,Cybersecurity & Cloud
PS2_4833,PS2_Benchmark,6.0,9.0,6.0,7.700000000000001,0,1,1,Systems Security Administrator,Cybersecurity & Cloud
PS2_4834,PS2_Benchmark,9.0,9.0,9.2,5.5,1,0,1,Systems Security Administrator,Cybersecurity & Cloud
PS2_4835,PS2_Benchmark,5.0,7.0,2.4,3.3000000000000003,0,0,1,Systems Security Administrator,Cybersecurity & Cloud
PS2_4836,PS2_Benchmark,2.0,4.0,1.2,6.6000000000000005,1,1,0,Systems Security Administrator,Cybersecurity & Cloud
PS2_4837,PS2_Benchmark,4.0,6.0,1.2,9.9,0,0,1,Systems Security Administrator,Cybersecurity & Cloud
PS2_4838,PS2_Benchmark,9.0,3.0,2.0,8.8,0,1,1,Systems Security Administrator,Cybersecurity & Cloud
PS2_4839,PS2_Benchmark,7.0,8.0,1.2,4.4,1,1,1,Systems Security Administrator,Cybersecurity & Cloud
PS2_4840,PS2_Benchmark,3.0,1.0,0.0,5.5,0,1,1,Systems Security Administrator,Cybersecurity & Cloud
PS2_4841,PS2_Benchmark,4.0,7.0,2.4,3.3000000000000003,0,1,0,Systems Security Administrator,Cybersecurity & Cloud
PS2_4842,PS2_Benchmark,7.0,9.0,9.2,9.9,1,0,1,Systems Security Administrator,Cybersecurity & Cloud
PS2_4843,PS2_Benchmark,4.0,7.0,4.4,3.3000000000000003,1,1,0,Systems Security Administrator,Cybersecurity & Cloud
PS2_4844,PS2_Benchmark,1.0,9.0,8.0,8.8,0,0,0,Systems Security Administrator,Cybersecurity & Cloud
PS2_4845,PS2_Benchmark,7.0,6.0,3.5999999999999996,5.5,0,1,0,Systems Security Administrator,Cybersecurity & Cloud
PS2_4846,PS2_Benchmark,9.0,9.0,3.2,5.5,1,0,0,Systems Security Administrator,Cybersecurity & Cloud
PS2_4847,PS2_Benchmark,4.0,5.0,8.0,7.700000000000001,0,1,1,Systems Security Administrator,Cybersecurity & Cloud
PS2_4848,PS2_Benchmark,7.0,7.0,6.0,6.6000000000000005,0,1,1,Systems Security Administrator,Cybersecurity & Cloud
PS2_4849,PS2_Benchmark,1.0,4.0,0.0,5.5,0,1,1,Systems Security Administrator,Cybersecurity & Cloud
PS2_4850,PS2_Benchmark,4.0,2.0,1.2,4.4,0,0,0,Systems Security Administrator,Cybersecurity & Cloud
PS2_4851,PS2_Benchmark,2.0,6.0,3.5999999999999996,4.4,1,1,1,Systems Security Administrator,Cybersecurity & Cloud
PS2_4852,PS2_Benchmark,7.0,9.0,4.4,9.9,0,1,0,Systems Security Administrator,Cybersecurity & Cloud
PS2_4853,PS2_Benchmark,7.0,8.0,3.5999999999999996,1.1,0,1,0,Systems Security Administrator,Cybersecurity & Cloud
PS2_4854,PS2_Benchmark,1.0,4.0,7.199999999999999,6.6000000000000005,1,1,1,Systems Security Administrator,Cybersecurity & Cloud
PS2_4855,PS2_Benchmark,6.0,9.0,4.8,8.8,1,1,0,Systems Security Administrator,Cybersecurity & Cloud
PS2_4856,PS2_Benchmark,7.0,3.0,6.0,8.8,1,0,1,Systems Security Administrator,Cybersecurity & Cloud
PS2_4857,PS2_Benchmark,5.0,9.0,8.0,9.9,0,1,1,Systems Security Administrator,Cybersecurity & Cloud
PS2_4858,PS2_Benchmark,9.0,3.0,3.5999999999999996,4.4,1,0,0,Systems Security Administrator,Cybersecurity & Cloud
PS2_4859,PS2_Benchmark,8.0,5.0,3.2,3.3000000000000003,1,0,0,Systems Security Administrator,Cybersecurity & Cloud
PS2_4860,PS2_Benchmark,2.0,8.0,7.199999999999999,2.2,1,0,0,Systems Security Administrator,Cybersecurity & Cloud
PS2_4861,PS2_Benchmark,4.0,8.0,8.0,7.700000000000001,0,0,1,Systems Security Administrator,Cybersecurity & Cloud
PS2_4862,PS2_Benchmark,9.0,2.0,7.199999999999999,6.6000000000000005,0,0,0,Systems Security Administrator,Cybersecurity & Cloud
PS2_4863,PS2_Benchmark,9.0,3.0,2.4,8.8,0,1,0,Systems Security Administrator,Cybersecurity & Cloud
PS2_4864,PS2_Benchmark,5.0,6.0,8.0,7.700000000000001,1,1,1,Systems Security Administrator,Cybersecurity & Cloud
PS2_4865,PS2_Benchmark,3.0,1.0,9.2,1.1,1,0,1,Systems Security Administrator,Cybersecurity & Cloud
PS2_4866,PS2_Benchmark,4.0,5.0,0.0,2.2,1,0,1,Systems Security Administrator,Cybersecurity & Cloud
PS2_4867,PS2_Benchmark,6.0,6.0,2.0,9.9,1,0,0,Systems Security Administrator,Cybersecurity & Cloud
PS2_4868,PS2_Benchmark,2.0,3.0,4.4,2.2,0,0,1,Systems Security Administrator,Cybersecurity & Cloud
PS2_4869,PS2_Benchmark,9.0,8.0,2.0,5.5,1,0,0,Systems Security Administrator,Cybersecurity & Cloud
PS2_4870,PS2_Benchmark,3.0,6.0,6.0,5.5,0,0,0,Systems Security Administrator,Cybersecurity & Cloud
PS2_4871,PS2_Benchmark,6.0,5.0,0.0,4.4,0,0,0,Systems Security Administrator,Cybersecurity & Cloud
PS2_4872,PS2_Benchmark,9.0,7.0,7.199999999999999,7.700000000000001,0,0,1,Systems Security Administrator,Cybersecurity & Cloud
PS2_4873,PS2_Benchmark,7.0,5.0,6.8,1.1,0,1,0,Systems Security Administrator,Cybersecurity & Cloud
PS2_4874,PS2_Benchmark,9.0,8.0,4.8,6.6000000000000005,0,1,1,Systems Security Administrator,Cybersecurity & Cloud
PS2_4875,PS2_Benchmark,3.0,1.0,2.4,9.9,0,0,1,Systems Security Administrator,Cybersecurity & Cloud
PS2_4876,PS2_Benchmark,1.0,8.0,8.0,6.6000000000000005,1,1,0,Systems Security Administrator,Cybersecurity & Cloud
PS2_4877,PS2_Benchmark,6.0,2.0,5.6,5.5,1,0,1,Systems Security Administrator,Cybersecurity & Cloud
PS2_4878,PS2_Benchmark,3.0,7.0,8.0,6.6000000000000005,1,0,0,Systems Security Administrator,Cybersecurity & Cloud
PS2_4879,PS2_Benchmark,9.0,6.0,7.199999999999999,8.8,1,1,1,Systems Security Administrator,Cybersecurity & Cloud
PS2_4880,PS2_Benchmark,2.0,6.0,8.0,5.5,1,0,1,Systems Security Administrator,Cybersecurity & Cloud
PS2_4881,PS2_Benchmark,1.0,7.0,2.0,9.9,0,1,0,Systems Security Administrator,Cybersecurity & Cloud
PS2_4882,PS2_Benchmark,6.0,9.0,2.4,9.9,1,1,0,Systems Security Administrator,Cybersecurity & Cloud
PS2_4883,PS2_Benchmark,3.0,6.0,1.2,7.700000000000001,0,1,0,Systems Security Administrator,Cybersecurity & Cloud
PS2_4884,PS2_Benchmark,9.0,8.0,6.0,7.700000000000001,1,0,1,Systems Security Administrator,Cybersecurity & Cloud
PS2_4885,PS2_Benchmark,6.0,9.0,2.4,7.700000000000001,0,1,0,Systems Security Administrator,Cybersecurity & Cloud
PS2_4886,PS2_Benchmark,4.0,2.0,3.2,1.1,0,1,1,Systems Security Administrator,Cybersecurity & Cloud
PS2_4887,PS2_Benchmark,1.0,6.0,8.0,2.2,0,0,0,Systems Security Administrator,Cybersecurity & Cloud
PS2_4888,PS2_Benchmark,6.0,8.0,2.0,2.2,0,1,1,Systems Security Administrator,Cybersecurity & Cloud
PS2_4889,PS2_Benchmark,9.0,2.0,9.2,9.9,1,1,0,Systems Security Administrator,Cybersecurity & Cloud
PS2_4890,PS2_Benchmark,4.0,6.0,7.199999999999999,7.700000000000001,0,0,1,Systems Security Administrator,Cybersecurity & Cloud
PS2_4891,PS2_Benchmark,8.0,9.0,0.0,1.1,1,1,0,Systems Security Administrator,Cybersecurity & Cloud
PS2_4892,PS2_Benchmark,4.0,8.0,7.199999999999999,3.3000000000000003,1,0,1,Systems Security Administrator,Cybersecurity & Cloud
PS2_4893,PS2_Benchmark,4.0,7.0,0.0,8.8,1,0,0,Systems Security Administrator,Cybersecurity & Cloud
PS2_4894,PS2_Benchmark,6.0,8.0,8.0,5.5,0,1,1,Systems Security Administrator,Cybersecurity & Cloud
PS2_4895,PS2_Benchmark,5.0,2.0,7.199999999999999,4.4,1,0,0,Systems Security Administrator,Cybersecurity & Cloud
PS2_4896,PS2_Benchmark,9.0,2.0,2.4,2.2,1,1,1,Systems Security Administrator,Cybersecurity & Cloud
PS2_4897,PS2_Benchmark,5.0,8.0,6.8,6.6000000000000005,0,0,0,Systems Security Administrator,Cybersecurity & Cloud
PS2_4898,PS2_Benchmark,5.0,1.0,5.6,5.5,1,0,0,Systems Security Administrator,Cybersecurity & Cloud
PS2_4899,PS2_Benchmark,6.0,5.0,0.0,9.9,0,0,1,Systems Security Administrator,Cybersecurity & Cloud
PS2_4900,PS2_Benchmark,6.0,6.0,8.0,2.2,1,0,0,Systems Security Administrator,Cybersecurity & Cloud
PS2_4901,PS2_Benchmark,3.0,9.0,4.8,5.5,0,1,1,Systems Security Administrator,Cybersecurity & Cloud
PS2_4902,PS2_Benchmark,2.0,2.0,4.4,6.6000000000000005,0,0,0,Systems Security Administrator,Cybersecurity & Cloud
PS2_4903,PS2_Benchmark,6.0,1.0,8.0,2.2,1,0,1,Systems Security Administrator,Cybersecurity & Cloud
PS2_4904,PS2_Benchmark,8.0,5.0,1.2,7.700000000000001,0,0,1,Systems Security Administrator,Cybersecurity & Cloud
PS2_4905,PS2_Benchmark,4.0,8.0,2.4,7.700000000000001,0,1,1,Systems Security Administrator,Cybersecurity & Cloud
PS2_4906,PS2_Benchmark,7.0,5.0,7.199999999999999,2.2,1,0,0,Systems Security Administrator,Cybersecurity & Cloud
PS2_4907,PS2_Benchmark,3.0,7.0,1.2,5.5,0,1,0,Systems Security Administrator,Cybersecurity & Cloud
PS2_4908,PS2_Benchmark,1.0,1.0,2.0,8.8,0,1,0,Systems Security Administrator,Cybersecurity & Cloud
PS2_4909,PS2_Benchmark,6.0,3.0,2.4,5.5,1,0,0,Systems Security Administrator,Cybersecurity & Cloud
PS2_4910,PS2_Benchmark,6.0,3.0,0.0,7.700000000000001,1,1,1,Systems Security Administrator,Cybersecurity & Cloud
PS2_4911,PS2_Benchmark,1.0,3.0,3.5999999999999996,7.700000000000001,0,1,1,Systems Security Administrator,Cybersecurity & Cloud
PS2_4912,PS2_Benchmark,6.0,5.0,8.0,4.4,0,1,0,Systems Security Administrator,Cybersecurity & Cloud
PS2_4913,PS2_Benchmark,9.0,7.0,0.0,2.2,1,1,1,Systems Security Administrator,Cybersecurity & Cloud
PS2_4914,PS2_Benchmark,2.0,3.0,5.6,3.3000000000000003,1,1,0,Systems Security Administrator,Cybersecurity & Cloud
PS2_4915,PS2_Benchmark,4.0,1.0,0.0,8.8,0,0,1,Systems Security Administrator,Cybersecurity & Cloud
PS2_4916,PS2_Benchmark,2.0,9.0,4.8,7.700000000000001,0,0,1,Systems Security Administrator,Cybersecurity & Cloud
PS2_4917,PS2_Benchmark,4.0,8.0,6.8,4.4,0,1,1,Systems Security Administrator,Cybersecurity & Cloud
PS2_4918,PS2_Benchmark,3.0,2.0,2.0,2.2,0,1,0,Systems Security Administrator,Cybersecurity & Cloud
PS2_4919,PS2_Benchmark,3.0,2.0,4.4,7.700000000000001,1,1,0,Systems Security Administrator,Cybersecurity & Cloud
PS2_4920,PS2_Benchmark,9.0,9.0,2.4,1.1,0,1,0,Systems Security Administrator,Cybersecurity & Cloud
PS2_4921,PS2_Benchmark,5.0,7.0,1.2,3.3000000000000003,1,0,0,Systems Security Administrator,Cybersecurity & Cloud
PS2_4922,PS2_Benchmark,4.0,2.0,6.8,6.6000000000000005,0,0,1,Systems Security Administrator,Cybersecurity & Cloud
PS2_4923,PS2_Benchmark,2.0,6.0,7.199999999999999,3.3000000000000003,0,1,1,Systems Security Administrator,Cybersecurity & Cloud
PS2_4924,PS2_Benchmark,3.0,1.0,7.199999999999999,2.2,1,1,1,Systems Security Administrator,Cybersecurity & Cloud
PS2_4925,PS2_Benchmark,4.0,4.0,1.2,7.700000000000001,1,1,1,Systems Security Administrator,Cybersecurity & Cloud
PS2_4926,PS2_Benchmark,9.0,6.0,4.4,2.2,1,0,1,Systems Security Administrator,Cybersecurity & Cloud
PS2_4927,PS2_Benchmark,6.0,1.0,6.0,5.5,1,1,0,Systems Security Administrator,Cybersecurity & Cloud
PS2_4928,PS2_Benchmark,8.0,6.0,2.0,8.8,1,1,0,Systems Security Administrator,Cybersecurity & Cloud
PS2_4929,PS2_Benchmark,1.0,2.0,8.0,1.1,1,1,0,Systems Security Administrator,Cybersecurity & Cloud
PS2_4930,PS2_Benchmark,5.0,5.0,1.2,9.9,1,1,0,Systems Security Administrator,Cybersecurity & Cloud
PS2_4931,PS2_Benchmark,6.0,4.0,4.4,7.700000000000001,1,0,0,Systems Security Administrator,Cybersecurity & Cloud
PS2_4932,PS2_Benchmark,8.0,8.0,0.0,9.9,0,0,1,Systems Security Administrator,Cybersecurity & Cloud
PS2_4933,PS2_Benchmark,1.0,8.0,5.6,7.700000000000001,0,0,1,Systems Security Administrator,Cybersecurity & Cloud
PS2_4934,PS2_Benchmark,9.0,8.0,8.0,2.2,1,0,1,Systems Security Administrator,Cybersecurity & Cloud
PS2_4935,PS2_Benchmark,6.0,9.0,4.4,5.5,1,1,0,Systems Security Administrator,Cybersecurity & Cloud
PS2_4936,PS2_Benchmark,7.0,6.0,3.5999999999999996,8.8,1,1,0,Systems Security Administrator,Cybersecurity & Cloud
PS2_4937,PS2_Benchmark,1.0,4.0,6.8,2.2,1,0,0,Systems Security Administrator,Cybersecurity & Cloud
PS2_4938,PS2_Benchmark,8.0,8.0,2.0,5.5,1,1,0,Systems Security Administrator,Cybersecurity & Cloud
PS2_4939,PS2_Benchmark,4.0,1.0,8.0,4.4,0,1,0,Systems Security Administrator,Cybersecurity & Cloud
PS2_4940,PS2_Benchmark,7.0,4.0,4.8,2.2,0,0,1,Systems Security Administrator,Cybersecurity & Cloud
PS2_4941,PS2_Benchmark,5.0,2.0,3.5999999999999996,7.700000000000001,1,0,0,Systems Security Administrator,Cybersecurity & Cloud
PS2_4942,PS2_Benchmark,7.0,9.0,6.0,6.6000000000000005,0,0,0,Systems Security Administrator,Cybersecurity & Cloud
PS2_4943,PS2_Benchmark,6.0,7.0,2.0,4.4,1,0,0,Systems Security Administrator,Cybersecurity & Cloud
PS2_4944,PS2_Benchmark,8.0,3.0,4.4,1.1,1,0,1,Systems Security Administrator,Cybersecurity & Cloud
PS2_4945,PS2_Benchmark,4.0,2.0,2.4,1.1,1,0,1,Systems Security Administrator,Cybersecurity & Cloud
PS2_4946,PS2_Benchmark,8.0,5.0,5.6,8.8,0,0,1,Systems Security Administrator,Cybersecurity & Cloud
PS2_4947,PS2_Benchmark,4.0,1.0,6.8,6.6000000000000005,1,0,1,Systems Security Administrator,Cybersecurity & Cloud
PS2_4948,PS2_Benchmark,2.0,9.0,3.2,2.2,1,0,0,Systems Security Administrator,Cybersecurity & Cloud
PS2_4949,PS2_Benchmark,9.0,4.0,4.8,8.8,0,0,1,Systems Security Administrator,Cybersecurity & Cloud
PS2_4950,PS2_Benchmark,5.0,5.0,6.8,6.6000000000000005,1,1,1,Systems Security Administrator,Cybersecurity & Cloud
PS2_4951,PS2_Benchmark,1.0,6.0,2.4,8.8,1,1,0,Systems Security Administrator,Cybersecurity & Cloud
PS2_4952,PS2_Benchmark,5.0,9.0,3.2,7.700000000000001,0,1,0,Systems Security Administrator,Cybersecurity & Cloud
PS2_4953,PS2_Benchmark,9.0,2.0,2.0,6.6000000000000005,0,0,0,Systems Security Administrator,Cybersecurity & Cloud
PS2_4954,PS2_Benchmark,8.0,1.0,6.8,6.6000000000000005,1,1,0,Systems Security Administrator,Cybersecurity & Cloud
PS2_4955,PS2_Benchmark,3.0,4.0,2.0,8.8,1,0,1,Systems Security Administrator,Cybersecurity & Cloud
PS2_4956,PS2_Benchmark,7.0,3.0,1.2,9.9,1,0,1,Systems Security Administrator,Cybersecurity & Cloud
PS2_4957,PS2_Benchmark,3.0,1.0,2.0,6.6000000000000005,1,0,1,Systems Security Administrator,Cybersecurity & Cloud
PS2_4958,PS2_Benchmark,7.0,9.0,3.2,7.700000000000001,0,0,1,Systems Security Administrator,Cybersecurity & Cloud
PS2_4959,PS2_Benchmark,4.0,8.0,4.8,4.4,0,0,0,Systems Security Administrator,Cybersecurity & Cloud
PS2_4960,PS2_Benchmark,4.0,3.0,2.0,3.3000000000000003,0,1,1,Systems Security Administrator,Cybersecurity & Cloud
PS2_4961,PS2_Benchmark,8.0,6.0,6.8,7.700000000000001,0,1,0,Systems Security Administrator,Cybersecurity & Cloud
PS2_4962,PS2_Benchmark,9.0,6.0,6.0,2.2,0,0,1,Systems Security Administrator,Cybersecurity & Cloud
PS2_4963,PS2_Benchmark,7.0,4.0,6.0,8.8,1,0,0,Systems Security Administrator,Cybersecurity & Cloud
PS2_4964,PS2_Benchmark,4.0,6.0,6.0,7.700000000000001,1,0,0,Systems Security Administrator,Cybersecurity & Cloud
PS2_4965,PS2_Benchmark,2.0,2.0,3.5999999999999996,5.5,0,0,1,Systems Security Administrator,Cybersecurity & Cloud
PS2_4966,PS2_Benchmark,4.0,8.0,6.8,6.6000000000000005,0,0,1,Systems Security Administrator,Cybersecurity & Cloud
PS2_4967,PS2_Benchmark,5.0,1.0,6.0,4.4,0,0,0,Systems Security Administrator,Cybersecurity & Cloud
PS2_4968,PS2_Benchmark,5.0,7.0,3.5999999999999996,8.8,0,0,1,Systems Security Administrator,Cybersecurity & Cloud
PS2_4969,PS2_Benchmark,3.0,4.0,5.6,1.1,1,0,0,Systems Security Administrator,Cybersecurity & Cloud
PS2_4970,PS2_Benchmark,2.0,7.0,6.0,4.4,0,0,0,Systems Security Administrator,Cybersecurity & Cloud
PS2_4971,PS2_Benchmark,8.0,3.0,4.8,5.5,0,1,1,Systems Security Administrator,Cybersecurity & Cloud
PS2_4972,PS2_Benchmark,8.0,2.0,0.0,2.2,1,0,1,Systems Security Administrator,Cybersecurity & Cloud
PS2_4973,PS2_Benchmark,3.0,3.0,3.2,7.700000000000001,0,1,0,Systems Security Administrator,Cybersecurity & Cloud
PS2_4974,PS2_Benchmark,2.0,7.0,3.2,1.1,0,1,0,Systems Security Administrator,Cybersecurity & Cloud
PS2_4975,PS2_Benchmark,3.0,6.0,0.0,7.700000000000001,0,1,1,Systems Security Administrator,Cybersecurity & Cloud
PS2_4976,PS2_Benchmark,7.0,8.0,4.4,9.9,1,1,0,Systems Security Administrator,Cybersecurity & Cloud
PS2_4977,PS2_Benchmark,1.0,9.0,3.2,1.1,1,1,1,Systems Security Administrator,Cybersecurity & Cloud
PS2_4978,PS2_Benchmark,7.0,5.0,4.4,9.9,0,0,0,Systems Security Administrator,Cybersecurity & Cloud
PS2_4979,PS2_Benchmark,4.0,2.0,3.5999999999999996,1.1,0,0,1,Systems Security Administrator,Cybersecurity & Cloud
PS2_4980,PS2_Benchmark,5.0,2.0,4.8,7.700000000000001,0,1,0,Systems Security Administrator,Cybersecurity & Cloud
PS2_4981,PS2_Benchmark,6.0,5.0,8.0,8.8,1,1,1,Systems Security Administrator,Cybersecurity & Cloud
PS2_4982,PS2_Benchmark,1.0,4.0,4.8,3.3000000000000003,1,0,1,Systems Security Administrator,Cybersecurity & Cloud
PS2_4983,PS2_Benchmark,7.0,6.0,1.2,5.5,0,0,0,Systems Security Administrator,Cybersecurity & Cloud
PS2_4984,PS2_Benchmark,8.0,2.0,7.199999999999999,9.9,1,1,0,Systems Security Administrator,Cybersecurity & Cloud
PS2_4985,PS2_Benchmark,1.0,2.0,1.2,5.5,0,1,0,Systems Security Administrator,Cybersecurity & Cloud
PS2_4986,PS2_Benchmark,5.0,5.0,2.4,1.1,0,1,0,Systems Security Administrator,Cybersecurity & Cloud
PS2_4987,PS2_Benchmark,2.0,7.0,3.2,8.8,1,1,1,Systems Security Administrator,Cybersecurity & Cloud
PS2_4988,PS2_Benchmark,6.0,7.0,3.2,6.6000000000000005,1,0,1,Systems Security Administrator,Cybersecurity & Cloud
PS2_4989,PS2_Benchmark,6.0,1.0,2.0,4.4,1,1,1,Systems Security Administrator,Cybersecurity & Cloud
PS2_4990,PS2_Benchmark,5.0,2.0,7.199999999999999,9.9,1,1,1,Systems Security Administrator,Cybersecurity & Cloud
PS2_4991,PS2_Benchmark,4.0,6.0,2.0,3.3000000000000003,0,1,1,Systems Security Administrator,Cybersecurity & Cloud
PS2_4992,PS2_Benchmark,2.0,9.0,4.8,5.5,1,1,0,Systems Security Administrator,Cybersecurity & Cloud
PS2_4993,PS2_Benchmark,6.0,7.0,2.4,3.3000000000000003,1,1,0,Systems Security Administrator,Cybersecurity & Cloud
PS2_4994,PS2_Benchmark,2.0,3.0,2.4,9.9,0,0,1,Systems Security Administrator,Cybersecurity & Cloud
PS2_4995,PS2_Benchmark,1.0,3.0,4.8,7.700000000000001,1,0,1,Systems Security Administrator,Cybersecurity & Cloud
PS2_4996,PS2_Benchmark,2.0,9.0,4.4,2.2,1,1,0,Systems Security Administrator,Cybersecurity & Cloud
PS2_4997,PS2_Benchmark,3.0,5.0,7.199999999999999,9.9,1,0,1,Systems Security Administrator,Cybersecurity & Cloud
PS2_4998,PS2_Benchmark,3.0,2.0,0.0,2.2,0,0,0,Systems Security Administrator,Cybersecurity & Cloud
PS2_4999,PS2_Benchmark,2.0,9.0,3.5999999999999996,5.5,1,0,1,Systems Security Administrator,Cybersecurity & Cloud
PS2_5000,PS2_Benchmark,4.0,4.0,3.5999999999999996,1.1,1,1,0,Systems Security Administrator,Cybersecurity & Cloud
PS2_5001,PS2_Benchmark,3.0,3.0,9.2,5.5,1,0,0,Systems Security Administrator,Cybersecurity & Cloud
PS2_5002,PS2_Benchmark,1.0,5.0,1.2,4.4,0,0,1,Systems Security Administrator,Cybersecurity & Cloud
PS2_5003,PS2_Benchmark,2.0,6.0,2.0,1.1,0,0,0,Systems Security Administrator,Cybersecurity & Cloud
PS2_5004,PS2_Benchmark,8.0,9.0,5.6,8.8,0,1,0,Systems Security Administrator,Cybersecurity & Cloud
PS2_5005,PS2_Benchmark,1.0,4.0,2.0,6.6000000000000005,1,0,0,Systems Security Administrator,Cybersecurity & Cloud
PS2_5006,PS2_Benchmark,3.0,3.0,5.6,8.8,0,1,0,Systems Security Administrator,Cybersecurity & Cloud
PS2_5007,PS2_Benchmark,8.0,6.0,1.2,9.9,0,0,1,Systems Security Administrator,Cybersecurity & Cloud
PS2_5008,PS2_Benchmark,5.0,6.0,3.5999999999999996,9.9,0,1,0,Systems Security Administrator,Cybersecurity & Cloud
PS2_5009,PS2_Benchmark,2.0,6.0,0.0,8.8,1,0,1,Systems Security Administrator,Cybersecurity & Cloud
PS2_5010,PS2_Benchmark,5.0,8.0,6.8,7.700000000000001,1,1,1,Systems Security Administrator,Cybersecurity & Cloud
PS2_5011,PS2_Benchmark,1.0,2.0,3.5999999999999996,3.3000000000000003,0,0,1,Systems Security Administrator,Cybersecurity & Cloud
PS2_5012,PS2_Benchmark,2.0,1.0,3.5999999999999996,9.9,0,1,1,Systems Security Administrator,Cybersecurity & Cloud
PS2_5013,PS2_Benchmark,8.0,4.0,6.0,3.3000000000000003,1,0,0,Systems Security Administrator,Cybersecurity & Cloud
PS2_5014,PS2_Benchmark,6.0,5.0,0.0,1.1,1,1,1,Systems Security Administrator,Cybersecurity & Cloud
PS2_5015,PS2_Benchmark,3.0,8.0,5.6,4.4,1,0,0,Systems Security Administrator,Cybersecurity & Cloud
PS2_5016,PS2_Benchmark,4.0,2.0,6.0,1.1,0,1,0,Systems Security Administrator,Cybersecurity & Cloud
PS2_5017,PS2_Benchmark,2.0,6.0,6.8,5.5,1,0,1,Systems Security Administrator,Cybersecurity & Cloud
PS2_5018,PS2_Benchmark,9.0,7.0,6.0,5.5,0,1,0,Systems Security Administrator,Cybersecurity & Cloud
PS2_5019,PS2_Benchmark,8.0,3.0,7.199999999999999,1.1,0,0,0,Systems Security Administrator,Cybersecurity & Cloud
PS2_5020,PS2_Benchmark,3.0,4.0,6.0,8.8,0,0,1,Systems Security Administrator,Cybersecurity & Cloud
PS2_5021,PS2_Benchmark,1.0,6.0,1.2,2.2,1,0,0,Systems Security Administrator,Cybersecurity & Cloud
PS2_5022,PS2_Benchmark,4.0,6.0,4.4,2.2,1,0,1,Systems Security Administrator,Cybersecurity & Cloud
PS2_5023,PS2_Benchmark,1.0,2.0,4.8,7.700000000000001,0,0,1,Systems Security Administrator,Cybersecurity & Cloud
PS2_5024,PS2_Benchmark,3.0,2.0,1.2,2.2,0,1,1,Systems Security Administrator,Cybersecurity & Cloud
PS2_5025,PS2_Benchmark,5.0,2.0,8.0,6.6000000000000005,1,1,1,Systems Security Administrator,Cybersecurity & Cloud
PS2_5026,PS2_Benchmark,1.0,3.0,2.0,8.8,1,1,0,Systems Security Administrator,Cybersecurity & Cloud
PS2_5027,PS2_Benchmark,5.0,4.0,8.0,7.700000000000001,1,0,0,Systems Security Administrator,Cybersecurity & Cloud
PS2_5028,PS2_Benchmark,9.0,5.0,4.4,1.1,0,0,1,Systems Security Administrator,Cybersecurity & Cloud
PS2_5029,PS2_Benchmark,6.0,6.0,1.2,3.3000000000000003,1,1,1,Systems Security Administrator,Cybersecurity & Cloud
PS2_5030,PS2_Benchmark,1.0,3.0,3.5999999999999996,9.9,0,0,0,Systems Security Administrator,Cybersecurity & Cloud
PS2_5031,PS2_Benchmark,1.0,4.0,4.4,4.4,1,0,0,Systems Security Administrator,Cybersecurity & Cloud
PS2_5032,PS2_Benchmark,2.0,5.0,5.6,5.5,0,0,0,Systems Security Administrator,Cybersecurity & Cloud
PS2_5033,PS2_Benchmark,8.0,6.0,9.2,6.6000000000000005,1,0,1,Systems Security Administrator,Cybersecurity & Cloud
PS2_5034,PS2_Benchmark,3.0,3.0,4.8,6.6000000000000005,1,0,1,Systems Security Administrator,Cybersecurity & Cloud
PS2_5035,PS2_Benchmark,2.0,2.0,7.199999999999999,3.3000000000000003,1,0,1,Systems Security Administrator,Cybersecurity & Cloud
PS2_5036,PS2_Benchmark,6.0,6.0,4.4,1.1,0,1,0,Systems Security Administrator,Cybersecurity & Cloud
PS2_5037,PS2_Benchmark,5.0,1.0,2.4,2.2,1,0,1,Systems Security Administrator,Cybersecurity & Cloud
PS2_5038,PS2_Benchmark,1.0,3.0,1.2,3.3000000000000003,0,1,1,Systems Security Administrator,Cybersecurity & Cloud
PS2_5039,PS2_Benchmark,9.0,5.0,7.199999999999999,7.700000000000001,0,0,0,Systems Security Administrator,Cybersecurity & Cloud
PS2_5040,PS2_Benchmark,3.0,1.0,6.0,9.9,0,0,0,Systems Security Administrator,Cybersecurity & Cloud
PS2_5041,PS2_Benchmark,5.0,3.0,8.0,6.6000000000000005,0,1,0,Systems Security Administrator,Cybersecurity & Cloud
PS2_5042,PS2_Benchmark,7.0,3.0,8.0,2.2,1,0,1,Systems Security Administrator,Cybersecurity & Cloud
PS2_5043,PS2_Benchmark,8.0,1.0,4.4,8.8,0,1,1,Systems Security Administrator,Cybersecurity & Cloud
PS2_5044,PS2_Benchmark,1.0,8.0,6.8,7.700000000000001,1,1,0,Systems Security Administrator,Cybersecurity & Cloud
PS2_5045,PS2_Benchmark,8.0,9.0,1.2,7.700000000000001,1,0,0,Systems Security Administrator,Cybersecurity & Cloud
PS2_5046,PS2_Benchmark,9.0,7.0,6.0,6.6000000000000005,0,0,0,Systems Security Administrator,Cybersecurity & Cloud
PS2_5047,PS2_Benchmark,2.0,4.0,5.6,8.8,0,0,1,Systems Security Administrator,Cybersecurity & Cloud
PS2_5048,PS2_Benchmark,7.0,5.0,1.2,4.4,1,1,1,Systems Security Administrator,Cybersecurity & Cloud
PS2_5049,PS2_Benchmark,1.0,6.0,2.0,5.5,1,0,0,Systems Security Administrator,Cybersecurity & Cloud
PS2_5050,PS2_Benchmark,7.0,9.0,5.6,5.5,1,1,0,Systems Security Administrator,Cybersecurity & Cloud
PS2_5051,PS2_Benchmark,6.0,8.0,3.5999999999999996,8.8,0,1,1,Systems Security Administrator,Cybersecurity & Cloud
PS2_5052,PS2_Benchmark,8.0,9.0,3.5999999999999996,9.9,1,1,1,Systems Security Administrator,Cybersecurity & Cloud
PS2_5053,PS2_Benchmark,4.0,6.0,2.0,7.700000000000001,0,1,1,Systems Security Administrator,Cybersecurity & Cloud
PS2_5054,PS2_Benchmark,5.0,8.0,6.8,2.2,1,0,1,Systems Security Administrator,Cybersecurity & Cloud
PS2_5055,PS2_Benchmark,3.0,3.0,8.0,4.4,0,0,0,Systems Security Administrator,Cybersecurity & Cloud
PS2_5056,PS2_Benchmark,6.0,9.0,7.199999999999999,7.700000000000001,1,0,0,Systems Security Administrator,Cybersecurity & Cloud
PS2_5057,PS2_Benchmark,4.0,4.0,3.5999999999999996,1.1,1,0,0,Systems Security Administrator,Cybersecurity & Cloud
PS2_5058,PS2_Benchmark,4.0,1.0,3.5999999999999996,1.1,0,0,1,Systems Security Administrator,Cybersecurity & Cloud
PS2_5059,PS2_Benchmark,9.0,6.0,2.4,6.6000000000000005,1,1,1,Systems Security Administrator,Cybersecurity & Cloud
PS2_5060,PS2_Benchmark,6.0,4.0,9.2,4.4,1,0,1,Systems Security Administrator,Cybersecurity & Cloud
PS2_5061,PS2_Benchmark,7.0,4.0,3.5999999999999996,7.700000000000001,0,0,1,Systems Security Administrator,Cybersecurity & Cloud
PS2_5062,PS2_Benchmark,3.0,1.0,2.4,4.4,1,1,0,Systems Security Administrator,Cybersecurity & Cloud
PS2_5063,PS2_Benchmark,4.0,1.0,4.4,9.9,0,1,1,Systems Security Administrator,Cybersecurity & Cloud
PS2_5064,PS2_Benchmark,3.0,1.0,9.2,5.5,1,0,0,Systems Security Administrator,Cybersecurity & Cloud
PS2_5065,PS2_Benchmark,3.0,3.0,4.4,4.4,0,0,1,Systems Security Administrator,Cybersecurity & Cloud
PS2_5066,PS2_Benchmark,8.0,2.0,6.8,7.700000000000001,0,1,0,Systems Security Administrator,Cybersecurity & Cloud
PS2_5067,PS2_Benchmark,8.0,9.0,5.6,5.5,0,1,1,Systems Security Administrator,Cybersecurity & Cloud
PS2_5068,PS2_Benchmark,6.0,1.0,5.6,7.700000000000001,1,1,0,Systems Security Administrator,Cybersecurity & Cloud
PS2_5069,PS2_Benchmark,6.0,2.0,6.0,7.700000000000001,1,1,1,Systems Security Administrator,Cybersecurity & Cloud
PS2_5070,PS2_Benchmark,2.0,2.0,8.0,9.9,1,1,1,Systems Security Administrator,Cybersecurity & Cloud
PS2_5071,PS2_Benchmark,4.0,9.0,1.2,4.4,0,1,0,Systems Security Administrator,Cybersecurity & Cloud
PS2_5072,PS2_Benchmark,5.0,1.0,2.4,7.700000000000001,1,1,0,Systems Security Administrator,Cybersecurity & Cloud
PS2_5073,PS2_Benchmark,8.0,2.0,3.2,2.2,0,1,1,Systems Security Administrator,Cybersecurity & Cloud
PS2_5074,PS2_Benchmark,8.0,6.0,3.2,9.9,0,0,0,Systems Security Administrator,Cybersecurity & Cloud
PS2_5075,PS2_Benchmark,2.0,8.0,3.2,5.5,1,1,0,Systems Security Administrator,Cybersecurity & Cloud
PS2_5076,PS2_Benchmark,9.0,5.0,6.0,2.2,0,0,0,Systems Security Administrator,Cybersecurity & Cloud
PS2_5077,PS2_Benchmark,6.0,8.0,4.4,8.8,0,0,1,Systems Security Administrator,Cybersecurity & Cloud
PS2_5078,PS2_Benchmark,3.0,5.0,3.5999999999999996,6.6000000000000005,0,0,0,Systems Security Administrator,Cybersecurity & Cloud
PS2_5079,PS2_Benchmark,7.0,5.0,1.2,6.6000000000000005,0,1,0,Systems Security Administrator,Cybersecurity & Cloud
PS2_5080,PS2_Benchmark,4.0,7.0,9.2,1.1,1,1,0,Systems Security Administrator,Cybersecurity & Cloud
PS2_5081,PS2_Benchmark,3.0,9.0,1.2,1.1,0,1,1,Systems Security Administrator,Cybersecurity & Cloud
PS2_5082,PS2_Benchmark,8.0,8.0,9.2,9.9,0,1,1,Systems Security Administrator,Cybersecurity & Cloud
PS2_5083,PS2_Benchmark,6.0,4.0,2.4,9.9,0,1,1,Systems Security Administrator,Cybersecurity & Cloud
PS2_5084,PS2_Benchmark,3.0,3.0,4.4,4.4,0,1,0,Systems Security Administrator,Cybersecurity & Cloud
PS2_5085,PS2_Benchmark,4.0,6.0,2.4,9.9,1,0,1,Systems Security Administrator,Cybersecurity & Cloud
PS2_5086,PS2_Benchmark,1.0,9.0,7.199999999999999,5.5,1,0,1,Systems Security Administrator,Cybersecurity & Cloud
PS2_5087,PS2_Benchmark,1.0,7.0,7.199999999999999,5.5,0,1,0,Systems Security Administrator,Cybersecurity & Cloud
PS2_5088,PS2_Benchmark,3.0,3.0,9.2,7.700000000000001,1,1,1,Systems Security Administrator,Cybersecurity & Cloud
PS2_5089,PS2_Benchmark,5.0,1.0,5.6,7.700000000000001,1,0,1,Systems Security Administrator,Cybersecurity & Cloud
PS2_5090,PS2_Benchmark,7.0,4.0,5.6,5.5,0,0,0,Systems Security Administrator,Cybersecurity & Cloud
PS2_5091,PS2_Benchmark,4.0,5.0,2.4,7.700000000000001,1,1,1,Systems Security Administrator,Cybersecurity & Cloud
PS2_5092,PS2_Benchmark,2.0,9.0,0.0,4.4,0,0,1,Systems Security Administrator,Cybersecurity & Cloud
PS2_5093,PS2_Benchmark,2.0,6.0,1.2,7.700000000000001,1,1,1,Systems Security Administrator,Cybersecurity & Cloud
PS2_5094,PS2_Benchmark,4.0,8.0,6.8,4.4,0,1,1,Systems Security Administrator,Cybersecurity & Cloud
PS2_5095,PS2_Benchmark,1.0,8.0,0.0,7.700000000000001,0,0,1,Systems Security Administrator,Cybersecurity & Cloud
PS2_5096,PS2_Benchmark,6.0,4.0,8.0,7.700000000000001,1,0,1,Systems Security Administrator,Cybersecurity & Cloud
PS2_5097,PS2_Benchmark,4.0,1.0,2.0,1.1,0,1,1,Systems Security Administrator,Cybersecurity & Cloud
PS2_5098,PS2_Benchmark,5.0,6.0,8.0,1.1,0,0,1,Systems Security Administrator,Cybersecurity & Cloud
PS2_5099,PS2_Benchmark,4.0,2.0,6.0,7.700000000000001,1,0,0,Systems Security Administrator,Cybersecurity & Cloud
PS2_5100,PS2_Benchmark,4.0,4.0,4.8,4.4,0,0,1,Systems Security Administrator,Cybersecurity & Cloud
PS2_5101,PS2_Benchmark,2.0,5.0,5.6,4.4,0,1,0,Systems Security Administrator,Cybersecurity & Cloud
PS2_5102,PS2_Benchmark,2.0,8.0,4.8,1.1,0,0,1,Systems Security Administrator,Cybersecurity & Cloud
PS2_5103,PS2_Benchmark,9.0,8.0,7.199999999999999,5.5,1,1,0,Systems Security Administrator,Cybersecurity & Cloud
PS2_5104,PS2_Benchmark,5.0,8.0,8.0,9.9,1,0,1,Systems Security Administrator,Cybersecurity & Cloud
PS2_5105,PS2_Benchmark,3.0,1.0,8.0,3.3000000000000003,1,0,0,Systems Security Administrator,Cybersecurity & Cloud
PS2_5106,PS2_Benchmark,2.0,9.0,2.0,1.1,0,0,0,Systems Security Administrator,Cybersecurity & Cloud
PS2_5107,PS2_Benchmark,2.0,7.0,2.0,3.3000000000000003,0,0,1,Systems Security Administrator,Cybersecurity & Cloud
PS2_5108,PS2_Benchmark,3.0,8.0,0.0,8.8,1,0,1,Systems Security Administrator,Cybersecurity & Cloud
PS2_5109,PS2_Benchmark,5.0,7.0,0.0,6.6000000000000005,0,0,1,Systems Security Administrator,Cybersecurity & Cloud
PS2_5110,PS2_Benchmark,6.0,9.0,3.2,2.2,0,1,0,Systems Security Administrator,Cybersecurity & Cloud
PS2_5111,PS2_Benchmark,4.0,8.0,3.2,8.8,0,1,0,Systems Security Administrator,Cybersecurity & Cloud
PS2_5112,PS2_Benchmark,4.0,7.0,8.0,2.2,0,1,0,Systems Security Administrator,Cybersecurity & Cloud
PS2_5113,PS2_Benchmark,7.0,9.0,5.6,9.9,0,0,1,Systems Security Administrator,Cybersecurity & Cloud
PS2_5114,PS2_Benchmark,9.0,3.0,4.4,2.2,1,0,0,Systems Security Administrator,Cybersecurity & Cloud
PS2_5115,PS2_Benchmark,7.0,1.0,9.2,3.3000000000000003,0,0,1,Systems Security Administrator,Cybersecurity & Cloud
PS2_5116,PS2_Benchmark,6.0,4.0,9.2,8.8,0,1,1,Systems Security Administrator,Cybersecurity & Cloud
PS2_5117,PS2_Benchmark,3.0,9.0,3.5999999999999996,6.6000000000000005,0,0,1,Systems Security Administrator,Cybersecurity & Cloud
PS2_5118,PS2_Benchmark,1.0,9.0,5.6,7.700000000000001,1,0,0,Systems Security Administrator,Cybersecurity & Cloud
PS2_5119,PS2_Benchmark,2.0,1.0,3.2,4.4,1,1,1,Systems Security Administrator,Cybersecurity & Cloud
PS2_5120,PS2_Benchmark,4.0,6.0,1.2,8.8,0,1,1,Systems Security Administrator,Cybersecurity & Cloud
PS2_5121,PS2_Benchmark,5.0,1.0,8.0,9.9,1,0,0,Systems Security Administrator,Cybersecurity & Cloud
PS2_5122,PS2_Benchmark,1.0,7.0,2.4,7.700000000000001,0,1,1,Systems Security Administrator,Cybersecurity & Cloud
PS2_5123,PS2_Benchmark,6.0,3.0,4.4,7.700000000000001,1,1,1,Systems Security Administrator,Cybersecurity & Cloud
PS2_5124,PS2_Benchmark,7.0,5.0,3.5999999999999996,7.700000000000001,1,0,1,Systems Security Administrator,Cybersecurity & Cloud
PS2_5125,PS2_Benchmark,8.0,1.0,1.2,3.3000000000000003,1,0,0,Systems Security Administrator,Cybersecurity & Cloud
PS2_5126,PS2_Benchmark,5.0,5.0,1.2,2.2,1,0,1,Systems Security Administrator,Cybersecurity & Cloud
PS2_5127,PS2_Benchmark,6.0,8.0,5.6,1.1,0,0,0,Systems Security Administrator,Cybersecurity & Cloud
PS2_5128,PS2_Benchmark,9.0,3.0,0.0,3.3000000000000003,1,0,0,Systems Security Administrator,Cybersecurity & Cloud
PS2_5129,PS2_Benchmark,7.0,4.0,3.2,3.3000000000000003,1,0,1,Systems Security Administrator,Cybersecurity & Cloud
PS2_5130,PS2_Benchmark,4.0,3.0,9.2,2.2,1,0,0,Systems Security Administrator,Cybersecurity & Cloud
PS2_5131,PS2_Benchmark,4.0,1.0,0.0,5.5,0,1,1,Systems Security Administrator,Cybersecurity & Cloud
PS2_5132,PS2_Benchmark,9.0,3.0,3.2,9.9,0,1,0,Systems Security Administrator,Cybersecurity & Cloud
PS2_5133,PS2_Benchmark,2.0,6.0,9.2,2.2,1,1,0,Systems Security Administrator,Cybersecurity & Cloud
PS2_5134,PS2_Benchmark,8.0,2.0,6.0,6.6000000000000005,1,0,1,Systems Security Administrator,Cybersecurity & Cloud
PS2_5135,PS2_Benchmark,5.0,5.0,4.4,4.4,0,1,1,Systems Security Administrator,Cybersecurity & Cloud
PS2_5136,PS2_Benchmark,8.0,5.0,3.2,1.1,1,1,0,Systems Security Administrator,Cybersecurity & Cloud
PS2_5137,PS2_Benchmark,9.0,7.0,3.2,2.2,0,1,0,Systems Security Administrator,Cybersecurity & Cloud
PS2_5138,PS2_Benchmark,2.0,9.0,7.199999999999999,1.1,0,1,1,Systems Security Administrator,Cybersecurity & Cloud
PS2_5139,PS2_Benchmark,4.0,7.0,9.2,2.2,1,0,1,Systems Security Administrator,Cybersecurity & Cloud
PS2_5140,PS2_Benchmark,4.0,8.0,3.5999999999999996,4.4,1,0,1,Systems Security Administrator,Cybersecurity & Cloud
PS2_5141,PS2_Benchmark,7.0,9.0,4.4,2.2,1,1,0,Systems Security Administrator,Cybersecurity & Cloud
PS2_5142,PS2_Benchmark,8.0,1.0,7.199999999999999,3.3000000000000003,1,1,0,Systems Security Administrator,Cybersecurity & Cloud
PS2_5143,PS2_Benchmark,1.0,4.0,8.0,9.9,1,0,1,Systems Security Administrator,Cybersecurity & Cloud
PS2_5144,PS2_Benchmark,7.0,9.0,4.4,3.3000000000000003,1,0,0,Systems Security Administrator,Cybersecurity & Cloud
PS2_5145,PS2_Benchmark,3.0,5.0,6.8,8.8,0,1,1,Systems Security Administrator,Cybersecurity & Cloud
PS2_5146,PS2_Benchmark,9.0,7.0,8.0,5.5,1,1,0,Systems Security Administrator,Cybersecurity & Cloud
PS2_5147,PS2_Benchmark,8.0,1.0,9.2,7.700000000000001,1,0,0,Systems Security Administrator,Cybersecurity & Cloud
PS2_5148,PS2_Benchmark,4.0,2.0,0.0,1.1,0,1,0,Systems Security Administrator,Cybersecurity & Cloud
PS2_5149,PS2_Benchmark,2.0,1.0,3.5999999999999996,2.2,1,0,1,Systems Security Administrator,Cybersecurity & Cloud
PS2_5150,PS2_Benchmark,9.0,1.0,6.8,5.5,1,0,1,Systems Security Administrator,Cybersecurity & Cloud
PS2_5151,PS2_Benchmark,1.0,4.0,4.8,6.6000000000000005,0,1,1,Systems Security Administrator,Cybersecurity & Cloud
PS2_5152,PS2_Benchmark,8.0,1.0,9.2,8.8,0,0,1,Systems Security Administrator,Cybersecurity & Cloud
PS2_5153,PS2_Benchmark,4.0,8.0,6.0,4.4,0,0,0,Systems Security Administrator,Cybersecurity & Cloud
PS2_5154,PS2_Benchmark,8.0,2.0,7.199999999999999,4.4,0,0,1,Systems Security Administrator,Cybersecurity & Cloud
PS2_5155,PS2_Benchmark,4.0,6.0,4.4,1.1,1,0,1,Systems Security Administrator,Cybersecurity & Cloud
PS2_5156,PS2_Benchmark,2.0,3.0,4.4,5.5,1,0,1,Systems Security Administrator,Cybersecurity & Cloud
PS2_5157,PS2_Benchmark,7.0,2.0,2.4,2.2,1,0,0,Systems Security Administrator,Cybersecurity & Cloud
PS2_5158,PS2_Benchmark,1.0,8.0,8.0,9.9,0,0,0,Systems Security Administrator,Cybersecurity & Cloud
PS2_5159,PS2_Benchmark,2.0,2.0,6.8,2.2,1,0,1,Systems Security Administrator,Cybersecurity & Cloud
PS2_5160,PS2_Benchmark,2.0,5.0,0.0,3.3000000000000003,0,1,0,Systems Security Administrator,Cybersecurity & Cloud
PS2_5161,PS2_Benchmark,1.0,8.0,4.8,2.2,0,1,0,Systems Security Administrator,Cybersecurity & Cloud
PS2_5162,PS2_Benchmark,1.0,8.0,8.0,5.5,1,0,1,Systems Security Administrator,Cybersecurity & Cloud
PS2_5163,PS2_Benchmark,6.0,2.0,2.0,2.2,0,0,1,Systems Security Administrator,Cybersecurity & Cloud
PS2_5164,PS2_Benchmark,9.0,6.0,6.8,3.3000000000000003,1,0,1,Systems Security Administrator,Cybersecurity & Cloud
PS2_5165,PS2_Benchmark,3.0,4.0,2.0,8.8,0,1,1,Systems Security Administrator,Cybersecurity & Cloud
PS2_5166,PS2_Benchmark,8.0,8.0,0.0,3.3000000000000003,0,1,0,Systems Security Administrator,Cybersecurity & Cloud
PS2_5167,PS2_Benchmark,6.0,4.0,1.2,8.8,0,0,1,Systems Security Administrator,Cybersecurity & Cloud
PS2_5168,PS2_Benchmark,1.0,6.0,2.4,8.8,1,0,0,Systems Security Administrator,Cybersecurity & Cloud
PS2_5169,PS2_Benchmark,7.0,9.0,9.2,4.4,0,1,1,Systems Security Administrator,Cybersecurity & Cloud
PS2_5170,PS2_Benchmark,8.0,2.0,7.199999999999999,6.6000000000000005,0,0,0,Systems Security Administrator,Cybersecurity & Cloud
PS2_5171,PS2_Benchmark,2.0,8.0,4.4,9.9,1,0,0,Systems Security Administrator,Cybersecurity & Cloud
PS2_5172,PS2_Benchmark,5.0,8.0,3.5999999999999996,5.5,1,0,1,Systems Security Administrator,Cybersecurity & Cloud
PS2_5173,PS2_Benchmark,2.0,9.0,3.2,9.9,0,1,0,Systems Security Administrator,Cybersecurity & Cloud
PS2_5174,PS2_Benchmark,5.0,5.0,6.0,5.5,0,0,0,Systems Security Administrator,Cybersecurity & Cloud
PS2_5175,PS2_Benchmark,1.0,8.0,0.0,5.5,1,1,1,Systems Security Administrator,Cybersecurity & Cloud
PS2_5176,PS2_Benchmark,7.0,7.0,6.8,9.9,1,1,0,Systems Security Administrator,Cybersecurity & Cloud
PS2_5177,PS2_Benchmark,9.0,6.0,6.8,6.6000000000000005,1,1,1,Systems Security Administrator,Cybersecurity & Cloud
PS2_5178,PS2_Benchmark,9.0,7.0,8.0,6.6000000000000005,1,0,0,Technical Support,QA & IT Support
PS2_5179,PS2_Benchmark,7.0,5.0,6.0,1.1,1,0,1,Technical Support,QA & IT Support
PS2_5180,PS2_Benchmark,3.0,4.0,0.0,3.3000000000000003,0,1,1,Technical Support,QA & IT Support
PS2_5181,PS2_Benchmark,2.0,8.0,4.4,7.700000000000001,0,0,0,Technical Support,QA & IT Support
PS2_5182,PS2_Benchmark,3.0,7.0,2.4,4.4,0,1,0,Technical Support,QA & IT Support
PS2_5183,PS2_Benchmark,6.0,6.0,0.0,3.3000000000000003,0,0,1,Technical Support,QA & IT Support
PS2_5184,PS2_Benchmark,7.0,3.0,6.8,5.5,1,1,1,Technical Support,QA & IT Support
PS2_5185,PS2_Benchmark,8.0,9.0,3.5999999999999996,8.8,1,0,0,Technical Support,QA & IT Support
PS2_5186,PS2_Benchmark,7.0,8.0,3.5999999999999996,7.700000000000001,1,0,1,Technical Support,QA & IT Support
PS2_5187,PS2_Benchmark,8.0,1.0,8.0,2.2,0,0,0,Technical Support,QA & IT Support
PS2_5188,PS2_Benchmark,9.0,4.0,9.2,2.2,0,1,1,Technical Support,QA & IT Support
PS2_5189,PS2_Benchmark,4.0,3.0,6.0,9.9,1,0,0,Technical Support,QA & IT Support
PS2_5190,PS2_Benchmark,3.0,5.0,5.6,8.8,0,1,1,Technical Support,QA & IT Support
PS2_5191,PS2_Benchmark,5.0,5.0,6.0,8.8,0,0,1,Technical Support,QA & IT Support
PS2_5192,PS2_Benchmark,4.0,6.0,9.2,6.6000000000000005,0,1,0,Technical Support,QA & IT Support
PS2_5193,PS2_Benchmark,5.0,6.0,8.0,2.2,1,1,1,Technical Support,QA & IT Support
PS2_5194,PS2_Benchmark,9.0,8.0,6.0,7.700000000000001,0,0,1,Technical Support,QA & IT Support
PS2_5195,PS2_Benchmark,7.0,4.0,7.199999999999999,9.9,1,1,0,Technical Support,QA & IT Support
PS2_5196,PS2_Benchmark,3.0,5.0,4.8,9.9,0,1,0,Technical Support,QA & IT Support
PS2_5197,PS2_Benchmark,4.0,5.0,5.6,3.3000000000000003,1,0,0,Technical Support,QA & IT Support
PS2_5198,PS2_Benchmark,2.0,1.0,0.0,7.700000000000001,0,0,0,Technical Support,QA & IT Support
PS2_5199,PS2_Benchmark,8.0,5.0,4.8,1.1,1,0,0,Technical Support,QA & IT Support
PS2_5200,PS2_Benchmark,8.0,8.0,4.4,5.5,0,1,1,Technical Support,QA & IT Support
PS2_5201,PS2_Benchmark,4.0,9.0,6.0,1.1,0,1,0,Technical Support,QA & IT Support
PS2_5202,PS2_Benchmark,6.0,9.0,6.8,1.1,1,0,1,Technical Support,QA & IT Support
PS2_5203,PS2_Benchmark,5.0,9.0,9.2,9.9,0,1,1,Technical Support,QA & IT Support
PS2_5204,PS2_Benchmark,3.0,7.0,5.6,9.9,1,0,1,Technical Support,QA & IT Support
PS2_5205,PS2_Benchmark,4.0,4.0,0.0,5.5,0,0,1,Technical Support,QA & IT Support
PS2_5206,PS2_Benchmark,9.0,3.0,4.8,5.5,1,1,1,Technical Support,QA & IT Support
PS2_5207,PS2_Benchmark,5.0,1.0,4.8,4.4,1,1,1,Technical Support,QA & IT Support
PS2_5208,PS2_Benchmark,7.0,1.0,4.8,4.4,0,1,0,Technical Support,QA & IT Support
PS2_5209,PS2_Benchmark,7.0,9.0,6.0,5.5,0,1,0,Technical Support,QA & IT Support
PS2_5210,PS2_Benchmark,5.0,8.0,1.2,1.1,0,0,1,Technical Support,QA & IT Support
PS2_5211,PS2_Benchmark,3.0,9.0,8.0,3.3000000000000003,1,1,1,Technical Support,QA & IT Support
PS2_5212,PS2_Benchmark,5.0,7.0,3.2,8.8,0,0,1,Technical Support,QA & IT Support
PS2_5213,PS2_Benchmark,1.0,9.0,2.0,4.4,1,0,0,Technical Support,QA & IT Support
PS2_5214,PS2_Benchmark,7.0,2.0,3.5999999999999996,1.1,0,0,1,Technical Support,QA & IT Support
PS2_5215,PS2_Benchmark,6.0,9.0,9.2,9.9,1,1,0,Technical Support,QA & IT Support
PS2_5216,PS2_Benchmark,5.0,5.0,7.199999999999999,4.4,1,1,0,Technical Support,QA & IT Support
PS2_5217,PS2_Benchmark,9.0,7.0,3.5999999999999996,2.2,1,1,0,Technical Support,QA & IT Support
PS2_5218,PS2_Benchmark,8.0,5.0,4.8,7.700000000000001,1,1,1,Technical Support,QA & IT Support
PS2_5219,PS2_Benchmark,1.0,7.0,0.0,9.9,0,0,1,Technical Support,QA & IT Support
PS2_5220,PS2_Benchmark,2.0,7.0,8.0,3.3000000000000003,1,0,1,Technical Support,QA & IT Support
PS2_5221,PS2_Benchmark,6.0,5.0,2.0,2.2,0,1,0,Technical Support,QA & IT Support
PS2_5222,PS2_Benchmark,3.0,3.0,7.199999999999999,8.8,1,1,0,Technical Support,QA & IT Support
PS2_5223,PS2_Benchmark,7.0,9.0,0.0,9.9,1,1,0,Technical Support,QA & IT Support
PS2_5224,PS2_Benchmark,8.0,5.0,6.0,1.1,1,0,0,Technical Support,QA & IT Support
PS2_5225,PS2_Benchmark,2.0,2.0,8.0,1.1,0,1,1,Technical Support,QA & IT Support
PS2_5226,PS2_Benchmark,9.0,5.0,4.4,3.3000000000000003,1,1,1,Technical Support,QA & IT Support
PS2_5227,PS2_Benchmark,4.0,1.0,9.2,2.2,0,1,0,Technical Support,QA & IT Support
PS2_5228,PS2_Benchmark,4.0,6.0,9.2,7.700000000000001,1,1,1,Technical Support,QA & IT Support
PS2_5229,PS2_Benchmark,7.0,1.0,5.6,8.8,1,1,0,Technical Support,QA & IT Support
PS2_5230,PS2_Benchmark,6.0,9.0,4.8,6.6000000000000005,1,1,1,Technical Support,QA & IT Support
PS2_5231,PS2_Benchmark,3.0,5.0,3.2,4.4,0,1,1,Technical Support,QA & IT Support
PS2_5232,PS2_Benchmark,5.0,9.0,0.0,2.2,0,0,1,Technical Support,QA & IT Support
PS2_5233,PS2_Benchmark,9.0,4.0,4.4,2.2,1,0,1,Technical Support,QA & IT Support
PS2_5234,PS2_Benchmark,5.0,3.0,4.8,3.3000000000000003,1,0,0,Technical Support,QA & IT Support
PS2_5235,PS2_Benchmark,5.0,9.0,4.4,2.2,1,0,1,Technical Support,QA & IT Support
PS2_5236,PS2_Benchmark,6.0,3.0,0.0,3.3000000000000003,0,0,0,Technical Support,QA & IT Support
PS2_5237,PS2_Benchmark,4.0,6.0,4.4,2.2,1,1,0,Technical Support,QA & IT Support
PS2_5238,PS2_Benchmark,7.0,4.0,6.8,4.4,1,1,1,Technical Support,QA & IT Support
PS2_5239,PS2_Benchmark,3.0,9.0,6.8,9.9,0,1,0,Technical Support,QA & IT Support
PS2_5240,PS2_Benchmark,5.0,5.0,0.0,3.3000000000000003,0,0,1,Technical Support,QA & IT Support
PS2_5241,PS2_Benchmark,9.0,9.0,6.8,2.2,1,0,1,Technical Support,QA & IT Support
PS2_5242,PS2_Benchmark,7.0,2.0,7.199999999999999,2.2,1,1,1,Technical Support,QA & IT Support
PS2_5243,PS2_Benchmark,4.0,1.0,4.4,3.3000000000000003,1,0,1,Technical Support,QA & IT Support
PS2_5244,PS2_Benchmark,9.0,6.0,0.0,5.5,0,1,1,Technical Support,QA & IT Support
PS2_5245,PS2_Benchmark,3.0,5.0,8.0,9.9,0,1,1,Technical Support,QA & IT Support
PS2_5246,PS2_Benchmark,9.0,7.0,7.199999999999999,4.4,1,1,0,Technical Support,QA & IT Support
PS2_5247,PS2_Benchmark,2.0,4.0,4.4,3.3000000000000003,1,1,1,Technical Support,QA & IT Support
PS2_5248,PS2_Benchmark,4.0,7.0,8.0,9.9,0,0,0,Technical Support,QA & IT Support
PS2_5249,PS2_Benchmark,8.0,1.0,3.5999999999999996,1.1,1,1,0,Technical Support,QA & IT Support
PS2_5250,PS2_Benchmark,6.0,4.0,2.4,2.2,0,1,0,Technical Support,QA & IT Support
PS2_5251,PS2_Benchmark,8.0,2.0,6.0,1.1,1,0,0,Technical Support,QA & IT Support
PS2_5252,PS2_Benchmark,4.0,2.0,1.2,9.9,0,0,1,Technical Support,QA & IT Support
PS2_5253,PS2_Benchmark,8.0,3.0,9.2,9.9,1,0,0,Technical Support,QA & IT Support
PS2_5254,PS2_Benchmark,3.0,4.0,1.2,8.8,0,0,1,Technical Support,QA & IT Support
PS2_5255,PS2_Benchmark,3.0,1.0,8.0,6.6000000000000005,0,0,0,Technical Support,QA & IT Support
PS2_5256,PS2_Benchmark,1.0,9.0,3.5999999999999996,6.6000000000000005,0,1,1,Technical Support,QA & IT Support
PS2_5257,PS2_Benchmark,1.0,2.0,4.8,2.2,1,0,1,Technical Support,QA & IT Support
PS2_5258,PS2_Benchmark,2.0,5.0,3.2,6.6000000000000005,0,1,0,Technical Support,QA & IT Support
PS2_5259,PS2_Benchmark,8.0,6.0,4.4,8.8,1,0,1,Technical Support,QA & IT Support
PS2_5260,PS2_Benchmark,5.0,9.0,0.0,4.4,1,1,0,Technical Support,QA & IT Support
PS2_5261,PS2_Benchmark,6.0,4.0,4.8,1.1,0,1,0,Technical Support,QA & IT Support
PS2_5262,PS2_Benchmark,5.0,1.0,9.2,7.700000000000001,1,1,1,Technical Support,QA & IT Support
PS2_5263,PS2_Benchmark,4.0,4.0,3.5999999999999996,2.2,0,1,1,Technical Support,QA & IT Support
PS2_5264,PS2_Benchmark,9.0,4.0,9.2,6.6000000000000005,1,1,1,Technical Support,QA & IT Support
PS2_5265,PS2_Benchmark,7.0,8.0,0.0,6.6000000000000005,0,1,0,Technical Support,QA & IT Support
PS2_5266,PS2_Benchmark,1.0,2.0,9.2,4.4,1,0,1,Technical Support,QA & IT Support
PS2_5267,PS2_Benchmark,4.0,4.0,9.2,1.1,1,1,1,Technical Support,QA & IT Support
PS2_5268,PS2_Benchmark,9.0,8.0,7.199999999999999,3.3000000000000003,1,0,0,Technical Support,QA & IT Support
PS2_5269,PS2_Benchmark,5.0,8.0,2.4,5.5,0,0,1,Technical Support,QA & IT Support
PS2_5270,PS2_Benchmark,9.0,6.0,7.199999999999999,6.6000000000000005,1,1,0,Technical Support,QA & IT Support
PS2_5271,PS2_Benchmark,9.0,4.0,8.0,3.3000000000000003,0,1,0,Technical Support,QA & IT Support
PS2_5272,PS2_Benchmark,6.0,2.0,2.4,4.4,1,1,1,Technical Support,QA & IT Support
PS2_5273,PS2_Benchmark,5.0,3.0,4.8,1.1,1,0,1,Technical Support,QA & IT Support
PS2_5274,PS2_Benchmark,7.0,2.0,3.2,6.6000000000000005,0,0,1,Technical Support,QA & IT Support
PS2_5275,PS2_Benchmark,4.0,8.0,1.2,9.9,1,1,1,Technical Support,QA & IT Support
PS2_5276,PS2_Benchmark,1.0,6.0,0.0,9.9,0,1,1,Technical Support,QA & IT Support
PS2_5277,PS2_Benchmark,5.0,1.0,6.0,4.4,1,0,0,Technical Support,QA & IT Support
PS2_5278,PS2_Benchmark,7.0,2.0,2.0,5.5,1,1,0,Technical Support,QA & IT Support
PS2_5279,PS2_Benchmark,2.0,8.0,6.0,1.1,0,1,0,Technical Support,QA & IT Support
PS2_5280,PS2_Benchmark,2.0,7.0,2.0,4.4,1,0,1,Technical Support,QA & IT Support
PS2_5281,PS2_Benchmark,3.0,7.0,7.199999999999999,4.4,0,0,1,Technical Support,QA & IT Support
PS2_5282,PS2_Benchmark,9.0,3.0,7.199999999999999,5.5,1,1,0,Technical Support,QA & IT Support
PS2_5283,PS2_Benchmark,5.0,9.0,0.0,2.2,1,1,0,Technical Support,QA & IT Support
PS2_5284,PS2_Benchmark,7.0,3.0,8.0,9.9,0,1,0,Technical Support,QA & IT Support
PS2_5285,PS2_Benchmark,5.0,3.0,7.199999999999999,1.1,0,0,0,Technical Support,QA & IT Support
PS2_5286,PS2_Benchmark,2.0,7.0,6.0,3.3000000000000003,1,1,1,Technical Support,QA & IT Support
PS2_5287,PS2_Benchmark,9.0,1.0,2.0,1.1,0,0,1,Technical Support,QA & IT Support
PS2_5288,PS2_Benchmark,7.0,3.0,4.8,4.4,1,0,0,Technical Support,QA & IT Support
PS2_5289,PS2_Benchmark,9.0,6.0,1.2,7.700000000000001,1,1,1,Technical Support,QA & IT Support
PS2_5290,PS2_Benchmark,4.0,1.0,6.0,9.9,1,0,0,Technical Support,QA & IT Support
PS2_5291,PS2_Benchmark,7.0,3.0,9.2,6.6000000000000005,0,1,1,Technical Support,QA & IT Support
PS2_5292,PS2_Benchmark,3.0,6.0,2.4,9.9,1,1,0,Technical Support,QA & IT Support
PS2_5293,PS2_Benchmark,4.0,4.0,7.199999999999999,1.1,0,0,1,Technical Support,QA & IT Support
PS2_5294,PS2_Benchmark,2.0,4.0,1.2,1.1,0,1,0,Technical Support,QA & IT Support
PS2_5295,PS2_Benchmark,8.0,7.0,8.0,2.2,0,0,0,Technical Support,QA & IT Support
PS2_5296,PS2_Benchmark,4.0,5.0,7.199999999999999,3.3000000000000003,1,1,0,Technical Support,QA & IT Support
PS2_5297,PS2_Benchmark,7.0,7.0,2.0,3.3000000000000003,1,0,0,Technical Support,QA & IT Support
PS2_5298,PS2_Benchmark,1.0,3.0,4.4,6.6000000000000005,0,0,0,Technical Support,QA & IT Support
PS2_5299,PS2_Benchmark,1.0,7.0,9.2,5.5,1,1,0,Technical Support,QA & IT Support
PS2_5300,PS2_Benchmark,3.0,9.0,5.6,2.2,0,0,0,Technical Support,QA & IT Support
PS2_5301,PS2_Benchmark,9.0,7.0,5.6,2.2,0,0,0,Technical Support,QA & IT Support
PS2_5302,PS2_Benchmark,2.0,1.0,1.2,6.6000000000000005,0,1,1,Technical Support,QA & IT Support
PS2_5303,PS2_Benchmark,9.0,3.0,6.0,5.5,0,0,0,Technical Support,QA & IT Support
PS2_5304,PS2_Benchmark,6.0,6.0,9.2,3.3000000000000003,1,1,1,Technical Support,QA & IT Support
PS2_5305,PS2_Benchmark,3.0,3.0,3.2,2.2,1,1,0,Technical Support,QA & IT Support
PS2_5306,PS2_Benchmark,7.0,4.0,4.4,7.700000000000001,1,1,1,Technical Support,QA & IT Support
PS2_5307,PS2_Benchmark,8.0,4.0,6.8,9.9,1,1,1,Technical Support,QA & IT Support
PS2_5308,PS2_Benchmark,5.0,7.0,1.2,5.5,0,0,1,Technical Support,QA & IT Support
PS2_5309,PS2_Benchmark,6.0,1.0,5.6,1.1,0,1,0,Technical Support,QA & IT Support
PS2_5310,PS2_Benchmark,5.0,5.0,3.2,6.6000000000000005,1,0,1,Technical Support,QA & IT Support
PS2_5311,PS2_Benchmark,1.0,8.0,6.8,9.9,0,1,0,Technical Support,QA & IT Support
PS2_5312,PS2_Benchmark,3.0,7.0,0.0,5.5,1,1,1,Technical Support,QA & IT Support
PS2_5313,PS2_Benchmark,8.0,9.0,6.8,6.6000000000000005,0,0,1,Technical Support,QA & IT Support
PS2_5314,PS2_Benchmark,6.0,2.0,0.0,4.4,1,0,0,Technical Support,QA & IT Support
PS2_5315,PS2_Benchmark,5.0,2.0,2.0,5.5,0,1,1,Technical Support,QA & IT Support
PS2_5316,PS2_Benchmark,5.0,2.0,2.0,8.8,0,0,1,Technical Support,QA & IT Support
PS2_5317,PS2_Benchmark,2.0,9.0,7.199999999999999,6.6000000000000005,0,0,0,Technical Support,QA & IT Support
PS2_5318,PS2_Benchmark,2.0,1.0,5.6,7.700000000000001,0,1,0,Technical Support,QA & IT Support
PS2_5319,PS2_Benchmark,2.0,7.0,2.0,4.4,0,0,1,Technical Support,QA & IT Support
PS2_5320,PS2_Benchmark,4.0,6.0,4.8,7.700000000000001,0,0,0,Technical Support,QA & IT Support
PS2_5321,PS2_Benchmark,7.0,1.0,1.2,7.700000000000001,0,1,1,Technical Support,QA & IT Support
PS2_5322,PS2_Benchmark,1.0,2.0,8.0,6.6000000000000005,1,1,1,Technical Support,QA & IT Support
PS2_5323,PS2_Benchmark,5.0,4.0,0.0,1.1,0,1,0,Technical Support,QA & IT Support
PS2_5324,PS2_Benchmark,7.0,5.0,5.6,3.3000000000000003,0,1,1,Technical Support,QA & IT Support
PS2_5325,PS2_Benchmark,6.0,1.0,6.8,1.1,1,1,1,Technical Support,QA & IT Support
PS2_5326,PS2_Benchmark,2.0,2.0,6.0,1.1,1,0,1,Technical Support,QA & IT Support
PS2_5327,PS2_Benchmark,5.0,5.0,6.0,8.8,0,0,0,Technical Support,QA & IT Support
PS2_5328,PS2_Benchmark,1.0,5.0,1.2,8.8,0,0,0,Technical Support,QA & IT Support
PS2_5329,PS2_Benchmark,8.0,3.0,1.2,2.2,1,0,0,Technical Support,QA & IT Support
PS2_5330,PS2_Benchmark,1.0,8.0,4.8,3.3000000000000003,1,0,1,Technical Support,QA & IT Support
PS2_5331,PS2_Benchmark,8.0,8.0,9.2,7.700000000000001,0,0,0,Technical Support,QA & IT Support
PS2_5332,PS2_Benchmark,1.0,7.0,0.0,5.5,1,1,1,Technical Support,QA & IT Support
PS2_5333,PS2_Benchmark,8.0,4.0,6.0,5.5,1,1,0,Technical Support,QA & IT Support
PS2_5334,PS2_Benchmark,2.0,7.0,4.8,5.5,1,0,0,Technical Support,QA & IT Support
PS2_5335,PS2_Benchmark,2.0,1.0,3.2,7.700000000000001,0,0,0,Technical Support,QA & IT Support
PS2_5336,PS2_Benchmark,2.0,4.0,6.8,7.700000000000001,0,1,0,Technical Support,QA & IT Support
PS2_5337,PS2_Benchmark,9.0,1.0,4.4,1.1,1,1,1,Technical Support,QA & IT Support
PS2_5338,PS2_Benchmark,9.0,9.0,4.4,5.5,1,0,1,Technical Support,QA & IT Support
PS2_5339,PS2_Benchmark,6.0,1.0,3.5999999999999996,5.5,0,1,1,Technical Support,QA & IT Support
PS2_5340,PS2_Benchmark,7.0,4.0,6.0,2.2,1,1,1,Technical Support,QA & IT Support
PS2_5341,PS2_Benchmark,8.0,9.0,1.2,5.5,1,1,0,Technical Support,QA & IT Support
PS2_5342,PS2_Benchmark,1.0,4.0,2.0,8.8,1,0,1,Technical Support,QA & IT Support
PS2_5343,PS2_Benchmark,4.0,6.0,0.0,5.5,0,1,1,Technical Support,QA & IT Support
PS2_5344,PS2_Benchmark,9.0,4.0,6.0,3.3000000000000003,0,1,1,Technical Support,QA & IT Support
PS2_5345,PS2_Benchmark,1.0,4.0,7.199999999999999,6.6000000000000005,0,1,0,Technical Support,QA & IT Support
PS2_5346,PS2_Benchmark,3.0,5.0,4.4,1.1,1,0,1,Technical Support,QA & IT Support
PS2_5347,PS2_Benchmark,2.0,3.0,1.2,6.6000000000000005,1,0,0,Technical Support,QA & IT Support
PS2_5348,PS2_Benchmark,7.0,7.0,5.6,2.2,0,0,1,Technical Support,QA & IT Support
PS2_5349,PS2_Benchmark,5.0,6.0,6.0,5.5,0,0,1,Technical Support,QA & IT Support
PS2_5350,PS2_Benchmark,3.0,3.0,8.0,6.6000000000000005,1,1,0,Technical Support,QA & IT Support
PS2_5351,PS2_Benchmark,4.0,5.0,8.0,8.8,0,1,0,Technical Support,QA & IT Support
PS2_5352,PS2_Benchmark,5.0,8.0,2.4,2.2,1,1,0,Technical Support,QA & IT Support
PS2_5353,PS2_Benchmark,6.0,2.0,8.0,5.5,1,1,0,Technical Support,QA & IT Support
PS2_5354,PS2_Benchmark,2.0,6.0,0.0,3.3000000000000003,0,0,1,Technical Support,QA & IT Support
PS2_5355,PS2_Benchmark,3.0,1.0,7.199999999999999,6.6000000000000005,0,0,0,Technical Support,QA & IT Support
PS2_5356,PS2_Benchmark,4.0,5.0,8.0,4.4,1,0,1,Technical Support,QA & IT Support
PS2_5357,PS2_Benchmark,9.0,5.0,2.4,9.9,0,0,0,Technical Support,QA & IT Support
PS2_5358,PS2_Benchmark,5.0,4.0,4.4,6.6000000000000005,1,1,1,Technical Support,QA & IT Support
PS2_5359,PS2_Benchmark,5.0,1.0,5.6,3.3000000000000003,0,1,1,Technical Support,QA & IT Support
PS2_5360,PS2_Benchmark,9.0,5.0,3.5999999999999996,5.5,1,0,1,Technical Support,QA & IT Support
PS2_5361,PS2_Benchmark,4.0,6.0,6.8,6.6000000000000005,0,0,1,Technical Support,QA & IT Support
PS2_5362,PS2_Benchmark,2.0,4.0,1.2,7.700000000000001,1,0,0,Technical Support,QA & IT Support
PS2_5363,PS2_Benchmark,7.0,7.0,2.0,8.8,1,0,1,Technical Support,QA & IT Support
PS2_5364,PS2_Benchmark,5.0,7.0,9.2,3.3000000000000003,0,1,0,Technical Support,QA & IT Support
PS2_5365,PS2_Benchmark,4.0,8.0,8.0,3.3000000000000003,0,0,1,Technical Support,QA & IT Support
PS2_5366,PS2_Benchmark,2.0,8.0,8.0,6.6000000000000005,1,0,0,Technical Support,QA & IT Support
PS2_5367,PS2_Benchmark,4.0,3.0,4.8,6.6000000000000005,0,1,1,Technical Support,QA & IT Support
PS2_5368,PS2_Benchmark,8.0,6.0,6.0,9.9,1,0,0,Technical Support,QA & IT Support
PS2_5369,PS2_Benchmark,3.0,9.0,8.0,2.2,0,1,1,Technical Support,QA & IT Support
PS2_5370,PS2_Benchmark,9.0,2.0,2.4,6.6000000000000005,1,0,0,Technical Support,QA & IT Support
PS2_5371,PS2_Benchmark,1.0,3.0,6.8,4.4,1,0,1,Technical Support,QA & IT Support
PS2_5372,PS2_Benchmark,3.0,8.0,3.2,2.2,1,1,0,Technical Support,QA & IT Support
PS2_5373,PS2_Benchmark,8.0,6.0,3.5999999999999996,1.1,1,0,1,Technical Support,QA & IT Support
PS2_5374,PS2_Benchmark,6.0,5.0,0.0,4.4,0,1,1,Technical Support,QA & IT Support
PS2_5375,PS2_Benchmark,7.0,4.0,7.199999999999999,6.6000000000000005,0,1,0,Technical Support,QA & IT Support
PS2_5376,PS2_Benchmark,1.0,6.0,3.5999999999999996,4.4,1,1,0,Technical Support,QA & IT Support
PS2_5377,PS2_Benchmark,8.0,8.0,6.8,9.9,0,0,1,Technical Support,QA & IT Support
PS2_5378,PS2_Benchmark,9.0,6.0,1.2,1.1,1,1,1,Technical Support,QA & IT Support
PS2_5379,PS2_Benchmark,4.0,3.0,7.199999999999999,9.9,1,0,1,Technical Support,QA & IT Support
PS2_5380,PS2_Benchmark,7.0,6.0,6.0,9.9,1,0,1,Technical Support,QA & IT Support
PS2_5381,PS2_Benchmark,1.0,1.0,1.2,5.5,0,1,0,Technical Support,QA & IT Support
PS2_5382,PS2_Benchmark,5.0,7.0,7.199999999999999,8.8,0,0,0,Technical Support,QA & IT Support
PS2_5383,PS2_Benchmark,8.0,9.0,1.2,9.9,0,0,0,Technical Support,QA & IT Support
PS2_5384,PS2_Benchmark,8.0,6.0,9.2,6.6000000000000005,0,1,1,Technical Support,QA & IT Support
PS2_5385,PS2_Benchmark,1.0,6.0,5.6,1.1,0,0,1,Technical Support,QA & IT Support
PS2_5386,PS2_Benchmark,7.0,5.0,6.8,7.700000000000001,0,0,1,Technical Support,QA & IT Support
PS2_5387,PS2_Benchmark,4.0,6.0,7.199999999999999,6.6000000000000005,1,0,0,Technical Support,QA & IT Support
PS2_5388,PS2_Benchmark,2.0,7.0,7.199999999999999,8.8,1,1,1,Technical Support,QA & IT Support
PS2_5389,PS2_Benchmark,2.0,8.0,8.0,6.6000000000000005,0,1,1,Technical Support,QA & IT Support
PS2_5390,PS2_Benchmark,8.0,9.0,6.8,7.700000000000001,0,0,0,Technical Support,QA & IT Support
PS2_5391,PS2_Benchmark,5.0,7.0,3.2,2.2,0,1,0,Technical Support,QA & IT Support
PS2_5392,PS2_Benchmark,5.0,5.0,4.8,7.700000000000001,0,1,0,Technical Support,QA & IT Support
PS2_5393,PS2_Benchmark,6.0,8.0,6.0,7.700000000000001,1,1,0,Technical Support,QA & IT Support
PS2_5394,PS2_Benchmark,9.0,6.0,5.6,7.700000000000001,1,1,0,Technical Support,QA & IT Support
PS2_5395,PS2_Benchmark,1.0,5.0,2.0,4.4,1,0,1,Technical Support,QA & IT Support
PS2_5396,PS2_Benchmark,2.0,8.0,9.2,6.6000000000000005,0,1,0,Technical Support,QA & IT Support
PS2_5397,PS2_Benchmark,9.0,6.0,4.8,3.3000000000000003,0,1,1,Technical Support,QA & IT Support
PS2_5398,PS2_Benchmark,1.0,7.0,8.0,3.3000000000000003,1,0,0,Technical Support,QA & IT Support
PS2_5399,PS2_Benchmark,4.0,4.0,9.2,5.5,0,1,1,Technical Support,QA & IT Support
PS2_5400,PS2_Benchmark,6.0,3.0,5.6,3.3000000000000003,0,0,1,Technical Support,QA & IT Support
PS2_5401,PS2_Benchmark,2.0,9.0,4.4,1.1,0,1,1,Technical Support,QA & IT Support
PS2_5402,PS2_Benchmark,6.0,4.0,9.2,4.4,1,1,0,Technical Support,QA & IT Support
PS2_5403,PS2_Benchmark,9.0,9.0,9.2,7.700000000000001,0,0,0,Technical Support,QA & IT Support
PS2_5404,PS2_Benchmark,6.0,1.0,5.6,8.8,1,0,1,Technical Support,QA & IT Support
PS2_5405,PS2_Benchmark,2.0,8.0,2.0,7.700000000000001,1,0,1,Technical Support,QA & IT Support
PS2_5406,PS2_Benchmark,3.0,6.0,9.2,7.700000000000001,1,0,0,Technical Support,QA & IT Support
PS2_5407,PS2_Benchmark,1.0,8.0,9.2,7.700000000000001,1,0,1,Technical Support,QA & IT Support
PS2_5408,PS2_Benchmark,7.0,1.0,0.0,9.9,0,1,1,Technical Support,QA & IT Support
PS2_5409,PS2_Benchmark,4.0,5.0,3.5999999999999996,6.6000000000000005,0,0,1,Technical Support,QA & IT Support
PS2_5410,PS2_Benchmark,5.0,2.0,4.4,1.1,0,0,0,Technical Support,QA & IT Support
PS2_5411,PS2_Benchmark,2.0,7.0,6.0,7.700000000000001,0,0,0,Technical Support,QA & IT Support
PS2_5412,PS2_Benchmark,4.0,8.0,6.0,7.700000000000001,1,1,0,Technical Support,QA & IT Support
PS2_5413,PS2_Benchmark,9.0,9.0,1.2,9.9,1,1,0,Technical Support,QA & IT Support
PS2_5414,PS2_Benchmark,8.0,7.0,8.0,9.9,1,1,0,Technical Support,QA & IT Support
PS2_5415,PS2_Benchmark,3.0,1.0,8.0,8.8,0,1,1,Technical Support,QA & IT Support
PS2_5416,PS2_Benchmark,9.0,7.0,2.0,4.4,0,0,1,Technical Support,QA & IT Support
PS2_5417,PS2_Benchmark,9.0,4.0,4.4,4.4,1,0,0,Technical Support,QA & IT Support
PS2_5418,PS2_Benchmark,3.0,1.0,3.5999999999999996,8.8,0,1,0,Technical Support,QA & IT Support
PS2_5419,PS2_Benchmark,3.0,7.0,4.8,2.2,0,0,0,Technical Support,QA & IT Support
PS2_5420,PS2_Benchmark,3.0,1.0,3.5999999999999996,2.2,0,1,0,Technical Support,QA & IT Support
PS2_5421,PS2_Benchmark,9.0,8.0,7.199999999999999,5.5,1,1,0,Technical Support,QA & IT Support
PS2_5422,PS2_Benchmark,9.0,7.0,9.2,2.2,0,1,0,Technical Support,QA & IT Support
PS2_5423,PS2_Benchmark,1.0,4.0,5.6,3.3000000000000003,0,0,1,Technical Support,QA & IT Support
PS2_5424,PS2_Benchmark,8.0,8.0,4.4,5.5,1,0,1,Technical Support,QA & IT Support
PS2_5425,PS2_Benchmark,1.0,4.0,3.5999999999999996,6.6000000000000005,1,1,0,Technical Support,QA & IT Support
PS2_5426,PS2_Benchmark,6.0,6.0,6.0,1.1,1,0,1,Technical Support,QA & IT Support
PS2_5427,PS2_Benchmark,7.0,2.0,3.5999999999999996,2.2,0,1,1,Technical Support,QA & IT Support
PS2_5428,PS2_Benchmark,6.0,4.0,8.0,8.8,1,1,1,Technical Support,QA & IT Support
PS2_5429,PS2_Benchmark,8.0,4.0,4.4,5.5,0,0,0,Technical Support,QA & IT Support
PS2_5430,PS2_Benchmark,8.0,4.0,2.4,5.5,0,0,1,Technical Support,QA & IT Support
PS2_5431,PS2_Benchmark,9.0,6.0,2.0,6.6000000000000005,0,1,0,Technical Support,QA & IT Support
PS2_5432,PS2_Benchmark,2.0,3.0,7.199999999999999,5.5,0,0,0,Technical Support,QA & IT Support
PS2_5433,PS2_Benchmark,5.0,4.0,4.8,3.3000000000000003,0,0,1,Technical Support,QA & IT Support
PS2_5434,PS2_Benchmark,7.0,8.0,7.199999999999999,7.700000000000001,0,0,1,Technical Support,QA & IT Support
PS2_5435,PS2_Benchmark,6.0,8.0,2.4,3.3000000000000003,1,1,0,Technical Support,QA & IT Support
PS2_5436,PS2_Benchmark,1.0,9.0,4.4,4.4,0,0,0,Technical Support,QA & IT Support
PS2_5437,PS2_Benchmark,7.0,9.0,3.5999999999999996,6.6000000000000005,0,1,0,Technical Support,QA & IT Support
PS2_5438,PS2_Benchmark,9.0,9.0,6.8,4.4,0,0,1,Technical Support,QA & IT Support
PS2_5439,PS2_Benchmark,5.0,7.0,6.0,8.8,0,1,1,Technical Support,QA & IT Support
PS2_5440,PS2_Benchmark,7.0,2.0,6.8,9.9,1,0,0,Technical Support,QA & IT Support
PS2_5441,PS2_Benchmark,3.0,3.0,8.0,5.5,0,0,1,Technical Support,QA & IT Support
PS2_5442,PS2_Benchmark,5.0,2.0,1.2,3.3000000000000003,1,1,0,Technical Support,QA & IT Support
PS2_5443,PS2_Benchmark,1.0,1.0,2.0,8.8,1,0,1,Technical Support,QA & IT Support
PS2_5444,PS2_Benchmark,2.0,8.0,4.8,7.700000000000001,1,0,0,Technical Support,QA & IT Support
PS2_5445,PS2_Benchmark,6.0,1.0,2.4,5.5,1,0,0,Technical Support,QA & IT Support
PS2_5446,PS2_Benchmark,6.0,2.0,5.6,1.1,1,1,0,Technical Support,QA & IT Support
PS2_5447,PS2_Benchmark,2.0,5.0,2.4,3.3000000000000003,0,0,0,Technical Support,QA & IT Support
PS2_5448,PS2_Benchmark,8.0,3.0,5.6,3.3000000000000003,0,0,0,Technical Support,QA & IT Support
PS2_5449,PS2_Benchmark,9.0,9.0,2.0,3.3000000000000003,0,0,0,Technical Support,QA & IT Support
PS2_5450,PS2_Benchmark,4.0,6.0,6.8,7.700000000000001,0,0,0,Technical Support,QA & IT Support
PS2_5451,PS2_Benchmark,9.0,6.0,2.4,1.1,1,1,0,Technical Support,QA & IT Support
PS2_5452,PS2_Benchmark,2.0,5.0,6.8,4.4,1,0,0,Technical Support,QA & IT Support
PS2_5453,PS2_Benchmark,5.0,9.0,6.0,3.3000000000000003,1,0,0,Technical Support,QA & IT Support
PS2_5454,PS2_Benchmark,8.0,9.0,2.4,8.8,1,0,1,Technical Support,QA & IT Support
PS2_5455,PS2_Benchmark,9.0,7.0,6.0,8.8,1,0,0,Technical Support,QA & IT Support
PS2_5456,PS2_Benchmark,6.0,9.0,6.8,6.6000000000000005,1,0,1,Technical Support,QA & IT Support
PS2_5457,PS2_Benchmark,9.0,7.0,8.0,7.700000000000001,0,1,1,Technical Support,QA & IT Support
PS2_5458,PS2_Benchmark,4.0,8.0,9.2,7.700000000000001,1,0,0,Technical Support,QA & IT Support
PS2_5459,PS2_Benchmark,3.0,5.0,9.2,1.1,1,0,0,Technical Support,QA & IT Support
PS2_5460,PS2_Benchmark,5.0,4.0,9.2,6.6000000000000005,0,1,1,Technical Support,QA & IT Support
PS2_5461,PS2_Benchmark,4.0,1.0,7.199999999999999,5.5,0,1,0,Technical Support,QA & IT Support
PS2_5462,PS2_Benchmark,1.0,9.0,2.0,4.4,1,0,0,Technical Support,QA & IT Support
PS2_5463,PS2_Benchmark,1.0,9.0,1.2,2.2,0,0,1,Technical Support,QA & IT Support
PS2_5464,PS2_Benchmark,8.0,9.0,0.0,2.2,1,1,0,Technical Support,QA & IT Support
PS2_5465,PS2_Benchmark,8.0,8.0,2.4,3.3000000000000003,0,0,1,Technical Support,QA & IT Support
PS2_5466,PS2_Benchmark,7.0,2.0,1.2,1.1,0,1,1,Technical Support,QA & IT Support
PS2_5467,PS2_Benchmark,3.0,9.0,2.4,5.5,0,1,0,Technical Support,QA & IT Support
PS2_5468,PS2_Benchmark,5.0,6.0,4.8,5.5,1,0,1,Technical Support,QA & IT Support
PS2_5469,PS2_Benchmark,2.0,8.0,8.0,7.700000000000001,1,1,1,Technical Support,QA & IT Support
PS2_5470,PS2_Benchmark,7.0,9.0,4.4,9.9,0,0,0,Technical Support,QA & IT Support
PS2_5471,PS2_Benchmark,5.0,4.0,3.5999999999999996,6.6000000000000005,0,0,0,Technical Support,QA & IT Support
PS2_5472,PS2_Benchmark,6.0,2.0,3.5999999999999996,1.1,0,1,0,Technical Support,QA & IT Support
PS2_5473,PS2_Benchmark,5.0,8.0,6.8,9.9,0,1,0,Technical Support,QA & IT Support
PS2_5474,PS2_Benchmark,1.0,4.0,2.4,9.9,1,0,0,Technical Support,QA & IT Support
PS2_5475,PS2_Benchmark,9.0,5.0,1.2,6.6000000000000005,0,1,1,Technical Support,QA & IT Support
PS2_5476,PS2_Benchmark,3.0,6.0,4.4,3.3000000000000003,0,0,0,Technical Support,QA & IT Support
PS2_5477,PS2_Benchmark,9.0,2.0,9.2,5.5,0,0,1,Technical Support,QA & IT Support
PS2_5478,PS2_Benchmark,6.0,9.0,8.0,2.2,1,0,0,Technical Support,QA & IT Support
PS2_5479,PS2_Benchmark,1.0,1.0,9.2,1.1,1,1,0,Technical Support,QA & IT Support
PS2_5480,PS2_Benchmark,1.0,9.0,4.8,2.2,1,1,0,Technical Support,QA & IT Support
PS2_5481,PS2_Benchmark,5.0,6.0,7.199999999999999,2.2,0,1,0,Technical Support,QA & IT Support
PS2_5482,PS2_Benchmark,5.0,6.0,2.4,1.1,1,0,0,Technical Support,QA & IT Support
PS2_5483,PS2_Benchmark,8.0,8.0,6.0,2.2,0,0,0,Technical Support,QA & IT Support
PS2_5484,PS2_Benchmark,6.0,5.0,1.2,7.700000000000001,0,0,1,Technical Support,QA & IT Support
PS2_5485,PS2_Benchmark,4.0,5.0,3.2,1.1,0,0,1,Technical Support,QA & IT Support
PS2_5486,PS2_Benchmark,4.0,6.0,6.0,3.3000000000000003,0,0,0,Technical Support,QA & IT Support
PS2_5487,PS2_Benchmark,9.0,3.0,2.4,5.5,0,0,0,Technical Support,QA & IT Support
PS2_5488,PS2_Benchmark,4.0,6.0,2.0,4.4,0,0,1,Technical Support,QA & IT Support
PS2_5489,PS2_Benchmark,9.0,6.0,2.0,4.4,0,1,0,Technical Support,QA & IT Support
PS2_5490,PS2_Benchmark,6.0,8.0,6.8,1.1,0,0,0,Technical Support,QA & IT Support
PS2_5491,PS2_Benchmark,9.0,7.0,0.0,3.3000000000000003,1,1,0,Technical Support,QA & IT Support
PS2_5492,PS2_Benchmark,7.0,6.0,4.4,3.3000000000000003,1,1,0,Technical Support,QA & IT Support
PS2_5493,PS2_Benchmark,2.0,6.0,2.4,4.4,0,0,0,Technical Support,QA & IT Support
PS2_5494,PS2_Benchmark,3.0,5.0,5.6,8.8,0,0,0,Technical Support,QA & IT Support
PS2_5495,PS2_Benchmark,2.0,4.0,4.8,4.4,1,0,1,Technical Support,QA & IT Support
PS2_5496,PS2_Benchmark,4.0,5.0,6.8,4.4,1,1,1,Technical Support,QA & IT Support
PS2_5497,PS2_Benchmark,6.0,5.0,7.199999999999999,2.2,0,0,0,Technical Support,QA & IT Support
PS2_5498,PS2_Benchmark,3.0,5.0,5.6,6.6000000000000005,1,0,0,Technical Support,QA & IT Support
PS2_5499,PS2_Benchmark,2.0,4.0,4.4,5.5,1,0,1,Technical Support,QA & IT Support
PS2_5500,PS2_Benchmark,6.0,8.0,2.0,7.700000000000001,1,1,1,Technical Support,QA & IT Support
PS2_5501,PS2_Benchmark,8.0,8.0,8.0,7.700000000000001,0,1,0,Technical Support,QA & IT Support
PS2_5502,PS2_Benchmark,7.0,9.0,5.6,5.5,1,0,1,Technical Support,QA & IT Support
PS2_5503,PS2_Benchmark,5.0,9.0,0.0,8.8,1,1,1,Technical Support,QA & IT Support
PS2_5504,PS2_Benchmark,5.0,7.0,2.4,8.8,1,1,0,Technical Support,QA & IT Support
PS2_5505,PS2_Benchmark,4.0,5.0,9.2,3.3000000000000003,0,1,0,Technical Support,QA & IT Support
PS2_5506,PS2_Benchmark,2.0,2.0,2.0,7.700000000000001,0,1,0,Technical Support,QA & IT Support
PS2_5507,PS2_Benchmark,3.0,2.0,5.6,1.1,1,1,1,Technical Support,QA & IT Support
PS2_5508,PS2_Benchmark,2.0,8.0,6.8,2.2,1,0,0,Technical Support,QA & IT Support
PS2_5509,PS2_Benchmark,3.0,5.0,9.2,2.2,0,0,1,Technical Support,QA & IT Support
PS2_5510,PS2_Benchmark,5.0,7.0,2.4,1.1,1,1,1,Technical Support,QA & IT Support
PS2_5511,PS2_Benchmark,1.0,2.0,1.2,4.4,0,0,0,Technical Support,QA & IT Support
PS2_5512,PS2_Benchmark,5.0,8.0,9.2,5.5,0,1,1,Technical Support,QA & IT Support
PS2_5513,PS2_Benchmark,7.0,1.0,6.0,9.9,1,0,1,Technical Support,QA & IT Support
PS2_5514,PS2_Benchmark,8.0,2.0,2.0,1.1,0,0,1,Technical Support,QA & IT Support
PS2_5515,PS2_Benchmark,9.0,1.0,5.6,7.700000000000001,0,0,1,Technical Support,QA & IT Support
PS2_5516,PS2_Benchmark,4.0,1.0,9.2,9.9,0,0,0,Technical Support,QA & IT Support
PS2_5517,PS2_Benchmark,3.0,2.0,4.4,1.1,0,0,1,Technical Support,QA & IT Support
PS2_5518,PS2_Benchmark,8.0,2.0,3.5999999999999996,3.3000000000000003,1,0,0,Technical Support,QA & IT Support
PS2_5519,PS2_Benchmark,4.0,7.0,6.0,5.5,1,1,0,Technical Support,QA & IT Support
PS2_5520,PS2_Benchmark,4.0,4.0,2.4,2.2,0,1,0,Technical Support,QA & IT Support
PS2_5521,PS2_Benchmark,6.0,9.0,3.2,7.700000000000001,1,1,1,Technical Support,QA & IT Support
PS2_5522,PS2_Benchmark,8.0,8.0,0.0,4.4,1,1,0,Technical Support,QA & IT Support
PS2_5523,PS2_Benchmark,5.0,2.0,3.5999999999999996,1.1,1,0,0,Technical Support,QA & IT Support
PS2_5524,PS2_Benchmark,8.0,3.0,4.8,8.8,1,1,0,Technical Support,QA & IT Support
PS2_5525,PS2_Benchmark,7.0,1.0,7.199999999999999,9.9,1,0,1,Technical Support,QA & IT Support
PS2_5526,PS2_Benchmark,5.0,1.0,4.8,6.6000000000000005,0,1,1,Technical Support,QA & IT Support
PS2_5527,PS2_Benchmark,7.0,7.0,8.0,3.3000000000000003,1,0,0,Technical Support,QA & IT Support
PS2_5528,PS2_Benchmark,7.0,8.0,9.2,6.6000000000000005,1,0,0,Technical Support,QA & IT Support
PS2_5529,PS2_Benchmark,5.0,9.0,5.6,8.8,0,1,1,Technical Support,QA & IT Support
PS2_5530,PS2_Benchmark,8.0,7.0,7.199999999999999,9.9,0,1,1,Technical Support,QA & IT Support
PS2_5531,PS2_Benchmark,5.0,6.0,6.8,3.3000000000000003,0,1,1,Technical Support,QA & IT Support
PS2_5532,PS2_Benchmark,5.0,7.0,3.5999999999999996,5.5,0,1,0,Technical Support,QA & IT Support
PS2_5533,PS2_Benchmark,1.0,3.0,2.4,5.5,1,1,1,Technical Support,QA & IT Support
PS2_5534,PS2_Benchmark,8.0,5.0,5.6,2.2,0,1,0,Technical Support,QA & IT Support
PS2_5535,PS2_Benchmark,4.0,8.0,2.0,8.8,1,0,0,Technical Support,QA & IT Support
PS2_5536,PS2_Benchmark,7.0,3.0,3.5999999999999996,5.5,1,1,1,Technical Support,QA & IT Support
PS2_5537,PS2_Benchmark,4.0,6.0,7.199999999999999,2.2,1,0,1,Technical Support,QA & IT Support
PS2_5538,PS2_Benchmark,2.0,4.0,8.0,5.5,1,1,1,Technical Support,QA & IT Support
PS2_5539,PS2_Benchmark,3.0,4.0,3.5999999999999996,5.5,1,0,1,Technical Support,QA & IT Support
PS2_5540,PS2_Benchmark,7.0,4.0,2.0,9.9,0,0,0,Technical Support,QA & IT Support
PS2_5541,PS2_Benchmark,8.0,9.0,3.2,1.1,0,1,1,Technical Support,QA & IT Support
PS2_5542,PS2_Benchmark,2.0,7.0,2.4,7.700000000000001,1,0,0,Technical Support,QA & IT Support
PS2_5543,PS2_Benchmark,2.0,9.0,6.0,1.1,1,1,1,Technical Support,QA & IT Support
PS2_5544,PS2_Benchmark,3.0,1.0,3.2,2.2,0,0,1,Technical Support,QA & IT Support
PS2_5545,PS2_Benchmark,3.0,4.0,7.199999999999999,8.8,0,0,1,Technical Support,QA & IT Support
PS2_5546,PS2_Benchmark,3.0,7.0,6.8,8.8,1,0,0,Technical Support,QA & IT Support
PS2_5547,PS2_Benchmark,2.0,3.0,3.2,8.8,1,1,1,Technical Support,QA & IT Support
PS2_5548,PS2_Benchmark,5.0,3.0,5.6,8.8,0,1,0,Technical Support,QA & IT Support
PS2_5549,PS2_Benchmark,6.0,8.0,3.2,4.4,0,0,1,Technical Support,QA & IT Support
PS2_5550,PS2_Benchmark,4.0,9.0,6.8,9.9,1,1,0,Technical Support,QA & IT Support
PS2_5551,PS2_Benchmark,9.0,1.0,9.2,3.3000000000000003,1,1,1,Technical Support,QA & IT Support
PS2_5552,PS2_Benchmark,3.0,8.0,4.8,7.700000000000001,1,0,1,Technical Support,QA & IT Support
PS2_5553,PS2_Benchmark,1.0,7.0,2.0,8.8,0,1,0,Technical Support,QA & IT Support
PS2_5554,PS2_Benchmark,9.0,7.0,9.2,8.8,0,0,1,Technical Support,QA & IT Support
PS2_5555,PS2_Benchmark,5.0,4.0,2.0,9.9,0,0,0,Technical Support,QA & IT Support
PS2_5556,PS2_Benchmark,1.0,9.0,2.0,8.8,0,0,1,Technical Support,QA & IT Support
PS2_5557,PS2_Benchmark,4.0,8.0,5.6,2.2,1,1,0,Technical Support,QA & IT Support
PS2_5558,PS2_Benchmark,8.0,5.0,4.4,4.4,0,0,0,Technical Support,QA & IT Support
PS2_5559,PS2_Benchmark,6.0,1.0,6.0,4.4,1,1,0,Technical Support,QA & IT Support
PS2_5560,PS2_Benchmark,8.0,2.0,1.2,6.6000000000000005,0,0,1,Technical Support,QA & IT Support
PS2_5561,PS2_Benchmark,8.0,1.0,9.2,8.8,0,1,1,Technical Support,QA & IT Support
PS2_5562,PS2_Benchmark,4.0,8.0,9.2,6.6000000000000005,0,1,1,Technical Support,QA & IT Support
PS2_5563,PS2_Benchmark,3.0,8.0,6.8,6.6000000000000005,1,0,0,Technical Support,QA & IT Support
PS2_5564,PS2_Benchmark,9.0,1.0,7.199999999999999,3.3000000000000003,1,1,0,Technical Support,QA & IT Support
PS2_5565,PS2_Benchmark,3.0,8.0,8.0,9.9,1,1,0,Technical Support,QA & IT Support
PS2_5566,PS2_Benchmark,2.0,7.0,7.199999999999999,6.6000000000000005,0,0,1,Technical Support,QA & IT Support
PS2_5567,PS2_Benchmark,9.0,1.0,3.5999999999999996,5.5,0,0,1,Technical Support,QA & IT Support
PS2_5568,PS2_Benchmark,9.0,7.0,9.2,6.6000000000000005,0,1,1,Technical Support,QA & IT Support
PS2_5569,PS2_Benchmark,3.0,4.0,6.8,5.5,1,1,1,Technical Support,QA & IT Support
PS2_5570,PS2_Benchmark,3.0,6.0,0.0,1.1,0,0,1,Technical Support,QA & IT Support
PS2_5571,PS2_Benchmark,1.0,3.0,6.0,1.1,1,1,0,Technical Support,QA & IT Support
PS2_5572,PS2_Benchmark,7.0,9.0,0.0,4.4,0,0,1,Technical Support,QA & IT Support
PS2_5573,PS2_Benchmark,8.0,2.0,7.199999999999999,8.8,1,0,0,Technical Support,QA & IT Support
PS2_5574,PS2_Benchmark,6.0,6.0,3.5999999999999996,7.700000000000001,0,1,0,Technical Support,QA & IT Support
PS2_5575,PS2_Benchmark,6.0,8.0,4.4,3.3000000000000003,1,1,1,Technical Support,QA & IT Support
PS2_5576,PS2_Benchmark,2.0,1.0,7.199999999999999,2.2,1,1,1,Technical Support,QA & IT Support
PS2_5577,PS2_Benchmark,5.0,9.0,9.2,8.8,1,1,1,Technical Support,QA & IT Support
PS2_5578,PS2_Benchmark,8.0,1.0,2.0,6.6000000000000005,1,0,0,Technical Support,QA & IT Support
PS2_5579,PS2_Benchmark,2.0,4.0,4.8,9.9,1,1,0,Technical Support,QA & IT Support
PS2_5580,PS2_Benchmark,1.0,5.0,8.0,6.6000000000000005,0,0,1,Technical Support,QA & IT Support
PS2_5581,PS2_Benchmark,4.0,9.0,4.4,4.4,1,1,0,Technical Support,QA & IT Support
PS2_5582,PS2_Benchmark,5.0,9.0,9.2,7.700000000000001,0,1,0,Technical Support,QA & IT Support
PS2_5583,PS2_Benchmark,1.0,8.0,0.0,7.700000000000001,1,1,1,Technical Support,QA & IT Support
PS2_5584,PS2_Benchmark,6.0,9.0,1.2,7.700000000000001,1,0,0,Technical Support,QA & IT Support
PS2_5585,PS2_Benchmark,8.0,1.0,4.8,6.6000000000000005,1,0,1,Technical Support,QA & IT Support
PS2_5586,PS2_Benchmark,9.0,2.0,7.199999999999999,4.4,0,0,0,Technical Support,QA & IT Support
PS2_5587,PS2_Benchmark,5.0,8.0,2.4,1.1,0,0,1,Technical Support,QA & IT Support
PS2_5588,PS2_Benchmark,7.0,9.0,8.0,1.1,1,1,0,Technical Support,QA & IT Support
PS2_5589,PS2_Benchmark,6.0,8.0,9.2,8.8,1,1,0,Technical Support,QA & IT Support
PS2_5590,PS2_Benchmark,4.0,7.0,3.2,3.3000000000000003,0,1,0,Technical Support,QA & IT Support
PS2_5591,PS2_Benchmark,3.0,8.0,7.199999999999999,7.700000000000001,1,1,1,Technical Support,QA & IT Support
PS2_5592,PS2_Benchmark,7.0,7.0,1.2,3.3000000000000003,0,0,0,Technical Support,QA & IT Support
PS2_5593,PS2_Benchmark,8.0,3.0,4.8,4.4,0,0,1,Technical Support,QA & IT Support
PS2_5594,PS2_Benchmark,2.0,9.0,4.4,6.6000000000000005,0,0,1,Technical Support,QA & IT Support
PS2_5595,PS2_Benchmark,5.0,6.0,8.0,9.9,1,1,0,Technical Support,QA & IT Support
PS2_5596,PS2_Benchmark,1.0,9.0,4.8,6.6000000000000005,1,1,1,Technical Support,QA & IT Support
PS2_5597,PS2_Benchmark,5.0,8.0,1.2,2.2,0,1,0,Technical Support,QA & IT Support
PS2_5598,PS2_Benchmark,5.0,8.0,3.5999999999999996,1.1,1,1,1,Technical Support,QA & IT Support
PS2_5599,PS2_Benchmark,8.0,5.0,8.0,4.4,0,0,0,Technical Support,QA & IT Support
PS2_5600,PS2_Benchmark,3.0,7.0,6.8,8.8,1,1,1,Technical Support,QA & IT Support
PS2_5601,PS2_Benchmark,1.0,6.0,5.6,1.1,1,1,1,Technical Support,QA & IT Support
PS2_5602,PS2_Benchmark,2.0,6.0,6.8,8.8,0,0,1,Technical Support,QA & IT Support
PS2_5603,PS2_Benchmark,6.0,7.0,0.0,1.1,0,0,0,Technical Support,QA & IT Support
PS2_5604,PS2_Benchmark,4.0,3.0,8.0,6.6000000000000005,1,0,0,Technical Support,QA & IT Support
PS2_5605,PS2_Benchmark,9.0,2.0,6.0,4.4,1,0,0,Technical Support,QA & IT Support
PS2_5606,PS2_Benchmark,6.0,7.0,4.8,1.1,0,1,0,Technical Support,QA & IT Support
PS2_5607,PS2_Benchmark,9.0,1.0,4.8,2.2,0,1,0,Technical Support,QA & IT Support
PS2_5608,PS2_Benchmark,7.0,7.0,6.8,3.3000000000000003,1,0,0,Technical Support,QA & IT Support
PS2_5609,PS2_Benchmark,2.0,8.0,4.4,6.6000000000000005,1,0,1,Technical Support,QA & IT Support
PS2_5610,PS2_Benchmark,3.0,6.0,0.0,2.2,1,0,0,Technical Support,QA & IT Support
PS2_5611,PS2_Benchmark,5.0,5.0,3.5999999999999996,2.2,0,1,1,Technical Support,QA & IT Support
PS2_5612,PS2_Benchmark,3.0,4.0,6.0,6.6000000000000005,0,0,0,Technical Support,QA & IT Support
PS2_5613,PS2_Benchmark,1.0,9.0,6.8,1.1,1,1,0,Technical Support,QA & IT Support
PS2_5614,PS2_Benchmark,6.0,7.0,9.2,5.5,1,1,1,Technical Support,QA & IT Support
PS2_5615,PS2_Benchmark,1.0,3.0,3.5999999999999996,8.8,1,0,0,Technical Support,QA & IT Support
PS2_5616,PS2_Benchmark,8.0,2.0,5.6,9.9,1,1,0,Technical Support,QA & IT Support
PS2_5617,PS2_Benchmark,8.0,1.0,7.199999999999999,1.1,0,1,0,Technical Support,QA & IT Support
PS2_5618,PS2_Benchmark,8.0,2.0,1.2,6.6000000000000005,1,0,0,Technical Support,QA & IT Support
PS2_5619,PS2_Benchmark,9.0,2.0,7.199999999999999,4.4,1,0,0,Technical Support,QA & IT Support
PS2_5620,PS2_Benchmark,1.0,9.0,1.2,9.9,0,0,1,Technical Support,QA & IT Support
PS2_5621,PS2_Benchmark,5.0,4.0,6.8,4.4,0,1,0,Technical Support,QA & IT Support
PS2_5622,PS2_Benchmark,2.0,4.0,5.6,4.4,0,1,1,Technical Support,QA & IT Support
PS2_5623,PS2_Benchmark,6.0,5.0,5.6,7.700000000000001,1,0,1,Technical Support,QA & IT Support
PS2_5624,PS2_Benchmark,7.0,2.0,3.5999999999999996,5.5,1,1,1,Technical Support,QA & IT Support
PS2_5625,PS2_Benchmark,9.0,2.0,5.6,5.5,0,0,1,Technical Support,QA & IT Support
PS2_5626,PS2_Benchmark,7.0,6.0,6.0,9.9,1,0,1,Technical Support,QA & IT Support
PS2_5627,PS2_Benchmark,6.0,3.0,4.8,9.9,1,0,1,Technical Support,QA & IT Support
PS2_5628,PS2_Benchmark,3.0,1.0,9.2,7.700000000000001,0,0,1,Technical Support,QA & IT Support
PS2_5629,PS2_Benchmark,5.0,3.0,0.0,4.4,1,0,1,Technical Support,QA & IT Support
PS2_5630,PS2_Benchmark,3.0,1.0,7.199999999999999,1.1,0,1,0,Technical Support,QA & IT Support
PS2_5631,PS2_Benchmark,1.0,4.0,6.8,4.4,0,0,0,Technical Support,QA & IT Support
PS2_5632,PS2_Benchmark,7.0,9.0,2.4,1.1,1,1,0,Technical Support,QA & IT Support
PS2_5633,PS2_Benchmark,1.0,4.0,3.2,3.3000000000000003,1,0,1,Technical Support,QA & IT Support
PS2_5634,PS2_Benchmark,4.0,2.0,8.0,7.700000000000001,0,0,0,Technical Support,QA & IT Support
PS2_5635,PS2_Benchmark,4.0,4.0,1.2,8.8,0,0,1,Technical Support,QA & IT Support
PS2_5636,PS2_Benchmark,5.0,7.0,0.0,7.700000000000001,1,0,0,Technical Support,QA & IT Support
PS2_5637,PS2_Benchmark,5.0,6.0,7.199999999999999,7.700000000000001,1,0,1,Technical Support,QA & IT Support
PS2_5638,PS2_Benchmark,9.0,6.0,2.0,4.4,0,0,0,Technical Support,QA & IT Support
PS2_5639,PS2_Benchmark,8.0,8.0,1.2,8.8,1,1,0,Technical Support,QA & IT Support
PS2_5640,PS2_Benchmark,6.0,1.0,5.6,1.1,1,0,0,Technical Support,QA & IT Support
PS2_5641,PS2_Benchmark,3.0,6.0,9.2,2.2,0,0,0,Technical Support,QA & IT Support
PS2_5642,PS2_Benchmark,9.0,2.0,4.4,5.5,1,0,1,Technical Support,QA & IT Support
PS2_5643,PS2_Benchmark,3.0,2.0,4.4,1.1,0,0,1,Technical Support,QA & IT Support
PS2_5644,PS2_Benchmark,6.0,9.0,4.4,2.2,1,1,0,Technical Support,QA & IT Support
PS2_5645,PS2_Benchmark,2.0,9.0,6.8,3.3000000000000003,1,0,0,Technical Support,QA & IT Support
PS2_5646,PS2_Benchmark,6.0,4.0,4.8,2.2,1,0,1,Technical Support,QA & IT Support
PS2_5647,PS2_Benchmark,8.0,8.0,9.2,9.9,0,0,1,Technical Support,QA & IT Support
PS2_5648,PS2_Benchmark,4.0,2.0,2.4,9.9,0,1,1,Technical Support,QA & IT Support
PS2_5649,PS2_Benchmark,7.0,2.0,6.8,8.8,1,1,1,Technical Support,QA & IT Support
PS2_5650,PS2_Benchmark,6.0,7.0,2.4,8.8,0,0,1,Technical Support,QA & IT Support
PS2_5651,PS2_Benchmark,3.0,9.0,8.0,8.8,0,0,0,Technical Support,QA & IT Support
PS2_5652,PS2_Benchmark,9.0,2.0,4.8,8.8,0,0,1,Technical Support,QA & IT Support
PS2_5653,PS2_Benchmark,7.0,9.0,8.0,4.4,0,0,1,Technical Support,QA & IT Support
PS2_5654,PS2_Benchmark,7.0,1.0,1.2,7.700000000000001,0,0,0,Technical Support,QA & IT Support
PS2_5655,PS2_Benchmark,8.0,5.0,6.0,9.9,0,1,0,Technical Support,QA & IT Support
PS2_5656,PS2_Benchmark,1.0,4.0,2.4,9.9,0,0,0,Technical Support,QA & IT Support
PS2_5657,PS2_Benchmark,1.0,7.0,1.2,4.4,0,0,0,Technical Support,QA & IT Support
PS2_5658,PS2_Benchmark,6.0,4.0,3.5999999999999996,2.2,0,1,0,Technical Support,QA & IT Support
PS2_5659,PS2_Benchmark,4.0,3.0,6.0,7.700000000000001,0,0,0,Technical Support,QA & IT Support
PS2_5660,PS2_Benchmark,7.0,4.0,2.0,6.6000000000000005,0,0,1,Technical Support,QA & IT Support
PS2_5661,PS2_Benchmark,3.0,2.0,7.199999999999999,6.6000000000000005,0,1,0,Technical Support,QA & IT Support
PS2_5662,PS2_Benchmark,1.0,4.0,6.8,2.2,1,1,0,Technical Support,QA & IT Support
PS2_5663,PS2_Benchmark,9.0,4.0,4.8,4.4,1,1,0,Technical Support,QA & IT Support
PS2_5664,PS2_Benchmark,2.0,9.0,6.0,4.4,0,0,1,Technical Support,QA & IT Support
PS2_5665,PS2_Benchmark,1.0,9.0,6.0,1.1,1,0,0,Technical Support,QA & IT Support
PS2_5666,PS2_Benchmark,3.0,2.0,0.0,1.1,1,1,0,Technical Support,QA & IT Support
PS2_5667,PS2_Benchmark,7.0,8.0,2.4,1.1,1,1,1,Technical Support,QA & IT Support
PS2_5668,PS2_Benchmark,9.0,1.0,8.0,9.9,0,0,0,Technical Support,QA & IT Support
PS2_5669,PS2_Benchmark,1.0,2.0,9.2,3.3000000000000003,0,0,1,Technical Support,QA & IT Support
PS2_5670,PS2_Benchmark,1.0,8.0,6.0,6.6000000000000005,0,1,0,Technical Support,QA & IT Support
PS2_5671,PS2_Benchmark,8.0,7.0,6.0,3.3000000000000003,1,0,0,Technical Support,QA & IT Support
PS2_5672,PS2_Benchmark,4.0,4.0,4.4,4.4,0,0,1,Technical Support,QA & IT Support
PS2_5673,PS2_Benchmark,6.0,4.0,3.2,1.1,0,1,0,Technical Support,QA & IT Support
PS2_5674,PS2_Benchmark,1.0,3.0,6.8,1.1,1,0,1,Technical Support,QA & IT Support
PS2_5675,PS2_Benchmark,4.0,8.0,3.5999999999999996,2.2,0,0,0,Technical Support,QA & IT Support
PS2_5676,PS2_Benchmark,3.0,2.0,4.8,5.5,1,1,1,Technical Support,QA & IT Support
PS2_5677,PS2_Benchmark,4.0,7.0,0.0,1.1,0,0,1,Technical Support,QA & IT Support
PS2_5678,PS2_Benchmark,8.0,4.0,6.0,7.700000000000001,0,1,1,Technical Support,QA & IT Support
PS2_5679,PS2_Benchmark,1.0,7.0,6.0,2.2,0,0,0,Technical Support,QA & IT Support
PS2_5680,PS2_Benchmark,2.0,6.0,0.0,1.1,0,1,0,Technical Support,QA & IT Support
PS2_5681,PS2_Benchmark,6.0,9.0,4.4,9.9,0,1,0,Technical Support,QA & IT Support
PS2_5682,PS2_Benchmark,7.0,7.0,2.4,8.8,0,0,0,Technical Support,QA & IT Support
PS2_5683,PS2_Benchmark,4.0,8.0,1.2,8.8,0,0,1,Technical Support,QA & IT Support
PS2_5684,PS2_Benchmark,4.0,4.0,2.0,6.6000000000000005,1,1,0,Technical Support,QA & IT Support
PS2_5685,PS2_Benchmark,7.0,8.0,6.8,2.2,1,0,0,Technical Support,QA & IT Support
PS2_5686,PS2_Benchmark,7.0,1.0,1.2,2.2,0,0,1,Technical Support,QA & IT Support
PS2_5687,PS2_Benchmark,5.0,6.0,4.4,4.4,0,0,0,Technical Support,QA & IT Support
PS2_5688,PS2_Benchmark,2.0,6.0,2.4,2.2,1,0,1,Technical Support,QA & IT Support
PS2_5689,PS2_Benchmark,2.0,9.0,1.2,8.8,0,0,0,Technical Support,QA & IT Support
PS2_5690,PS2_Benchmark,3.0,5.0,6.8,9.9,1,1,0,Technical Support,QA & IT Support
PS2_5691,PS2_Benchmark,6.0,5.0,1.2,1.1,0,1,0,Technical Support,QA & IT Support
PS2_5692,PS2_Benchmark,5.0,9.0,4.4,2.2,1,0,1,Technical Support,QA & IT Support
PS2_5693,PS2_Benchmark,9.0,8.0,9.2,6.6000000000000005,1,0,0,Technical Support,QA & IT Support
PS2_5694,PS2_Benchmark,1.0,6.0,2.0,3.3000000000000003,1,0,1,Technical Support,QA & IT Support
PS2_5695,PS2_Benchmark,9.0,5.0,6.0,6.6000000000000005,1,1,0,Technical Support,QA & IT Support
PS2_5696,PS2_Benchmark,2.0,7.0,0.0,3.3000000000000003,1,0,0,Technical Support,QA & IT Support
PS2_5697,PS2_Benchmark,7.0,6.0,3.5999999999999996,9.9,1,0,1,Technical Support,QA & IT Support
PS2_5698,PS2_Benchmark,1.0,8.0,3.5999999999999996,2.2,0,1,1,Technical Support,QA & IT Support
PS2_5699,PS2_Benchmark,7.0,9.0,3.2,2.2,0,1,0,Technical Support,QA & IT Support
PS2_5700,PS2_Benchmark,5.0,5.0,4.8,7.700000000000001,0,1,1,Technical Support,QA & IT Support
PS2_5701,PS2_Benchmark,4.0,1.0,2.4,4.4,1,1,0,Technical Support,QA & IT Support
PS2_5702,PS2_Benchmark,9.0,5.0,0.0,8.8,0,0,0,Technical Support,QA & IT Support
PS2_5703,PS2_Benchmark,4.0,5.0,7.199999999999999,4.4,1,0,0,Technical Support,QA & IT Support
PS2_5704,PS2_Benchmark,6.0,4.0,4.8,4.4,1,0,1,Technical Support,QA & IT Support
PS2_5705,PS2_Benchmark,4.0,5.0,5.6,3.3000000000000003,0,1,1,Technical Support,QA & IT Support
PS2_5706,PS2_Benchmark,5.0,1.0,7.199999999999999,9.9,1,1,1,Technical Support,QA & IT Support
PS2_5707,PS2_Benchmark,1.0,4.0,6.8,1.1,1,0,0,Technical Support,QA & IT Support
PS2_5708,PS2_Benchmark,2.0,7.0,3.5999999999999996,4.4,1,0,0,Technical Support,QA & IT Support
PS2_5709,PS2_Benchmark,3.0,6.0,9.2,8.8,0,0,1,Technical Support,QA & IT Support
PS2_5710,PS2_Benchmark,9.0,7.0,6.0,6.6000000000000005,1,0,1,Technical Support,QA & IT Support
PS2_5711,PS2_Benchmark,6.0,2.0,9.2,9.9,0,1,1,Technical Support,QA & IT Support
PS2_5712,PS2_Benchmark,3.0,6.0,9.2,3.3000000000000003,1,1,0,Technical Support,QA & IT Support
PS2_5713,PS2_Benchmark,7.0,2.0,6.8,7.700000000000001,0,0,0,Technical Support,QA & IT Support
PS2_5714,PS2_Benchmark,7.0,2.0,2.0,3.3000000000000003,0,1,0,Technical Support,QA & IT Support
PS2_5715,PS2_Benchmark,4.0,2.0,3.5999999999999996,7.700000000000001,1,1,1,Technical Support,QA & IT Support
PS2_5716,PS2_Benchmark,7.0,8.0,2.0,9.9,1,1,0,Technical Support,QA & IT Support
PS2_5717,PS2_Benchmark,6.0,9.0,4.8,8.8,1,1,0,Technical Support,QA & IT Support
PS2_5718,PS2_Benchmark,9.0,9.0,7.199999999999999,8.8,1,0,1,Technical Support,QA & IT Support
PS2_5719,PS2_Benchmark,6.0,1.0,4.4,4.4,0,0,1,Technical Support,QA & IT Support
PS2_5720,PS2_Benchmark,3.0,6.0,6.0,7.700000000000001,0,1,0,Technical Support,QA & IT Support
PS2_5721,PS2_Benchmark,3.0,1.0,3.2,2.2,0,0,1,Technical Support,QA & IT Support
PS2_5722,PS2_Benchmark,2.0,8.0,4.8,8.8,1,0,0,Technical Support,QA & IT Support
PS2_5723,PS2_Benchmark,8.0,2.0,9.2,9.9,1,0,0,Technical Support,QA & IT Support
PS2_5724,PS2_Benchmark,5.0,8.0,2.0,4.4,0,0,1,Technical Support,QA & IT Support
PS2_5725,PS2_Benchmark,4.0,2.0,2.4,9.9,1,1,1,Technical Support,QA & IT Support
PS2_5726,PS2_Benchmark,5.0,8.0,3.5999999999999996,2.2,1,1,1,Technical Support,QA & IT Support
PS2_5727,PS2_Benchmark,4.0,6.0,4.4,2.2,0,1,0,Technical Support,QA & IT Support
PS2_5728,PS2_Benchmark,6.0,7.0,4.4,7.700000000000001,1,1,0,Technical Support,QA & IT Support
PS2_5729,PS2_Benchmark,3.0,6.0,3.2,8.8,0,0,0,Technical Support,QA & IT Support
PS2_5730,PS2_Benchmark,5.0,8.0,2.0,5.5,0,0,0,Technical Support,QA & IT Support
PS2_5731,PS2_Benchmark,6.0,4.0,8.0,9.9,1,0,0,Technical Support,QA & IT Support
PS2_5732,PS2_Benchmark,3.0,6.0,9.2,8.8,1,1,0,Technical Support,QA & IT Support
PS2_5733,PS2_Benchmark,6.0,2.0,2.4,7.700000000000001,0,0,1,Technical Support,QA & IT Support
PS2_5734,PS2_Benchmark,9.0,5.0,7.199999999999999,3.3000000000000003,0,0,1,Technical Support,QA & IT Support
PS2_5735,PS2_Benchmark,3.0,4.0,2.4,2.2,1,0,1,Technical Support,QA & IT Support
PS2_5736,PS2_Benchmark,5.0,3.0,7.199999999999999,5.5,0,1,1,Technical Support,QA & IT Support
PS2_5737,PS2_Benchmark,6.0,6.0,8.0,2.2,0,0,1,Technical Support,QA & IT Support
PS2_5738,PS2_Benchmark,9.0,6.0,2.0,2.2,0,0,0,Technical Support,QA & IT Support
PS2_5739,PS2_Benchmark,2.0,8.0,2.4,3.3000000000000003,1,0,0,Technical Support,QA & IT Support
PS2_5740,PS2_Benchmark,6.0,7.0,3.5999999999999996,9.9,0,1,0,Technical Support,QA & IT Support
PS2_5741,PS2_Benchmark,8.0,3.0,6.0,6.6000000000000005,0,1,0,Technical Support,QA & IT Support
PS2_5742,PS2_Benchmark,5.0,7.0,8.0,4.4,0,1,0,Technical Support,QA & IT Support
PS2_5743,PS2_Benchmark,3.0,9.0,7.199999999999999,7.700000000000001,1,1,0,UX Designer,UI/UX & Product Design
PS2_5744,PS2_Benchmark,5.0,6.0,8.0,3.3000000000000003,1,0,1,UX Designer,UI/UX & Product Design
PS2_5745,PS2_Benchmark,3.0,1.0,9.2,2.2,0,0,1,UX Designer,UI/UX & Product Design
PS2_5746,PS2_Benchmark,3.0,8.0,1.2,1.1,0,0,0,UX Designer,UI/UX & Product Design
PS2_5747,PS2_Benchmark,5.0,9.0,1.2,4.4,1,1,0,UX Designer,UI/UX & Product Design
PS2_5748,PS2_Benchmark,8.0,1.0,5.6,1.1,0,0,1,UX Designer,UI/UX & Product Design
PS2_5749,PS2_Benchmark,9.0,8.0,8.0,4.4,1,1,1,UX Designer,UI/UX & Product Design
PS2_5750,PS2_Benchmark,9.0,8.0,7.199999999999999,5.5,1,1,1,UX Designer,UI/UX & Product Design
PS2_5751,PS2_Benchmark,1.0,2.0,9.2,3.3000000000000003,1,1,1,UX Designer,UI/UX & Product Design
PS2_5752,PS2_Benchmark,1.0,5.0,3.5999999999999996,7.700000000000001,1,0,1,UX Designer,UI/UX & Product Design
PS2_5753,PS2_Benchmark,4.0,2.0,2.0,2.2,1,1,1,UX Designer,UI/UX & Product Design
PS2_5754,PS2_Benchmark,5.0,3.0,6.0,7.700000000000001,1,0,0,UX Designer,UI/UX & Product Design
PS2_5755,PS2_Benchmark,8.0,4.0,6.8,3.3000000000000003,1,0,0,UX Designer,UI/UX & Product Design
PS2_5756,PS2_Benchmark,9.0,7.0,1.2,3.3000000000000003,1,1,0,UX Designer,UI/UX & Product Design
PS2_5757,PS2_Benchmark,6.0,1.0,3.5999999999999996,7.700000000000001,1,1,0,UX Designer,UI/UX & Product Design
PS2_5758,PS2_Benchmark,2.0,6.0,4.8,8.8,0,0,1,UX Designer,UI/UX & Product Design
PS2_5759,PS2_Benchmark,4.0,2.0,6.8,3.3000000000000003,0,1,1,UX Designer,UI/UX & Product Design
PS2_5760,PS2_Benchmark,5.0,2.0,2.4,1.1,1,0,0,UX Designer,UI/UX & Product Design
PS2_5761,PS2_Benchmark,9.0,3.0,0.0,1.1,0,1,0,UX Designer,UI/UX & Product Design
PS2_5762,PS2_Benchmark,1.0,9.0,7.199999999999999,1.1,0,0,0,UX Designer,UI/UX & Product Design
PS2_5763,PS2_Benchmark,3.0,2.0,3.5999999999999996,6.6000000000000005,1,0,0,UX Designer,UI/UX & Product Design
PS2_5764,PS2_Benchmark,5.0,4.0,6.8,7.700000000000001,1,0,1,UX Designer,UI/UX & Product Design
PS2_5765,PS2_Benchmark,2.0,4.0,7.199999999999999,8.8,1,1,0,UX Designer,UI/UX & Product Design
PS2_5766,PS2_Benchmark,4.0,6.0,4.8,7.700000000000001,1,1,1,UX Designer,UI/UX & Product Design
PS2_5767,PS2_Benchmark,4.0,3.0,6.0,2.2,0,1,0,UX Designer,UI/UX & Product Design
PS2_5768,PS2_Benchmark,2.0,2.0,4.4,3.3000000000000003,0,1,0,UX Designer,UI/UX & Product Design
PS2_5769,PS2_Benchmark,2.0,9.0,1.2,4.4,1,0,1,UX Designer,UI/UX & Product Design
PS2_5770,PS2_Benchmark,3.0,2.0,3.2,6.6000000000000005,0,0,0,UX Designer,UI/UX & Product Design
PS2_5771,PS2_Benchmark,6.0,6.0,4.8,4.4,1,1,0,UX Designer,UI/UX & Product Design
PS2_5772,PS2_Benchmark,2.0,6.0,1.2,7.700000000000001,1,0,1,UX Designer,UI/UX & Product Design
PS2_5773,PS2_Benchmark,9.0,5.0,2.4,5.5,0,0,1,UX Designer,UI/UX & Product Design
PS2_5774,PS2_Benchmark,1.0,7.0,6.0,4.4,1,1,0,UX Designer,UI/UX & Product Design
PS2_5775,PS2_Benchmark,1.0,2.0,0.0,2.2,1,0,1,UX Designer,UI/UX & Product Design
PS2_5776,PS2_Benchmark,1.0,3.0,9.2,9.9,1,1,1,UX Designer,UI/UX & Product Design
PS2_5777,PS2_Benchmark,4.0,9.0,5.6,3.3000000000000003,1,1,0,UX Designer,UI/UX & Product Design
PS2_5778,PS2_Benchmark,9.0,2.0,6.0,1.1,0,0,1,UX Designer,UI/UX & Product Design
PS2_5779,PS2_Benchmark,9.0,7.0,8.0,2.2,0,0,1,UX Designer,UI/UX & Product Design
PS2_5780,PS2_Benchmark,1.0,3.0,1.2,4.4,1,0,0,UX Designer,UI/UX & Product Design
PS2_5781,PS2_Benchmark,8.0,3.0,4.8,8.8,0,1,1,UX Designer,UI/UX & Product Design
PS2_5782,PS2_Benchmark,6.0,4.0,6.8,2.2,0,0,1,UX Designer,UI/UX & Product Design
PS2_5783,PS2_Benchmark,7.0,1.0,5.6,3.3000000000000003,1,1,1,UX Designer,UI/UX & Product Design
PS2_5784,PS2_Benchmark,3.0,7.0,7.199999999999999,2.2,0,0,1,UX Designer,UI/UX & Product Design
PS2_5785,PS2_Benchmark,4.0,4.0,1.2,3.3000000000000003,1,0,1,UX Designer,UI/UX & Product Design
PS2_5786,PS2_Benchmark,7.0,1.0,3.5999999999999996,9.9,1,1,0,UX Designer,UI/UX & Product Design
PS2_5787,PS2_Benchmark,8.0,6.0,2.4,8.8,0,0,1,UX Designer,UI/UX & Product Design
PS2_5788,PS2_Benchmark,1.0,1.0,6.8,8.8,1,1,1,UX Designer,UI/UX & Product Design
PS2_5789,PS2_Benchmark,3.0,5.0,0.0,8.8,0,0,1,UX Designer,UI/UX & Product Design
PS2_5790,PS2_Benchmark,7.0,8.0,2.0,2.2,0,1,0,UX Designer,UI/UX & Product Design
PS2_5791,PS2_Benchmark,8.0,1.0,2.0,2.2,1,0,0,UX Designer,UI/UX & Product Design
PS2_5792,PS2_Benchmark,6.0,6.0,7.199999999999999,2.2,1,1,1,UX Designer,UI/UX & Product Design
PS2_5793,PS2_Benchmark,6.0,4.0,0.0,6.6000000000000005,1,0,1,UX Designer,UI/UX & Product Design
PS2_5794,PS2_Benchmark,9.0,1.0,9.2,8.8,0,0,1,UX Designer,UI/UX & Product Design
PS2_5795,PS2_Benchmark,3.0,7.0,4.8,9.9,0,1,1,UX Designer,UI/UX & Product Design
PS2_5796,PS2_Benchmark,2.0,9.0,7.199999999999999,7.700000000000001,0,0,0,UX Designer,UI/UX & Product Design
PS2_5797,PS2_Benchmark,5.0,6.0,0.0,2.2,0,0,0,UX Designer,UI/UX & Product Design
PS2_5798,PS2_Benchmark,8.0,3.0,3.5999999999999996,1.1,1,0,1,UX Designer,UI/UX & Product Design
PS2_5799,PS2_Benchmark,8.0,4.0,3.5999999999999996,8.8,0,0,1,UX Designer,UI/UX & Product Design
PS2_5800,PS2_Benchmark,7.0,3.0,3.2,4.4,1,0,1,UX Designer,UI/UX & Product Design
PS2_5801,PS2_Benchmark,6.0,4.0,2.4,7.700000000000001,0,1,0,UX Designer,UI/UX & Product Design
PS2_5802,PS2_Benchmark,9.0,5.0,7.199999999999999,9.9,0,1,1,UX Designer,UI/UX & Product Design
PS2_5803,PS2_Benchmark,6.0,5.0,0.0,2.2,1,0,1,UX Designer,UI/UX & Product Design
PS2_5804,PS2_Benchmark,2.0,3.0,7.199999999999999,9.9,1,1,0,UX Designer,UI/UX & Product Design
PS2_5805,PS2_Benchmark,3.0,1.0,9.2,5.5,0,0,0,UX Designer,UI/UX & Product Design
PS2_5806,PS2_Benchmark,8.0,3.0,3.2,5.5,1,1,1,UX Designer,UI/UX & Product Design
PS2_5807,PS2_Benchmark,9.0,2.0,7.199999999999999,4.4,0,1,0,UX Designer,UI/UX & Product Design
PS2_5808,PS2_Benchmark,7.0,3.0,5.6,3.3000000000000003,1,1,1,UX Designer,UI/UX & Product Design
PS2_5809,PS2_Benchmark,7.0,3.0,8.0,2.2,0,0,0,UX Designer,UI/UX & Product Design
PS2_5810,PS2_Benchmark,1.0,7.0,2.0,5.5,0,1,0,UX Designer,UI/UX & Product Design
PS2_5811,PS2_Benchmark,9.0,6.0,6.0,7.700000000000001,0,1,1,UX Designer,UI/UX & Product Design
PS2_5812,PS2_Benchmark,5.0,3.0,6.0,4.4,1,1,1,UX Designer,UI/UX & Product Design
PS2_5813,PS2_Benchmark,7.0,7.0,4.8,5.5,1,0,0,UX Designer,UI/UX & Product Design
PS2_5814,PS2_Benchmark,6.0,8.0,1.2,8.8,1,1,1,UX Designer,UI/UX & Product Design
PS2_5815,PS2_Benchmark,8.0,3.0,1.2,1.1,1,0,1,UX Designer,UI/UX & Product Design
PS2_5816,PS2_Benchmark,4.0,6.0,1.2,7.700000000000001,0,0,1,UX Designer,UI/UX & Product Design
PS2_5817,PS2_Benchmark,9.0,7.0,1.2,5.5,1,0,1,UX Designer,UI/UX & Product Design
PS2_5818,PS2_Benchmark,2.0,7.0,2.0,6.6000000000000005,1,0,1,UX Designer,UI/UX & Product Design
PS2_5819,PS2_Benchmark,3.0,9.0,8.0,4.4,0,1,1,UX Designer,UI/UX & Product Design
PS2_5820,PS2_Benchmark,8.0,5.0,2.4,2.2,1,0,1,UX Designer,UI/UX & Product Design
PS2_5821,PS2_Benchmark,7.0,2.0,2.4,3.3000000000000003,0,0,0,UX Designer,UI/UX & Product Design
PS2_5822,PS2_Benchmark,1.0,6.0,4.4,9.9,1,1,1,UX Designer,UI/UX & Product Design
PS2_5823,PS2_Benchmark,1.0,1.0,4.4,3.3000000000000003,0,0,0,UX Designer,UI/UX & Product Design
PS2_5824,PS2_Benchmark,9.0,4.0,0.0,9.9,0,0,0,UX Designer,UI/UX & Product Design
PS2_5825,PS2_Benchmark,9.0,1.0,0.0,1.1,1,0,0,UX Designer,UI/UX & Product Design
PS2_5826,PS2_Benchmark,7.0,3.0,9.2,2.2,0,0,1,UX Designer,UI/UX & Product Design
PS2_5827,PS2_Benchmark,3.0,5.0,4.4,2.2,1,1,1,UX Designer,UI/UX & Product Design
PS2_5828,PS2_Benchmark,5.0,9.0,3.2,2.2,0,1,1,UX Designer,UI/UX & Product Design
PS2_5829,PS2_Benchmark,2.0,8.0,3.2,1.1,0,1,1,UX Designer,UI/UX & Product Design
PS2_5830,PS2_Benchmark,7.0,1.0,5.6,3.3000000000000003,0,1,1,UX Designer,UI/UX & Product Design
PS2_5831,PS2_Benchmark,5.0,8.0,1.2,5.5,0,1,1,UX Designer,UI/UX & Product Design
PS2_5832,PS2_Benchmark,1.0,8.0,1.2,1.1,0,1,0,UX Designer,UI/UX & Product Design
PS2_5833,PS2_Benchmark,8.0,7.0,6.8,3.3000000000000003,1,1,0,UX Designer,UI/UX & Product Design
PS2_5834,PS2_Benchmark,9.0,5.0,5.6,3.3000000000000003,0,1,0,UX Designer,UI/UX & Product Design
PS2_5835,PS2_Benchmark,8.0,5.0,8.0,7.700000000000001,0,0,1,UX Designer,UI/UX & Product Design
PS2_5836,PS2_Benchmark,8.0,3.0,2.4,8.8,0,1,1,UX Designer,UI/UX & Product Design
PS2_5837,PS2_Benchmark,6.0,4.0,4.4,4.4,1,0,1,UX Designer,UI/UX & Product Design
PS2_5838,PS2_Benchmark,5.0,9.0,0.0,9.9,0,0,0,UX Designer,UI/UX & Product Design
PS2_5839,PS2_Benchmark,2.0,7.0,5.6,6.6000000000000005,0,1,1,UX Designer,UI/UX & Product Design
PS2_5840,PS2_Benchmark,7.0,3.0,3.2,7.700000000000001,1,1,0,UX Designer,UI/UX & Product Design
PS2_5841,PS2_Benchmark,4.0,5.0,9.2,7.700000000000001,1,1,0,UX Designer,UI/UX & Product Design
PS2_5842,PS2_Benchmark,9.0,2.0,2.0,4.4,0,1,0,UX Designer,UI/UX & Product Design
PS2_5843,PS2_Benchmark,8.0,2.0,2.4,8.8,0,1,0,UX Designer,UI/UX & Product Design
PS2_5844,PS2_Benchmark,6.0,3.0,1.2,9.9,1,0,1,UX Designer,UI/UX & Product Design
PS2_5845,PS2_Benchmark,5.0,4.0,7.199999999999999,3.3000000000000003,1,1,1,UX Designer,UI/UX & Product Design
PS2_5846,PS2_Benchmark,9.0,4.0,0.0,3.3000000000000003,0,1,1,UX Designer,UI/UX & Product Design
PS2_5847,PS2_Benchmark,9.0,3.0,7.199999999999999,8.8,0,1,0,UX Designer,UI/UX & Product Design
PS2_5848,PS2_Benchmark,7.0,1.0,4.4,7.700000000000001,1,0,1,UX Designer,UI/UX & Product Design
PS2_5849,PS2_Benchmark,8.0,3.0,6.8,6.6000000000000005,1,0,0,UX Designer,UI/UX & Product Design
PS2_5850,PS2_Benchmark,5.0,7.0,4.8,3.3000000000000003,1,1,0,UX Designer,UI/UX & Product Design
PS2_5851,PS2_Benchmark,2.0,2.0,7.199999999999999,6.6000000000000005,1,1,1,UX Designer,UI/UX & Product Design
PS2_5852,PS2_Benchmark,6.0,9.0,3.5999999999999996,1.1,0,1,1,UX Designer,UI/UX & Product Design
PS2_5853,PS2_Benchmark,3.0,9.0,6.0,8.8,1,0,0,UX Designer,UI/UX & Product Design
PS2_5854,PS2_Benchmark,1.0,2.0,4.4,5.5,0,0,1,UX Designer,UI/UX & Product Design
PS2_5855,PS2_Benchmark,9.0,7.0,6.8,5.5,1,1,0,UX Designer,UI/UX & Product Design
PS2_5856,PS2_Benchmark,6.0,3.0,6.0,2.2,1,1,0,UX Designer,UI/UX & Product Design
PS2_5857,PS2_Benchmark,9.0,9.0,4.8,8.8,1,0,1,UX Designer,UI/UX & Product Design
PS2_5858,PS2_Benchmark,1.0,1.0,4.8,8.8,0,0,0,UX Designer,UI/UX & Product Design
PS2_5859,PS2_Benchmark,4.0,2.0,5.6,1.1,0,0,1,UX Designer,UI/UX & Product Design
PS2_5860,PS2_Benchmark,3.0,6.0,8.0,3.3000000000000003,0,1,1,UX Designer,UI/UX & Product Design
PS2_5861,PS2_Benchmark,4.0,9.0,2.0,5.5,1,0,1,UX Designer,UI/UX & Product Design
PS2_5862,PS2_Benchmark,9.0,8.0,8.0,6.6000000000000005,1,1,0,UX Designer,UI/UX & Product Design
PS2_5863,PS2_Benchmark,5.0,4.0,1.2,2.2,1,0,1,UX Designer,UI/UX & Product Design
PS2_5864,PS2_Benchmark,7.0,4.0,5.6,8.8,1,1,1,UX Designer,UI/UX & Product Design
PS2_5865,PS2_Benchmark,2.0,3.0,0.0,5.5,1,1,1,UX Designer,UI/UX & Product Design
PS2_5866,PS2_Benchmark,7.0,8.0,7.199999999999999,3.3000000000000003,0,1,0,UX Designer,UI/UX & Product Design
PS2_5867,PS2_Benchmark,2.0,9.0,6.0,3.3000000000000003,1,0,0,UX Designer,UI/UX & Product Design
PS2_5868,PS2_Benchmark,6.0,1.0,1.2,3.3000000000000003,0,0,0,UX Designer,UI/UX & Product Design
PS2_5869,PS2_Benchmark,5.0,5.0,6.0,8.8,1,0,0,UX Designer,UI/UX & Product Design
PS2_5870,PS2_Benchmark,7.0,7.0,0.0,4.4,1,1,0,UX Designer,UI/UX & Product Design
PS2_5871,PS2_Benchmark,5.0,8.0,3.5999999999999996,3.3000000000000003,1,1,0,UX Designer,UI/UX & Product Design
PS2_5872,PS2_Benchmark,4.0,5.0,6.0,8.8,1,0,1,UX Designer,UI/UX & Product Design
PS2_5873,PS2_Benchmark,9.0,8.0,9.2,8.8,0,1,0,UX Designer,UI/UX & Product Design
PS2_5874,PS2_Benchmark,4.0,1.0,8.0,3.3000000000000003,1,1,1,UX Designer,UI/UX & Product Design
PS2_5875,PS2_Benchmark,4.0,7.0,3.2,6.6000000000000005,0,1,0,UX Designer,UI/UX & Product Design
PS2_5876,PS2_Benchmark,9.0,4.0,7.199999999999999,5.5,0,1,1,UX Designer,UI/UX & Product Design
PS2_5877,PS2_Benchmark,7.0,5.0,7.199999999999999,3.3000000000000003,1,1,1,UX Designer,UI/UX & Product Design
PS2_5878,PS2_Benchmark,4.0,7.0,4.4,2.2,1,0,1,UX Designer,UI/UX & Product Design
PS2_5879,PS2_Benchmark,9.0,1.0,7.199999999999999,1.1,1,1,0,UX Designer,UI/UX & Product Design
PS2_5880,PS2_Benchmark,2.0,9.0,4.4,2.2,0,0,1,UX Designer,UI/UX & Product Design
PS2_5881,PS2_Benchmark,6.0,9.0,2.4,6.6000000000000005,0,0,1,UX Designer,UI/UX & Product Design
PS2_5882,PS2_Benchmark,3.0,3.0,7.199999999999999,1.1,1,1,0,UX Designer,UI/UX & Product Design
PS2_5883,PS2_Benchmark,9.0,1.0,0.0,2.2,0,1,0,UX Designer,UI/UX & Product Design
PS2_5884,PS2_Benchmark,6.0,4.0,6.0,9.9,1,0,1,UX Designer,UI/UX & Product Design
PS2_5885,PS2_Benchmark,3.0,7.0,3.5999999999999996,9.9,1,1,0,UX Designer,UI/UX & Product Design
PS2_5886,PS2_Benchmark,7.0,8.0,8.0,6.6000000000000005,1,0,1,UX Designer,UI/UX & Product Design
PS2_5887,PS2_Benchmark,3.0,1.0,7.199999999999999,4.4,1,0,1,UX Designer,UI/UX & Product Design
PS2_5888,PS2_Benchmark,6.0,3.0,5.6,9.9,0,1,0,UX Designer,UI/UX & Product Design
PS2_5889,PS2_Benchmark,4.0,6.0,9.2,3.3000000000000003,0,1,1,UX Designer,UI/UX & Product Design
PS2_5890,PS2_Benchmark,2.0,7.0,1.2,3.3000000000000003,0,1,1,UX Designer,UI/UX & Product Design
PS2_5891,PS2_Benchmark,6.0,3.0,4.8,3.3000000000000003,1,0,0,UX Designer,UI/UX & Product Design
PS2_5892,PS2_Benchmark,5.0,4.0,7.199999999999999,2.2,1,0,1,UX Designer,UI/UX & Product Design
PS2_5893,PS2_Benchmark,1.0,1.0,0.0,1.1,1,1,0,UX Designer,UI/UX & Product Design
PS2_5894,PS2_Benchmark,5.0,1.0,6.0,5.5,0,0,1,UX Designer,UI/UX & Product Design
PS2_5895,PS2_Benchmark,2.0,7.0,4.8,2.2,0,1,1,UX Designer,UI/UX & Product Design
PS2_5896,PS2_Benchmark,5.0,9.0,6.8,5.5,1,1,0,UX Designer,UI/UX & Product Design
PS2_5897,PS2_Benchmark,6.0,8.0,9.2,8.8,0,0,0,UX Designer,UI/UX & Product Design
PS2_5898,PS2_Benchmark,8.0,7.0,7.199999999999999,4.4,0,0,0,UX Designer,UI/UX & Product Design
PS2_5899,PS2_Benchmark,7.0,2.0,2.4,3.3000000000000003,1,0,1,UX Designer,UI/UX & Product Design
PS2_5900,PS2_Benchmark,1.0,1.0,7.199999999999999,5.5,1,0,1,UX Designer,UI/UX & Product Design
PS2_5901,PS2_Benchmark,4.0,9.0,2.0,5.5,0,0,1,UX Designer,UI/UX & Product Design
PS2_5902,PS2_Benchmark,3.0,9.0,4.4,1.1,0,0,0,UX Designer,UI/UX & Product Design
PS2_5903,PS2_Benchmark,4.0,9.0,6.0,1.1,0,0,0,UX Designer,UI/UX & Product Design
PS2_5904,PS2_Benchmark,8.0,5.0,2.4,6.6000000000000005,0,1,0,UX Designer,UI/UX & Product Design
PS2_5905,PS2_Benchmark,5.0,5.0,9.2,7.700000000000001,1,1,1,UX Designer,UI/UX & Product Design
PS2_5906,PS2_Benchmark,7.0,4.0,3.2,8.8,0,0,0,UX Designer,UI/UX & Product Design
PS2_5907,PS2_Benchmark,4.0,5.0,3.2,3.3000000000000003,0,0,1,UX Designer,UI/UX & Product Design
PS2_5908,PS2_Benchmark,5.0,6.0,7.199999999999999,7.700000000000001,0,1,1,UX Designer,UI/UX & Product Design
PS2_5909,PS2_Benchmark,1.0,8.0,3.5999999999999996,7.700000000000001,0,0,1,UX Designer,UI/UX & Product Design
PS2_5910,PS2_Benchmark,1.0,5.0,3.2,7.700000000000001,0,1,0,UX Designer,UI/UX & Product Design
PS2_5911,PS2_Benchmark,6.0,6.0,4.8,8.8,0,1,0,UX Designer,UI/UX & Product Design
PS2_5912,PS2_Benchmark,4.0,3.0,4.4,3.3000000000000003,0,1,0,UX Designer,UI/UX & Product Design
PS2_5913,PS2_Benchmark,5.0,3.0,2.0,8.8,1,1,1,UX Designer,UI/UX & Product Design
PS2_5914,PS2_Benchmark,9.0,9.0,1.2,3.3000000000000003,1,1,1,UX Designer,UI/UX & Product Design
PS2_5915,PS2_Benchmark,6.0,8.0,6.8,7.700000000000001,0,0,1,UX Designer,UI/UX & Product Design
PS2_5916,PS2_Benchmark,9.0,8.0,7.199999999999999,6.6000000000000005,1,0,0,UX Designer,UI/UX & Product Design
PS2_5917,PS2_Benchmark,5.0,3.0,8.0,4.4,1,1,1,UX Designer,UI/UX & Product Design
PS2_5918,PS2_Benchmark,7.0,5.0,9.2,5.5,1,1,0,UX Designer,UI/UX & Product Design
PS2_5919,PS2_Benchmark,9.0,9.0,7.199999999999999,6.6000000000000005,1,0,0,UX Designer,UI/UX & Product Design
PS2_5920,PS2_Benchmark,2.0,6.0,2.4,6.6000000000000005,1,0,1,UX Designer,UI/UX & Product Design
PS2_5921,PS2_Benchmark,4.0,1.0,3.5999999999999996,4.4,1,0,1,UX Designer,UI/UX & Product Design
PS2_5922,PS2_Benchmark,2.0,7.0,7.199999999999999,2.2,0,1,0,UX Designer,UI/UX & Product Design
PS2_5923,PS2_Benchmark,7.0,8.0,4.4,9.9,0,0,0,UX Designer,UI/UX & Product Design
PS2_5924,PS2_Benchmark,6.0,2.0,6.8,2.2,0,0,0,UX Designer,UI/UX & Product Design
PS2_5925,PS2_Benchmark,5.0,3.0,5.6,9.9,1,1,0,UX Designer,UI/UX & Product Design
PS2_5926,PS2_Benchmark,2.0,9.0,9.2,9.9,1,1,1,UX Designer,UI/UX & Product Design
PS2_5927,PS2_Benchmark,6.0,7.0,3.5999999999999996,3.3000000000000003,1,0,1,UX Designer,UI/UX & Product Design
PS2_5928,PS2_Benchmark,3.0,1.0,4.8,5.5,1,0,1,UX Designer,UI/UX & Product Design
PS2_5929,PS2_Benchmark,7.0,6.0,7.199999999999999,1.1,0,0,1,UX Designer,UI/UX & Product Design
PS2_5930,PS2_Benchmark,2.0,2.0,0.0,4.4,1,1,0,UX Designer,UI/UX & Product Design
PS2_5931,PS2_Benchmark,1.0,1.0,2.4,6.6000000000000005,0,0,0,UX Designer,UI/UX & Product Design
PS2_5932,PS2_Benchmark,9.0,4.0,0.0,6.6000000000000005,0,0,1,UX Designer,UI/UX & Product Design
PS2_5933,PS2_Benchmark,7.0,4.0,6.8,9.9,1,0,1,UX Designer,UI/UX & Product Design
PS2_5934,PS2_Benchmark,5.0,8.0,5.6,6.6000000000000005,0,0,0,UX Designer,UI/UX & Product Design
PS2_5935,PS2_Benchmark,6.0,2.0,6.8,1.1,1,0,1,UX Designer,UI/UX & Product Design
PS2_5936,PS2_Benchmark,3.0,9.0,7.199999999999999,4.4,1,0,0,UX Designer,UI/UX & Product Design
PS2_5937,PS2_Benchmark,7.0,8.0,4.4,7.700000000000001,1,0,0,UX Designer,UI/UX & Product Design
PS2_5938,PS2_Benchmark,1.0,9.0,2.0,9.9,0,1,0,UX Designer,UI/UX & Product Design
PS2_5939,PS2_Benchmark,2.0,6.0,3.2,7.700000000000001,1,0,0,UX Designer,UI/UX & Product Design
PS2_5940,PS2_Benchmark,6.0,6.0,1.2,7.700000000000001,1,0,1,UX Designer,UI/UX & Product Design
PS2_5941,PS2_Benchmark,1.0,5.0,2.0,2.2,1,1,1,UX Designer,UI/UX & Product Design
PS2_5942,PS2_Benchmark,2.0,6.0,2.0,9.9,1,1,1,UX Designer,UI/UX & Product Design
PS2_5943,PS2_Benchmark,1.0,1.0,4.4,1.1,1,1,0,UX Designer,UI/UX & Product Design
PS2_5944,PS2_Benchmark,4.0,2.0,4.8,6.6000000000000005,0,1,0,UX Designer,UI/UX & Product Design
PS2_5945,PS2_Benchmark,4.0,2.0,1.2,7.700000000000001,1,0,0,UX Designer,UI/UX & Product Design
PS2_5946,PS2_Benchmark,5.0,5.0,4.4,4.4,0,0,1,UX Designer,UI/UX & Product Design
PS2_5947,PS2_Benchmark,6.0,7.0,6.8,9.9,1,1,0,UX Designer,UI/UX & Product Design
PS2_5948,PS2_Benchmark,4.0,2.0,4.4,6.6000000000000005,1,1,1,UX Designer,UI/UX & Product Design
PS2_5949,PS2_Benchmark,2.0,6.0,2.4,7.700000000000001,0,1,0,UX Designer,UI/UX & Product Design
PS2_5950,PS2_Benchmark,7.0,1.0,4.8,8.8,1,1,0,UX Designer,UI/UX & Product Design
PS2_5951,PS2_Benchmark,5.0,7.0,0.0,9.9,1,0,0,UX Designer,UI/UX & Product Design
PS2_5952,PS2_Benchmark,9.0,2.0,2.0,8.8,1,1,1,UX Designer,UI/UX & Product Design
PS2_5953,PS2_Benchmark,4.0,8.0,8.0,4.4,1,0,1,UX Designer,UI/UX & Product Design
PS2_5954,PS2_Benchmark,6.0,4.0,6.0,4.4,0,1,1,UX Designer,UI/UX & Product Design
PS2_5955,PS2_Benchmark,9.0,7.0,4.8,6.6000000000000005,0,1,0,UX Designer,UI/UX & Product Design
PS2_5956,PS2_Benchmark,9.0,6.0,6.8,7.700000000000001,1,1,0,UX Designer,UI/UX & Product Design
PS2_5957,PS2_Benchmark,2.0,9.0,3.2,1.1,0,0,0,UX Designer,UI/UX & Product Design
PS2_5958,PS2_Benchmark,5.0,9.0,0.0,7.700000000000001,0,0,0,UX Designer,UI/UX & Product Design
PS2_5959,PS2_Benchmark,9.0,7.0,6.8,5.5,0,1,1,UX Designer,UI/UX & Product Design
PS2_5960,PS2_Benchmark,4.0,3.0,1.2,5.5,0,0,1,UX Designer,UI/UX & Product Design
PS2_5961,PS2_Benchmark,4.0,6.0,3.5999999999999996,2.2,0,1,1,UX Designer,UI/UX & Product Design
PS2_5962,PS2_Benchmark,5.0,7.0,2.4,3.3000000000000003,0,1,0,UX Designer,UI/UX & Product Design
PS2_5963,PS2_Benchmark,4.0,3.0,5.6,5.5,0,0,0,UX Designer,UI/UX & Product Design
PS2_5964,PS2_Benchmark,7.0,6.0,6.8,4.4,1,1,1,UX Designer,UI/UX & Product Design
PS2_5965,PS2_Benchmark,6.0,5.0,5.6,8.8,0,1,1,UX Designer,UI/UX & Product Design
PS2_5966,PS2_Benchmark,1.0,6.0,4.4,7.700000000000001,0,0,1,UX Designer,UI/UX & Product Design
PS2_5967,PS2_Benchmark,1.0,2.0,3.5999999999999996,5.5,1,0,1,UX Designer,UI/UX & Product Design
PS2_5968,PS2_Benchmark,9.0,4.0,4.8,2.2,1,0,0,UX Designer,UI/UX & Product Design
PS2_5969,PS2_Benchmark,1.0,3.0,6.0,3.3000000000000003,0,0,1,UX Designer,UI/UX & Product Design
PS2_5970,PS2_Benchmark,4.0,9.0,5.6,4.4,1,0,0,UX Designer,UI/UX & Product Design
PS2_5971,PS2_Benchmark,2.0,2.0,8.0,5.5,1,0,0,UX Designer,UI/UX & Product Design
PS2_5972,PS2_Benchmark,7.0,4.0,0.0,1.1,0,0,0,UX Designer,UI/UX & Product Design
PS2_5973,PS2_Benchmark,5.0,6.0,3.2,1.1,1,1,1,UX Designer,UI/UX & Product Design
PS2_5974,PS2_Benchmark,8.0,7.0,0.0,1.1,1,0,0,UX Designer,UI/UX & Product Design
PS2_5975,PS2_Benchmark,8.0,6.0,7.199999999999999,4.4,0,1,1,UX Designer,UI/UX & Product Design
PS2_5976,PS2_Benchmark,6.0,5.0,8.0,2.2,0,0,0,UX Designer,UI/UX & Product Design
PS2_5977,PS2_Benchmark,9.0,3.0,2.4,6.6000000000000005,1,1,0,UX Designer,UI/UX & Product Design
PS2_5978,PS2_Benchmark,2.0,4.0,0.0,1.1,1,0,1,UX Designer,UI/UX & Product Design
PS2_5979,PS2_Benchmark,7.0,4.0,8.0,4.4,0,0,1,UX Designer,UI/UX & Product Design
PS2_5980,PS2_Benchmark,3.0,6.0,8.0,9.9,1,1,1,UX Designer,UI/UX & Product Design
PS2_5981,PS2_Benchmark,5.0,7.0,8.0,1.1,1,1,0,UX Designer,UI/UX & Product Design
PS2_5982,PS2_Benchmark,9.0,9.0,6.8,3.3000000000000003,0,1,0,UX Designer,UI/UX & Product Design
PS2_5983,PS2_Benchmark,1.0,1.0,0.0,1.1,1,0,1,UX Designer,UI/UX & Product Design
PS2_5984,PS2_Benchmark,8.0,8.0,2.4,4.4,0,1,1,UX Designer,UI/UX & Product Design
PS2_5985,PS2_Benchmark,4.0,7.0,8.0,8.8,0,0,1,UX Designer,UI/UX & Product Design
PS2_5986,PS2_Benchmark,2.0,5.0,6.8,4.4,1,1,1,UX Designer,UI/UX & Product Design
PS2_5987,PS2_Benchmark,2.0,7.0,0.0,7.700000000000001,0,1,0,UX Designer,UI/UX & Product Design
PS2_5988,PS2_Benchmark,5.0,5.0,5.6,9.9,1,0,0,UX Designer,UI/UX & Product Design
PS2_5989,PS2_Benchmark,1.0,5.0,8.0,8.8,0,1,1,UX Designer,UI/UX & Product Design
PS2_5990,PS2_Benchmark,4.0,1.0,0.0,1.1,1,1,0,UX Designer,UI/UX & Product Design
PS2_5991,PS2_Benchmark,3.0,3.0,5.6,7.700000000000001,1,0,1,UX Designer,UI/UX & Product Design
PS2_5992,PS2_Benchmark,6.0,3.0,8.0,4.4,1,0,1,UX Designer,UI/UX & Product Design
PS2_5993,PS2_Benchmark,9.0,8.0,5.6,7.700000000000001,1,0,1,UX Designer,UI/UX & Product Design
PS2_5994,PS2_Benchmark,1.0,5.0,7.199999999999999,8.8,0,0,0,UX Designer,UI/UX & Product Design
PS2_5995,PS2_Benchmark,3.0,1.0,7.199999999999999,9.9,1,1,0,UX Designer,UI/UX & Product Design
PS2_5996,PS2_Benchmark,4.0,6.0,4.8,8.8,0,0,1,UX Designer,UI/UX & Product Design
PS2_5997,PS2_Benchmark,5.0,5.0,3.5999999999999996,1.1,1,0,0,UX Designer,UI/UX & Product Design
PS2_5998,PS2_Benchmark,9.0,2.0,1.2,4.4,1,0,1,UX Designer,UI/UX & Product Design
PS2_5999,PS2_Benchmark,3.0,4.0,8.0,1.1,1,0,0,UX Designer,UI/UX & Product Design
PS2_6000,PS2_Benchmark,7.0,8.0,1.2,9.9,1,1,0,UX Designer,UI/UX & Product Design
PS2_6001,PS2_Benchmark,8.0,8.0,8.0,1.1,0,0,1,UX Designer,UI/UX & Product Design
PS2_6002,PS2_Benchmark,8.0,4.0,0.0,6.6000000000000005,0,1,0,UX Designer,UI/UX & Product Design
PS2_6003,PS2_Benchmark,5.0,8.0,6.8,5.5,1,0,0,UX Designer,UI/UX & Product Design
PS2_6004,PS2_Benchmark,6.0,1.0,2.4,9.9,0,0,0,UX Designer,UI/UX & Product Design
PS2_6005,PS2_Benchmark,8.0,5.0,6.8,1.1,1,1,1,UX Designer,UI/UX & Product Design
PS2_6006,PS2_Benchmark,7.0,2.0,6.0,1.1,1,0,0,UX Designer,UI/UX & Product Design
PS2_6007,PS2_Benchmark,5.0,8.0,0.0,4.4,1,1,1,UX Designer,UI/UX & Product Design
PS2_6008,PS2_Benchmark,1.0,7.0,3.2,2.2,1,1,1,UX Designer,UI/UX & Product Design
PS2_6009,PS2_Benchmark,9.0,2.0,0.0,3.3000000000000003,0,0,1,UX Designer,UI/UX & Product Design
PS2_6010,PS2_Benchmark,8.0,7.0,6.0,1.1,0,1,0,UX Designer,UI/UX & Product Design
PS2_6011,PS2_Benchmark,6.0,5.0,3.5999999999999996,7.700000000000001,1,0,1,UX Designer,UI/UX & Product Design
PS2_6012,PS2_Benchmark,1.0,3.0,3.2,4.4,1,0,0,UX Designer,UI/UX & Product Design
PS2_6013,PS2_Benchmark,8.0,4.0,4.8,3.3000000000000003,1,0,0,UX Designer,UI/UX & Product Design
PS2_6014,PS2_Benchmark,1.0,4.0,7.199999999999999,9.9,1,0,0,UX Designer,UI/UX & Product Design
PS2_6015,PS2_Benchmark,9.0,6.0,2.0,5.5,0,0,1,UX Designer,UI/UX & Product Design
PS2_6016,PS2_Benchmark,6.0,5.0,9.2,7.700000000000001,1,1,1,UX Designer,UI/UX & Product Design
PS2_6017,PS2_Benchmark,1.0,2.0,2.4,5.5,0,0,0,UX Designer,UI/UX & Product Design
PS2_6018,PS2_Benchmark,3.0,2.0,5.6,4.4,1,0,0,UX Designer,UI/UX & Product Design
PS2_6019,PS2_Benchmark,4.0,9.0,9.2,3.3000000000000003,0,1,0,UX Designer,UI/UX & Product Design
PS2_6020,PS2_Benchmark,8.0,3.0,4.4,1.1,0,0,1,UX Designer,UI/UX & Product Design
PS2_6021,PS2_Benchmark,9.0,5.0,6.0,2.2,1,1,1,UX Designer,UI/UX & Product Design
PS2_6022,PS2_Benchmark,9.0,8.0,9.2,3.3000000000000003,0,1,1,UX Designer,UI/UX & Product Design
PS2_6023,PS2_Benchmark,6.0,7.0,7.199999999999999,5.5,1,1,1,UX Designer,UI/UX & Product Design
PS2_6024,PS2_Benchmark,3.0,2.0,0.0,9.9,1,1,1,UX Designer,UI/UX & Product Design
PS2_6025,PS2_Benchmark,7.0,7.0,1.2,5.5,1,0,0,UX Designer,UI/UX & Product Design
PS2_6026,PS2_Benchmark,5.0,7.0,6.0,2.2,1,1,0,UX Designer,UI/UX & Product Design
PS2_6027,PS2_Benchmark,5.0,5.0,0.0,3.3000000000000003,1,1,0,UX Designer,UI/UX & Product Design
PS2_6028,PS2_Benchmark,5.0,8.0,8.0,8.8,1,0,0,UX Designer,UI/UX & Product Design
PS2_6029,PS2_Benchmark,5.0,5.0,1.2,4.4,1,0,0,UX Designer,UI/UX & Product Design
PS2_6030,PS2_Benchmark,7.0,8.0,1.2,9.9,1,1,1,UX Designer,UI/UX & Product Design
PS2_6031,PS2_Benchmark,4.0,6.0,3.5999999999999996,9.9,0,1,1,UX Designer,UI/UX & Product Design
PS2_6032,PS2_Benchmark,1.0,4.0,3.5999999999999996,9.9,1,0,0,UX Designer,UI/UX & Product Design
PS2_6033,PS2_Benchmark,2.0,9.0,0.0,9.9,1,0,0,UX Designer,UI/UX & Product Design
PS2_6034,PS2_Benchmark,1.0,2.0,4.4,5.5,0,1,0,UX Designer,UI/UX & Product Design
PS2_6035,PS2_Benchmark,3.0,7.0,3.5999999999999996,8.8,0,0,0,UX Designer,UI/UX & Product Design
PS2_6036,PS2_Benchmark,6.0,7.0,4.4,2.2,0,0,1,UX Designer,UI/UX & Product Design
PS2_6037,PS2_Benchmark,2.0,4.0,0.0,1.1,0,1,0,UX Designer,UI/UX & Product Design
PS2_6038,PS2_Benchmark,3.0,7.0,3.2,6.6000000000000005,1,1,1,UX Designer,UI/UX & Product Design
PS2_6039,PS2_Benchmark,9.0,3.0,8.0,6.6000000000000005,0,1,0,UX Designer,UI/UX & Product Design
PS2_6040,PS2_Benchmark,4.0,3.0,2.4,6.6000000000000005,1,1,0,UX Designer,UI/UX & Product Design
PS2_6041,PS2_Benchmark,9.0,7.0,4.4,1.1,1,0,0,UX Designer,UI/UX & Product Design
PS2_6042,PS2_Benchmark,8.0,2.0,7.199999999999999,7.700000000000001,1,1,1,UX Designer,UI/UX & Product Design
PS2_6043,PS2_Benchmark,1.0,3.0,9.2,3.3000000000000003,0,0,0,UX Designer,UI/UX & Product Design
PS2_6044,PS2_Benchmark,8.0,5.0,8.0,6.6000000000000005,1,0,0,UX Designer,UI/UX & Product Design
PS2_6045,PS2_Benchmark,9.0,1.0,0.0,9.9,1,1,1,UX Designer,UI/UX & Product Design
PS2_6046,PS2_Benchmark,2.0,2.0,2.0,6.6000000000000005,1,0,0,UX Designer,UI/UX & Product Design
PS2_6047,PS2_Benchmark,6.0,2.0,2.4,7.700000000000001,0,1,0,UX Designer,UI/UX & Product Design
PS2_6048,PS2_Benchmark,7.0,1.0,6.8,9.9,0,0,1,UX Designer,UI/UX & Product Design
PS2_6049,PS2_Benchmark,6.0,4.0,4.4,3.3000000000000003,1,0,0,UX Designer,UI/UX & Product Design
PS2_6050,PS2_Benchmark,9.0,8.0,6.8,7.700000000000001,1,1,1,UX Designer,UI/UX & Product Design
PS2_6051,PS2_Benchmark,2.0,9.0,0.0,8.8,1,0,0,UX Designer,UI/UX & Product Design
PS2_6052,PS2_Benchmark,6.0,8.0,2.0,6.6000000000000005,0,1,0,UX Designer,UI/UX & Product Design
PS2_6053,PS2_Benchmark,8.0,3.0,0.0,8.8,0,0,0,UX Designer,UI/UX & Product Design
PS2_6054,PS2_Benchmark,9.0,1.0,2.4,5.5,0,1,1,UX Designer,UI/UX & Product Design
PS2_6055,PS2_Benchmark,9.0,7.0,2.0,7.700000000000001,1,0,1,UX Designer,UI/UX & Product Design
PS2_6056,PS2_Benchmark,1.0,4.0,5.6,4.4,0,1,1,UX Designer,UI/UX & Product Design
PS2_6057,PS2_Benchmark,7.0,2.0,5.6,6.6000000000000005,0,1,1,UX Designer,UI/UX & Product Design
PS2_6058,PS2_Benchmark,7.0,3.0,3.5999999999999996,3.3000000000000003,0,1,0,UX Designer,UI/UX & Product Design
PS2_6059,PS2_Benchmark,5.0,6.0,8.0,3.3000000000000003,1,0,0,UX Designer,UI/UX & Product Design
PS2_6060,PS2_Benchmark,5.0,2.0,9.2,2.2,0,0,1,UX Designer,UI/UX & Product Design
PS2_6061,PS2_Benchmark,6.0,8.0,6.8,7.700000000000001,1,1,1,UX Designer,UI/UX & Product Design
PS2_6062,PS2_Benchmark,2.0,8.0,2.4,3.3000000000000003,1,1,0,UX Designer,UI/UX & Product Design
PS2_6063,PS2_Benchmark,8.0,8.0,0.0,7.700000000000001,1,1,0,UX Designer,UI/UX & Product Design
PS2_6064,PS2_Benchmark,3.0,9.0,4.4,8.8,1,1,0,UX Designer,UI/UX & Product Design
PS2_6065,PS2_Benchmark,9.0,2.0,8.0,7.700000000000001,0,0,1,UX Designer,UI/UX & Product Design
PS2_6066,PS2_Benchmark,3.0,9.0,7.199999999999999,9.9,1,0,0,UX Designer,UI/UX & Product Design
PS2_6067,PS2_Benchmark,8.0,8.0,8.0,1.1,1,1,0,UX Designer,UI/UX & Product Design
PS2_6068,PS2_Benchmark,7.0,7.0,6.0,4.4,1,0,0,UX Designer,UI/UX & Product Design
PS2_6069,PS2_Benchmark,2.0,9.0,8.0,4.4,0,1,0,UX Designer,UI/UX & Product Design
PS2_6070,PS2_Benchmark,6.0,3.0,2.4,9.9,1,1,1,UX Designer,UI/UX & Product Design
PS2_6071,PS2_Benchmark,2.0,9.0,6.0,4.4,1,0,1,UX Designer,UI/UX & Product Design
PS2_6072,PS2_Benchmark,1.0,4.0,7.199999999999999,2.2,1,1,0,UX Designer,UI/UX & Product Design
PS2_6073,PS2_Benchmark,4.0,1.0,6.0,5.5,0,0,1,UX Designer,UI/UX & Product Design
PS2_6074,PS2_Benchmark,2.0,8.0,6.8,7.700000000000001,0,0,1,UX Designer,UI/UX & Product Design
PS2_6075,PS2_Benchmark,5.0,2.0,4.8,9.9,1,0,0,UX Designer,UI/UX & Product Design
PS2_6076,PS2_Benchmark,5.0,6.0,6.0,1.1,0,0,1,UX Designer,UI/UX & Product Design
PS2_6077,PS2_Benchmark,3.0,9.0,3.5999999999999996,8.8,1,1,1,UX Designer,UI/UX & Product Design
PS2_6078,PS2_Benchmark,4.0,3.0,0.0,4.4,0,0,1,UX Designer,UI/UX & Product Design
PS2_6079,PS2_Benchmark,5.0,2.0,2.4,7.700000000000001,0,1,0,UX Designer,UI/UX & Product Design
PS2_6080,PS2_Benchmark,1.0,5.0,2.0,6.6000000000000005,0,1,0,UX Designer,UI/UX & Product Design
PS2_6081,PS2_Benchmark,3.0,7.0,1.2,6.6000000000000005,1,1,0,UX Designer,UI/UX & Product Design
PS2_6082,PS2_Benchmark,7.0,6.0,6.8,3.3000000000000003,1,0,1,UX Designer,UI/UX & Product Design
PS2_6083,PS2_Benchmark,7.0,7.0,1.2,4.4,1,0,1,UX Designer,UI/UX & Product Design
PS2_6084,PS2_Benchmark,8.0,5.0,2.4,5.5,1,1,0,UX Designer,UI/UX & Product Design
PS2_6085,PS2_Benchmark,3.0,1.0,3.5999999999999996,5.5,1,0,1,UX Designer,UI/UX & Product Design
PS2_6086,PS2_Benchmark,1.0,2.0,1.2,4.4,1,0,0,UX Designer,UI/UX & Product Design
PS2_6087,PS2_Benchmark,1.0,6.0,6.8,3.3000000000000003,0,1,0,UX Designer,UI/UX & Product Design
PS2_6088,PS2_Benchmark,9.0,4.0,4.4,3.3000000000000003,0,0,1,UX Designer,UI/UX & Product Design
PS2_6089,PS2_Benchmark,1.0,7.0,9.2,3.3000000000000003,0,1,1,UX Designer,UI/UX & Product Design
PS2_6090,PS2_Benchmark,9.0,2.0,2.4,7.700000000000001,0,1,1,UX Designer,UI/UX & Product Design
PS2_6091,PS2_Benchmark,4.0,6.0,0.0,6.6000000000000005,0,1,0,UX Designer,UI/UX & Product Design
PS2_6092,PS2_Benchmark,5.0,7.0,2.4,5.5,0,1,1,UX Designer,UI/UX & Product Design
PS2_6093,PS2_Benchmark,7.0,1.0,3.2,8.8,1,0,1,UX Designer,UI/UX & Product Design
PS2_6094,PS2_Benchmark,6.0,5.0,6.0,1.1,0,1,1,UX Designer,UI/UX & Product Design
PS2_6095,PS2_Benchmark,7.0,7.0,7.199999999999999,1.1,1,1,0,UX Designer,UI/UX & Product Design
PS2_6096,PS2_Benchmark,9.0,2.0,1.2,3.3000000000000003,1,0,1,UX Designer,UI/UX & Product Design
PS2_6097,PS2_Benchmark,7.0,3.0,6.8,1.1,0,0,0,UX Designer,UI/UX & Product Design
PS2_6098,PS2_Benchmark,6.0,4.0,0.0,2.2,1,0,0,UX Designer,UI/UX & Product Design
PS2_6099,PS2_Benchmark,6.0,4.0,8.0,3.3000000000000003,1,1,0,UX Designer,UI/UX & Product Design
PS2_6100,PS2_Benchmark,6.0,6.0,4.4,3.3000000000000003,0,0,0,UX Designer,UI/UX & Product Design
PS2_6101,PS2_Benchmark,1.0,8.0,1.2,6.6000000000000005,0,1,0,UX Designer,UI/UX & Product Design
PS2_6102,PS2_Benchmark,1.0,2.0,5.6,3.3000000000000003,1,0,1,UX Designer,UI/UX & Product Design
PS2_6103,PS2_Benchmark,6.0,6.0,4.8,8.8,1,0,1,UX Designer,UI/UX & Product Design
PS2_6104,PS2_Benchmark,9.0,5.0,6.8,3.3000000000000003,0,0,1,UX Designer,UI/UX & Product Design
PS2_6105,PS2_Benchmark,5.0,4.0,3.2,9.9,0,1,1,UX Designer,UI/UX & Product Design
PS2_6106,PS2_Benchmark,9.0,3.0,1.2,6.6000000000000005,1,0,0,UX Designer,UI/UX & Product Design
PS2_6107,PS2_Benchmark,3.0,3.0,2.4,8.8,0,0,0,UX Designer,UI/UX & Product Design
PS2_6108,PS2_Benchmark,8.0,7.0,3.5999999999999996,8.8,0,0,1,UX Designer,UI/UX & Product Design
PS2_6109,PS2_Benchmark,1.0,6.0,3.5999999999999996,1.1,0,1,0,UX Designer,UI/UX & Product Design
PS2_6110,PS2_Benchmark,5.0,6.0,3.2,7.700000000000001,0,1,0,UX Designer,UI/UX & Product Design
PS2_6111,PS2_Benchmark,8.0,2.0,0.0,8.8,0,1,1,UX Designer,UI/UX & Product Design
PS2_6112,PS2_Benchmark,3.0,5.0,5.6,8.8,0,1,1,UX Designer,UI/UX & Product Design
PS2_6113,PS2_Benchmark,5.0,8.0,4.4,6.6000000000000005,1,0,0,UX Designer,UI/UX & Product Design
PS2_6114,PS2_Benchmark,3.0,5.0,4.4,6.6000000000000005,1,0,1,UX Designer,UI/UX & Product Design
PS2_6115,PS2_Benchmark,5.0,3.0,1.2,2.2,1,0,0,UX Designer,UI/UX & Product Design
PS2_6116,PS2_Benchmark,3.0,3.0,5.6,1.1,1,0,1,UX Designer,UI/UX & Product Design
PS2_6117,PS2_Benchmark,7.0,9.0,9.2,5.5,0,0,0,UX Designer,UI/UX & Product Design
PS2_6118,PS2_Benchmark,4.0,8.0,8.0,4.4,1,1,0,UX Designer,UI/UX & Product Design
PS2_6119,PS2_Benchmark,3.0,9.0,5.6,6.6000000000000005,0,1,0,UX Designer,UI/UX & Product Design
PS2_6120,PS2_Benchmark,4.0,7.0,4.8,2.2,0,0,0,UX Designer,UI/UX & Product Design
PS2_6121,PS2_Benchmark,9.0,4.0,7.199999999999999,9.9,1,1,0,UX Designer,UI/UX & Product Design
PS2_6122,PS2_Benchmark,1.0,2.0,2.4,1.1,0,1,0,UX Designer,UI/UX & Product Design
PS2_6123,PS2_Benchmark,4.0,8.0,2.4,6.6000000000000005,1,1,0,UX Designer,UI/UX & Product Design
PS2_6124,PS2_Benchmark,4.0,7.0,4.4,6.6000000000000005,1,0,0,UX Designer,UI/UX & Product Design
PS2_6125,PS2_Benchmark,7.0,1.0,8.0,7.700000000000001,1,1,1,UX Designer,UI/UX & Product Design
PS2_6126,PS2_Benchmark,9.0,8.0,0.0,8.8,1,0,1,UX Designer,UI/UX & Product Design
PS2_6127,PS2_Benchmark,1.0,8.0,2.4,4.4,1,1,1,UX Designer,UI/UX & Product Design
PS2_6128,PS2_Benchmark,8.0,2.0,4.4,1.1,1,0,0,UX Designer,UI/UX & Product Design
PS2_6129,PS2_Benchmark,3.0,5.0,3.2,5.5,1,0,1,UX Designer,UI/UX & Product Design
PS2_6130,PS2_Benchmark,9.0,1.0,8.0,5.5,0,0,0,UX Designer,UI/UX & Product Design
PS2_6131,PS2_Benchmark,7.0,5.0,4.4,6.6000000000000005,0,0,1,UX Designer,UI/UX & Product Design
PS2_6132,PS2_Benchmark,2.0,7.0,6.8,1.1,1,0,1,UX Designer,UI/UX & Product Design
PS2_6133,PS2_Benchmark,9.0,6.0,2.0,1.1,1,0,0,UX Designer,UI/UX & Product Design
PS2_6134,PS2_Benchmark,4.0,5.0,5.6,3.3000000000000003,1,1,1,UX Designer,UI/UX & Product Design
PS2_6135,PS2_Benchmark,3.0,4.0,0.0,7.700000000000001,0,0,1,UX Designer,UI/UX & Product Design
PS2_6136,PS2_Benchmark,8.0,3.0,0.0,7.700000000000001,1,0,1,UX Designer,UI/UX & Product Design
PS2_6137,PS2_Benchmark,3.0,6.0,6.8,1.1,1,1,0,UX Designer,UI/UX & Product Design
PS2_6138,PS2_Benchmark,2.0,1.0,6.0,2.2,0,0,0,UX Designer,UI/UX & Product Design
PS2_6139,PS2_Benchmark,2.0,4.0,3.5999999999999996,5.5,0,1,0,UX Designer,UI/UX & Product Design
PS2_6140,PS2_Benchmark,6.0,4.0,6.8,8.8,1,1,1,UX Designer,UI/UX & Product Design
PS2_6141,PS2_Benchmark,6.0,8.0,4.8,2.2,1,1,0,UX Designer,UI/UX & Product Design
PS2_6142,PS2_Benchmark,8.0,4.0,4.8,1.1,0,1,0,UX Designer,UI/UX & Product Design
PS2_6143,PS2_Benchmark,3.0,8.0,1.2,6.6000000000000005,1,1,1,UX Designer,UI/UX & Product Design
PS2_6144,PS2_Benchmark,3.0,5.0,6.0,1.1,1,1,0,UX Designer,UI/UX & Product Design
PS2_6145,PS2_Benchmark,8.0,7.0,2.0,2.2,0,0,1,UX Designer,UI/UX & Product Design
PS2_6146,PS2_Benchmark,1.0,8.0,7.199999999999999,1.1,0,0,0,UX Designer,UI/UX & Product Design
PS2_6147,PS2_Benchmark,8.0,8.0,2.4,6.6000000000000005,0,0,0,UX Designer,UI/UX & Product Design
PS2_6148,PS2_Benchmark,3.0,5.0,0.0,3.3000000000000003,1,0,1,UX Designer,UI/UX & Product Design
PS2_6149,PS2_Benchmark,3.0,3.0,9.2,4.4,1,1,0,UX Designer,UI/UX & Product Design
PS2_6150,PS2_Benchmark,5.0,4.0,0.0,6.6000000000000005,0,0,1,UX Designer,UI/UX & Product Design
PS2_6151,PS2_Benchmark,1.0,9.0,7.199999999999999,9.9,1,1,0,UX Designer,UI/UX & Product Design
PS2_6152,PS2_Benchmark,4.0,4.0,7.199999999999999,5.5,0,1,1,UX Designer,UI/UX & Product Design
PS2_6153,PS2_Benchmark,7.0,1.0,3.5999999999999996,9.9,0,1,1,UX Designer,UI/UX & Product Design
PS2_6154,PS2_Benchmark,7.0,4.0,1.2,1.1,0,1,0,UX Designer,UI/UX & Product Design
PS2_6155,PS2_Benchmark,8.0,7.0,3.2,3.3000000000000003,1,1,0,UX Designer,UI/UX & Product Design
PS2_6156,PS2_Benchmark,6.0,5.0,6.8,3.3000000000000003,0,0,1,UX Designer,UI/UX & Product Design
PS2_6157,PS2_Benchmark,2.0,1.0,5.6,8.8,1,0,1,UX Designer,UI/UX & Product Design
PS2_6158,PS2_Benchmark,5.0,3.0,3.5999999999999996,7.700000000000001,0,1,1,UX Designer,UI/UX & Product Design
PS2_6159,PS2_Benchmark,1.0,4.0,3.2,2.2,0,1,1,UX Designer,UI/UX & Product Design
PS2_6160,PS2_Benchmark,9.0,3.0,7.199999999999999,4.4,1,0,1,UX Designer,UI/UX & Product Design
PS2_6161,PS2_Benchmark,5.0,4.0,6.8,9.9,1,0,1,UX Designer,UI/UX & Product Design
PS2_6162,PS2_Benchmark,9.0,7.0,5.6,5.5,0,0,1,UX Designer,UI/UX & Product Design
PS2_6163,PS2_Benchmark,2.0,6.0,8.0,4.4,0,0,0,UX Designer,UI/UX & Product Design
PS2_6164,PS2_Benchmark,2.0,3.0,7.199999999999999,5.5,0,0,0,UX Designer,UI/UX & Product Design
PS2_6165,PS2_Benchmark,5.0,8.0,6.8,5.5,1,0,1,UX Designer,UI/UX & Product Design
PS2_6166,PS2_Benchmark,4.0,8.0,6.0,4.4,1,0,0,UX Designer,UI/UX & Product Design
PS2_6167,PS2_Benchmark,9.0,2.0,7.199999999999999,5.5,1,0,0,UX Designer,UI/UX & Product Design
PS2_6168,PS2_Benchmark,8.0,7.0,1.2,9.9,0,0,0,UX Designer,UI/UX & Product Design
PS2_6169,PS2_Benchmark,5.0,8.0,2.4,9.9,1,1,1,UX Designer,UI/UX & Product Design
PS2_6170,PS2_Benchmark,8.0,2.0,6.0,5.5,0,0,1,UX Designer,UI/UX & Product Design
PS2_6171,PS2_Benchmark,2.0,9.0,9.2,6.6000000000000005,0,1,1,UX Designer,UI/UX & Product Design
PS2_6172,PS2_Benchmark,2.0,7.0,3.5999999999999996,4.4,0,0,1,UX Designer,UI/UX & Product Design
PS2_6173,PS2_Benchmark,3.0,8.0,6.8,7.700000000000001,1,0,1,UX Designer,UI/UX & Product Design
PS2_6174,PS2_Benchmark,1.0,7.0,2.0,6.6000000000000005,1,0,1,UX Designer,UI/UX & Product Design
PS2_6175,PS2_Benchmark,8.0,2.0,1.2,4.4,1,0,1,UX Designer,UI/UX & Product Design
PS2_6176,PS2_Benchmark,3.0,6.0,5.6,2.2,0,0,1,UX Designer,UI/UX & Product Design
PS2_6177,PS2_Benchmark,1.0,4.0,8.0,9.9,0,0,0,UX Designer,UI/UX & Product Design
PS2_6178,PS2_Benchmark,6.0,8.0,9.2,4.4,0,1,0,UX Designer,UI/UX & Product Design
PS2_6179,PS2_Benchmark,2.0,6.0,5.6,9.9,1,0,0,UX Designer,UI/UX & Product Design
PS2_6180,PS2_Benchmark,5.0,4.0,5.6,1.1,0,0,0,UX Designer,UI/UX & Product Design
PS2_6181,PS2_Benchmark,4.0,4.0,0.0,8.8,1,0,1,UX Designer,UI/UX & Product Design
PS2_6182,PS2_Benchmark,2.0,1.0,8.0,9.9,0,0,1,UX Designer,UI/UX & Product Design
PS2_6183,PS2_Benchmark,4.0,9.0,6.0,5.5,1,1,1,UX Designer,UI/UX & Product Design
PS2_6184,PS2_Benchmark,9.0,5.0,6.0,9.9,1,0,0,UX Designer,UI/UX & Product Design
PS2_6185,PS2_Benchmark,9.0,5.0,5.6,1.1,0,0,0,UX Designer,UI/UX & Product Design
PS2_6186,PS2_Benchmark,3.0,9.0,5.6,1.1,0,0,1,UX Designer,UI/UX & Product Design
PS2_6187,PS2_Benchmark,8.0,1.0,4.8,1.1,0,1,0,UX Designer,UI/UX & Product Design
PS2_6188,PS2_Benchmark,5.0,9.0,6.8,4.4,0,0,1,UX Designer,UI/UX & Product Design
PS2_6189,PS2_Benchmark,6.0,4.0,1.2,7.700000000000001,1,1,0,UX Designer,UI/UX & Product Design
PS2_6190,PS2_Benchmark,2.0,2.0,2.4,1.1,1,1,1,UX Designer,UI/UX & Product Design
PS2_6191,PS2_Benchmark,9.0,4.0,4.4,8.8,0,0,1,UX Designer,UI/UX & Product Design
PS2_6192,PS2_Benchmark,5.0,8.0,2.0,8.8,0,1,0,UX Designer,UI/UX & Product Design
PS2_6193,PS2_Benchmark,7.0,7.0,3.5999999999999996,1.1,1,0,1,UX Designer,UI/UX & Product Design
PS2_6194,PS2_Benchmark,1.0,7.0,4.8,3.3000000000000003,1,1,1,UX Designer,UI/UX & Product Design
PS2_6195,PS2_Benchmark,7.0,8.0,4.8,3.3000000000000003,1,1,1,UX Designer,UI/UX & Product Design
PS2_6196,PS2_Benchmark,6.0,5.0,4.8,8.8,1,1,0,UX Designer,UI/UX & Product Design
PS2_6197,PS2_Benchmark,4.0,6.0,6.8,4.4,1,0,1,UX Designer,UI/UX & Product Design
PS2_6198,PS2_Benchmark,5.0,2.0,6.0,2.2,0,1,0,UX Designer,UI/UX & Product Design
PS2_6199,PS2_Benchmark,5.0,7.0,1.2,6.6000000000000005,0,1,0,UX Designer,UI/UX & Product Design
PS2_6200,PS2_Benchmark,8.0,2.0,2.0,6.6000000000000005,0,1,0,UX Designer,UI/UX & Product Design
PS2_6201,PS2_Benchmark,2.0,7.0,6.0,5.5,0,0,1,UX Designer,UI/UX & Product Design
PS2_6202,PS2_Benchmark,9.0,8.0,8.0,7.700000000000001,0,1,1,UX Designer,UI/UX & Product Design
PS2_6203,PS2_Benchmark,1.0,8.0,3.5999999999999996,9.9,0,0,1,UX Designer,UI/UX & Product Design
PS2_6204,PS2_Benchmark,4.0,4.0,3.5999999999999996,2.2,0,0,1,UX Designer,UI/UX & Product Design
PS2_6205,PS2_Benchmark,7.0,6.0,2.4,8.8,0,0,1,UX Designer,UI/UX & Product Design
PS2_6206,PS2_Benchmark,3.0,9.0,4.8,7.700000000000001,0,0,1,UX Designer,UI/UX & Product Design
PS2_6207,PS2_Benchmark,1.0,1.0,3.5999999999999996,8.8,1,1,1,UX Designer,UI/UX & Product Design
PS2_6208,PS2_Benchmark,5.0,9.0,4.4,7.700000000000001,1,1,0,UX Designer,UI/UX & Product Design
PS2_6209,PS2_Benchmark,2.0,7.0,6.0,1.1,0,0,0,UX Designer,UI/UX & Product Design
PS2_6210,PS2_Benchmark,6.0,5.0,3.2,1.1,1,0,1,UX Designer,UI/UX & Product Design
PS2_6211,PS2_Benchmark,1.0,5.0,2.4,6.6000000000000005,1,1,0,UX Designer,UI/UX & Product Design
PS2_6212,PS2_Benchmark,9.0,5.0,3.5999999999999996,3.3000000000000003,0,1,0,UX Designer,UI/UX & Product Design
PS2_6213,PS2_Benchmark,1.0,1.0,1.2,3.3000000000000003,1,1,0,UX Designer,UI/UX & Product Design
PS2_6214,PS2_Benchmark,2.0,1.0,2.0,8.8,0,1,1,UX Designer,UI/UX & Product Design
PS2_6215,PS2_Benchmark,2.0,9.0,4.8,5.5,1,1,0,UX Designer,UI/UX & Product Design
PS2_6216,PS2_Benchmark,2.0,3.0,5.6,5.5,0,0,0,UX Designer,UI/UX & Product Design
PS2_6217,PS2_Benchmark,3.0,8.0,6.0,8.8,1,0,1,UX Designer,UI/UX & Product Design
PS2_6218,PS2_Benchmark,8.0,7.0,4.8,7.700000000000001,1,1,1,UX Designer,UI/UX & Product Design
PS2_6219,PS2_Benchmark,9.0,7.0,4.4,7.700000000000001,1,0,0,UX Designer,UI/UX & Product Design
PS2_6220,PS2_Benchmark,4.0,4.0,4.8,2.2,1,0,1,UX Designer,UI/UX & Product Design
PS2_6221,PS2_Benchmark,2.0,4.0,3.2,3.3000000000000003,0,0,0,UX Designer,UI/UX & Product Design
PS2_6222,PS2_Benchmark,3.0,1.0,2.0,4.4,0,1,0,UX Designer,UI/UX & Product Design
PS2_6223,PS2_Benchmark,4.0,7.0,5.6,5.5,1,1,1,UX Designer,UI/UX & Product Design
PS2_6224,PS2_Benchmark,3.0,2.0,4.8,9.9,0,0,1,UX Designer,UI/UX & Product Design
PS2_6225,PS2_Benchmark,5.0,9.0,9.2,6.6000000000000005,0,0,1,UX Designer,UI/UX & Product Design
PS2_6226,PS2_Benchmark,2.0,5.0,5.6,2.2,0,1,1,UX Designer,UI/UX & Product Design
PS2_6227,PS2_Benchmark,4.0,5.0,8.0,7.700000000000001,1,1,1,UX Designer,UI/UX & Product Design
PS2_6228,PS2_Benchmark,4.0,2.0,2.0,1.1,0,0,0,UX Designer,UI/UX & Product Design
PS2_6229,PS2_Benchmark,7.0,8.0,3.5999999999999996,6.6000000000000005,0,0,0,UX Designer,UI/UX & Product Design
PS2_6230,PS2_Benchmark,6.0,3.0,6.8,6.6000000000000005,1,1,1,UX Designer,UI/UX & Product Design
PS2_6231,PS2_Benchmark,2.0,2.0,1.2,3.3000000000000003,0,0,0,UX Designer,UI/UX & Product Design
PS2_6232,PS2_Benchmark,1.0,1.0,4.4,5.5,1,0,1,UX Designer,UI/UX & Product Design
PS2_6233,PS2_Benchmark,1.0,9.0,9.2,8.8,0,0,1,UX Designer,UI/UX & Product Design
PS2_6234,PS2_Benchmark,5.0,6.0,4.4,5.5,0,0,0,UX Designer,UI/UX & Product Design
PS2_6235,PS2_Benchmark,9.0,8.0,6.8,9.9,0,0,0,UX Designer,UI/UX & Product Design
PS2_6236,PS2_Benchmark,4.0,7.0,5.6,7.700000000000001,1,1,1,UX Designer,UI/UX & Product Design
PS2_6237,PS2_Benchmark,9.0,7.0,3.5999999999999996,1.1,1,1,0,UX Designer,UI/UX & Product Design
PS2_6238,PS2_Benchmark,6.0,8.0,5.6,6.6000000000000005,1,0,1,UX Designer,UI/UX & Product Design
PS2_6239,PS2_Benchmark,5.0,8.0,8.0,2.2,0,1,1,UX Designer,UI/UX & Product Design
PS2_6240,PS2_Benchmark,2.0,1.0,0.0,8.8,0,0,0,UX Designer,UI/UX & Product Design
PS2_6241,PS2_Benchmark,4.0,8.0,9.2,6.6000000000000005,0,1,0,UX Designer,UI/UX & Product Design
PS2_6242,PS2_Benchmark,9.0,3.0,1.2,7.700000000000001,0,1,1,UX Designer,UI/UX & Product Design
PS2_6243,PS2_Benchmark,9.0,3.0,1.2,9.9,0,0,0,UX Designer,UI/UX & Product Design
PS2_6244,PS2_Benchmark,5.0,9.0,6.8,3.3000000000000003,1,1,1,UX Designer,UI/UX & Product Design
PS2_6245,PS2_Benchmark,7.0,6.0,4.8,2.2,1,1,1,UX Designer,UI/UX & Product Design
PS2_6246,PS2_Benchmark,8.0,7.0,1.2,7.700000000000001,1,1,1,UX Designer,UI/UX & Product Design
PS2_6247,PS2_Benchmark,3.0,5.0,4.4,2.2,0,0,1,UX Designer,UI/UX & Product Design
PS2_6248,PS2_Benchmark,2.0,2.0,2.0,1.1,1,1,1,UX Designer,UI/UX & Product Design
PS2_6249,PS2_Benchmark,5.0,4.0,5.6,9.9,0,0,1,UX Designer,UI/UX & Product Design
PS2_6250,PS2_Benchmark,3.0,4.0,7.199999999999999,7.700000000000001,1,0,0,UX Designer,UI/UX & Product Design
PS2_6251,PS2_Benchmark,9.0,4.0,1.2,6.6000000000000005,1,0,1,UX Designer,UI/UX & Product Design
PS2_6252,PS2_Benchmark,6.0,9.0,0.0,9.9,1,0,0,UX Designer,UI/UX & Product Design
PS2_6253,PS2_Benchmark,6.0,2.0,1.2,8.8,1,1,0,UX Designer,UI/UX & Product Design
PS2_6254,PS2_Benchmark,9.0,3.0,7.199999999999999,1.1,1,1,1,UX Designer,UI/UX & Product Design
PS2_6255,PS2_Benchmark,8.0,3.0,9.2,7.700000000000001,1,1,1,UX Designer,UI/UX & Product Design
PS2_6256,PS2_Benchmark,7.0,6.0,7.199999999999999,1.1,0,1,1,UX Designer,UI/UX & Product Design
PS2_6257,PS2_Benchmark,1.0,3.0,2.0,5.5,0,1,1,UX Designer,UI/UX & Product Design
PS2_6258,PS2_Benchmark,7.0,6.0,2.0,6.6000000000000005,0,0,0,UX Designer,UI/UX & Product Design
PS2_6259,PS2_Benchmark,9.0,8.0,2.4,4.4,1,0,1,UX Designer,UI/UX & Product Design
PS2_6260,PS2_Benchmark,3.0,9.0,0.0,1.1,0,0,0,UX Designer,UI/UX & Product Design
PS2_6261,PS2_Benchmark,9.0,2.0,4.4,3.3000000000000003,0,1,1,UX Designer,UI/UX & Product Design
PS2_6262,PS2_Benchmark,2.0,9.0,9.2,5.5,0,1,1,UX Designer,UI/UX & Product Design
PS2_6263,PS2_Benchmark,2.0,3.0,4.8,2.2,0,0,0,UX Designer,UI/UX & Product Design
PS2_6264,PS2_Benchmark,1.0,7.0,2.0,4.4,0,0,1,UX Designer,UI/UX & Product Design
PS2_6265,PS2_Benchmark,1.0,4.0,0.0,3.3000000000000003,0,1,0,UX Designer,UI/UX & Product Design
PS2_6266,PS2_Benchmark,1.0,4.0,2.0,6.6000000000000005,1,1,1,UX Designer,UI/UX & Product Design
PS2_6267,PS2_Benchmark,3.0,4.0,2.4,6.6000000000000005,0,1,0,UX Designer,UI/UX & Product Design
PS2_6268,PS2_Benchmark,7.0,9.0,1.2,5.5,0,0,0,UX Designer,UI/UX & Product Design
PS2_6269,PS2_Benchmark,1.0,7.0,3.5999999999999996,8.8,0,1,0,UX Designer,UI/UX & Product Design
PS2_6270,PS2_Benchmark,1.0,8.0,5.6,4.4,1,1,1,UX Designer,UI/UX & Product Design
PS2_6271,PS2_Benchmark,6.0,5.0,4.4,4.4,1,0,0,UX Designer,UI/UX & Product Design
PS2_6272,PS2_Benchmark,8.0,6.0,2.0,6.6000000000000005,1,1,0,UX Designer,UI/UX & Product Design
PS2_6273,PS2_Benchmark,6.0,7.0,5.6,5.5,1,0,0,UX Designer,UI/UX & Product Design
PS2_6274,PS2_Benchmark,7.0,3.0,6.0,3.3000000000000003,1,0,0,UX Designer,UI/UX & Product Design
PS2_6275,PS2_Benchmark,4.0,5.0,3.5999999999999996,8.8,0,1,1,UX Designer,UI/UX & Product Design
PS2_6276,PS2_Benchmark,7.0,6.0,2.4,1.1,0,1,1,UX Designer,UI/UX & Product Design
PS2_6277,PS2_Benchmark,3.0,8.0,5.6,2.2,0,0,0,UX Designer,UI/UX & Product Design
PS2_6278,PS2_Benchmark,8.0,7.0,4.8,5.5,0,1,0,UX Designer,UI/UX & Product Design
PS2_6279,PS2_Benchmark,8.0,2.0,5.6,7.700000000000001,1,1,0,UX Designer,UI/UX & Product Design
PS2_6280,PS2_Benchmark,8.0,5.0,4.4,2.2,1,0,0,UX Designer,UI/UX & Product Design
PS2_6281,PS2_Benchmark,9.0,8.0,6.8,9.9,0,1,1,UX Designer,UI/UX & Product Design
PS2_6282,PS2_Benchmark,1.0,5.0,2.4,2.2,1,0,0,UX Designer,UI/UX & Product Design
PS2_6283,PS2_Benchmark,4.0,4.0,6.0,9.9,1,0,0,UX Designer,UI/UX & Product Design
PS2_6284,PS2_Benchmark,1.0,6.0,2.0,6.6000000000000005,0,0,1,UX Designer,UI/UX & Product Design
PS2_6285,PS2_Benchmark,5.0,4.0,1.2,4.4,0,1,0,UX Designer,UI/UX & Product Design
PS2_6286,PS2_Benchmark,4.0,6.0,9.2,7.700000000000001,0,0,0,UX Designer,UI/UX & Product Design
PS2_6287,PS2_Benchmark,7.0,7.0,3.5999999999999996,3.3000000000000003,0,0,0,UX Designer,UI/UX & Product Design
PS2_6288,PS2_Benchmark,7.0,4.0,8.0,8.8,0,1,0,UX Designer,UI/UX & Product Design
PS2_6289,PS2_Benchmark,3.0,3.0,1.2,9.9,1,1,0,UX Designer,UI/UX & Product Design
PS2_6290,PS2_Benchmark,8.0,4.0,1.2,2.2,0,0,0,UX Designer,UI/UX & Product Design
PS2_6291,PS2_Benchmark,5.0,6.0,0.0,9.9,0,1,1,UX Designer,UI/UX & Product Design
PS2_6292,PS2_Benchmark,1.0,5.0,7.199999999999999,3.3000000000000003,0,0,0,UX Designer,UI/UX & Product Design
PS2_6293,PS2_Benchmark,8.0,5.0,2.4,4.4,1,1,1,UX Designer,UI/UX & Product Design
PS2_6294,PS2_Benchmark,1.0,6.0,6.8,9.9,1,1,0,UX Designer,UI/UX & Product Design
PS2_6295,PS2_Benchmark,2.0,1.0,2.4,7.700000000000001,0,0,1,UX Designer,UI/UX & Product Design
PS2_6296,PS2_Benchmark,3.0,6.0,7.199999999999999,7.700000000000001,1,0,0,UX Designer,UI/UX & Product Design
PS2_6297,PS2_Benchmark,3.0,4.0,2.0,1.1,1,0,1,UX Designer,UI/UX & Product Design
PS2_6298,PS2_Benchmark,1.0,6.0,3.5999999999999996,5.5,1,1,1,UX Designer,UI/UX & Product Design
PS2_6299,PS2_Benchmark,2.0,2.0,2.0,4.4,1,0,0,UX Designer,UI/UX & Product Design
PS2_6300,PS2_Benchmark,2.0,1.0,3.2,9.9,0,1,1,UX Designer,UI/UX & Product Design
PS2_6301,PS2_Benchmark,1.0,2.0,8.0,9.9,1,1,1,UX Designer,UI/UX & Product Design
PS2_6302,PS2_Benchmark,3.0,3.0,4.4,8.8,0,1,1,UX Designer,UI/UX & Product Design
PS2_6303,PS2_Benchmark,1.0,5.0,2.0,1.1,0,0,1,UX Designer,UI/UX & Product Design
PS2_6304,PS2_Benchmark,9.0,6.0,6.8,4.4,1,0,0,UX Designer,UI/UX & Product Design
PS2_6305,PS2_Benchmark,9.0,9.0,1.2,7.700000000000001,0,0,1,UX Designer,UI/UX & Product Design
PS2_6306,PS2_Benchmark,6.0,9.0,4.8,3.3000000000000003,0,1,0,UX Designer,UI/UX & Product Design
PS2_6307,PS2_Benchmark,2.0,1.0,9.2,7.700000000000001,0,1,1,UX Designer,UI/UX & Product Design
PS2_6308,PS2_Benchmark,9.0,8.0,4.8,3.3000000000000003,0,1,1,UX Designer,UI/UX & Product Design
PS2_6309,PS2_Benchmark,7.0,4.0,2.0,8.8,0,1,1,UX Designer,UI/UX & Product Design
PS2_6310,PS2_Benchmark,1.0,2.0,6.0,8.8,1,0,1,UX Designer,UI/UX & Product Design
PS2_6311,PS2_Benchmark,2.0,2.0,4.4,9.9,1,0,0,UX Designer,UI/UX & Product Design
PS2_6312,PS2_Benchmark,7.0,2.0,5.6,5.5,0,0,0,UX Designer,UI/UX & Product Design
PS2_6313,PS2_Benchmark,4.0,3.0,3.5999999999999996,3.3000000000000003,1,1,1,UX Designer,UI/UX & Product Design
PS2_6314,PS2_Benchmark,7.0,3.0,9.2,4.4,1,1,0,UX Designer,UI/UX & Product Design
PS2_6315,PS2_Benchmark,5.0,1.0,2.4,3.3000000000000003,0,1,1,UX Designer,UI/UX & Product Design
PS2_6316,PS2_Benchmark,1.0,2.0,8.0,8.8,1,1,1,UX Designer,UI/UX & Product Design
PS2_6317,PS2_Benchmark,3.0,5.0,0.0,8.8,1,1,1,UX Designer,UI/UX & Product Design
PS2_6318,PS2_Benchmark,4.0,6.0,5.6,2.2,1,0,0,UX Designer,UI/UX & Product Design
PS2_6319,PS2_Benchmark,7.0,8.0,3.5999999999999996,3.3000000000000003,0,1,1,UX Designer,UI/UX & Product Design
PS2_6320,PS2_Benchmark,7.0,8.0,3.5999999999999996,5.5,1,0,1,UX Designer,UI/UX & Product Design
PS2_6321,PS2_Benchmark,5.0,4.0,2.0,2.2,0,1,0,UX Designer,UI/UX & Product Design
PS2_6322,PS2_Benchmark,3.0,6.0,1.2,3.3000000000000003,1,1,0,UX Designer,UI/UX & Product Design
PS2_6323,PS2_Benchmark,3.0,4.0,0.0,5.5,0,1,1,UX Designer,UI/UX & Product Design
PS2_6324,PS2_Benchmark,8.0,3.0,3.5999999999999996,5.5,0,0,0,UX Designer,UI/UX & Product Design
PS2_6325,PS2_Benchmark,9.0,1.0,2.0,9.9,1,0,1,UX Designer,UI/UX & Product Design
PS2_6326,PS2_Benchmark,9.0,7.0,2.4,1.1,1,0,1,UX Designer,UI/UX & Product Design
PS2_6327,PS2_Benchmark,9.0,5.0,5.6,1.1,0,0,0,UX Designer,UI/UX & Product Design
PS2_6328,PS2_Benchmark,8.0,7.0,2.0,4.4,1,1,1,UX Designer,UI/UX & Product Design
PS2_6329,PS2_Benchmark,9.0,1.0,9.2,7.700000000000001,0,1,1,UX Designer,UI/UX & Product Design
PS2_6330,PS2_Benchmark,7.0,1.0,6.8,2.2,1,0,0,UX Designer,UI/UX & Product Design
PS2_6331,PS2_Benchmark,6.0,7.0,6.8,9.9,0,0,1,UX Designer,UI/UX & Product Design
PS2_6332,PS2_Benchmark,7.0,5.0,9.2,8.8,1,0,1,Web Developer,Software & Web Development
PS2_6333,PS2_Benchmark,7.0,5.0,8.0,4.4,0,1,1,Web Developer,Software & Web Development
PS2_6334,PS2_Benchmark,3.0,2.0,1.2,6.6000000000000005,0,1,0,Web Developer,Software & Web Development
PS2_6335,PS2_Benchmark,7.0,3.0,1.2,5.5,1,1,0,Web Developer,Software & Web Development
PS2_6336,PS2_Benchmark,4.0,5.0,8.0,2.2,1,1,0,Web Developer,Software & Web Development
PS2_6337,PS2_Benchmark,4.0,3.0,0.0,1.1,0,0,0,Web Developer,Software & Web Development
PS2_6338,PS2_Benchmark,5.0,5.0,2.4,4.4,0,0,1,Web Developer,Software & Web Development
PS2_6339,PS2_Benchmark,7.0,9.0,3.5999999999999996,7.700000000000001,0,0,0,Web Developer,Software & Web Development
PS2_6340,PS2_Benchmark,8.0,4.0,1.2,2.2,1,1,0,Web Developer,Software & Web Development
PS2_6341,PS2_Benchmark,4.0,8.0,8.0,3.3000000000000003,0,1,0,Web Developer,Software & Web Development
PS2_6342,PS2_Benchmark,4.0,9.0,3.2,6.6000000000000005,1,0,1,Web Developer,Software & Web Development
PS2_6343,PS2_Benchmark,6.0,7.0,4.4,7.700000000000001,0,0,1,Web Developer,Software & Web Development
PS2_6344,PS2_Benchmark,8.0,9.0,3.5999999999999996,5.5,0,0,1,Web Developer,Software & Web Development
PS2_6345,PS2_Benchmark,9.0,6.0,7.199999999999999,6.6000000000000005,1,1,0,Web Developer,Software & Web Development
PS2_6346,PS2_Benchmark,7.0,9.0,4.8,1.1,0,0,0,Web Developer,Software & Web Development
PS2_6347,PS2_Benchmark,2.0,5.0,8.0,9.9,0,0,0,Web Developer,Software & Web Development
PS2_6348,PS2_Benchmark,6.0,1.0,2.4,7.700000000000001,1,1,1,Web Developer,Software & Web Development
PS2_6349,PS2_Benchmark,8.0,4.0,3.5999999999999996,4.4,0,0,0,Web Developer,Software & Web Development
PS2_6350,PS2_Benchmark,4.0,1.0,6.8,8.8,0,0,1,Web Developer,Software & Web Development
PS2_6351,PS2_Benchmark,5.0,3.0,1.2,1.1,0,0,1,Web Developer,Software & Web Development
PS2_6352,PS2_Benchmark,6.0,8.0,6.0,9.9,0,1,1,Web Developer,Software & Web Development
PS2_6353,PS2_Benchmark,7.0,9.0,7.199999999999999,1.1,1,0,1,Web Developer,Software & Web Development
PS2_6354,PS2_Benchmark,8.0,2.0,6.0,2.2,0,0,1,Web Developer,Software & Web Development
PS2_6355,PS2_Benchmark,6.0,5.0,7.199999999999999,3.3000000000000003,1,1,0,Web Developer,Software & Web Development
PS2_6356,PS2_Benchmark,2.0,5.0,7.199999999999999,8.8,1,0,1,Web Developer,Software & Web Development
PS2_6357,PS2_Benchmark,2.0,8.0,4.8,2.2,1,1,1,Web Developer,Software & Web Development
PS2_6358,PS2_Benchmark,9.0,9.0,2.0,2.2,1,0,1,Web Developer,Software & Web Development
PS2_6359,PS2_Benchmark,8.0,9.0,7.199999999999999,7.700000000000001,0,0,1,Web Developer,Software & Web Development
PS2_6360,PS2_Benchmark,6.0,6.0,0.0,5.5,0,1,1,Web Developer,Software & Web Development
PS2_6361,PS2_Benchmark,5.0,1.0,0.0,6.6000000000000005,0,1,1,Web Developer,Software & Web Development
PS2_6362,PS2_Benchmark,6.0,6.0,4.4,1.1,1,1,0,Web Developer,Software & Web Development
PS2_6363,PS2_Benchmark,4.0,2.0,8.0,3.3000000000000003,1,1,0,Web Developer,Software & Web Development
PS2_6364,PS2_Benchmark,6.0,6.0,3.5999999999999996,5.5,1,1,0,Web Developer,Software & Web Development
PS2_6365,PS2_Benchmark,3.0,2.0,5.6,4.4,1,0,1,Web Developer,Software & Web Development
PS2_6366,PS2_Benchmark,5.0,3.0,3.2,9.9,0,0,0,Web Developer,Software & Web Development
PS2_6367,PS2_Benchmark,3.0,7.0,2.0,7.700000000000001,0,1,0,Web Developer,Software & Web Development
PS2_6368,PS2_Benchmark,1.0,9.0,6.8,3.3000000000000003,0,0,0,Web Developer,Software & Web Development
PS2_6369,PS2_Benchmark,4.0,8.0,7.199999999999999,8.8,0,0,0,Web Developer,Software & Web Development
PS2_6370,PS2_Benchmark,2.0,4.0,2.0,8.8,0,1,1,Web Developer,Software & Web Development
PS2_6371,PS2_Benchmark,3.0,7.0,2.4,4.4,0,0,0,Web Developer,Software & Web Development
PS2_6372,PS2_Benchmark,8.0,2.0,3.2,8.8,0,0,0,Web Developer,Software & Web Development
PS2_6373,PS2_Benchmark,6.0,6.0,2.0,9.9,1,1,1,Web Developer,Software & Web Development
PS2_6374,PS2_Benchmark,8.0,4.0,8.0,2.2,1,1,1,Web Developer,Software & Web Development
PS2_6375,PS2_Benchmark,9.0,2.0,0.0,9.9,0,1,1,Web Developer,Software & Web Development
PS2_6376,PS2_Benchmark,5.0,1.0,2.4,7.700000000000001,0,0,0,Web Developer,Software & Web Development
PS2_6377,PS2_Benchmark,7.0,1.0,0.0,6.6000000000000005,0,0,0,Web Developer,Software & Web Development
PS2_6378,PS2_Benchmark,5.0,3.0,3.2,1.1,0,1,1,Web Developer,Software & Web Development
PS2_6379,PS2_Benchmark,2.0,6.0,3.2,6.6000000000000005,1,1,1,Web Developer,Software & Web Development
PS2_6380,PS2_Benchmark,4.0,9.0,3.2,3.3000000000000003,0,0,1,Web Developer,Software & Web Development
PS2_6381,PS2_Benchmark,1.0,2.0,6.8,1.1,0,0,0,Web Developer,Software & Web Development
PS2_6382,PS2_Benchmark,4.0,4.0,2.4,1.1,1,1,1,Web Developer,Software & Web Development
PS2_6383,PS2_Benchmark,8.0,3.0,6.8,8.8,1,0,0,Web Developer,Software & Web Development
PS2_6384,PS2_Benchmark,7.0,3.0,9.2,1.1,0,1,1,Web Developer,Software & Web Development
PS2_6385,PS2_Benchmark,7.0,6.0,5.6,5.5,0,1,0,Web Developer,Software & Web Development
PS2_6386,PS2_Benchmark,4.0,9.0,9.2,8.8,1,1,0,Web Developer,Software & Web Development
PS2_6387,PS2_Benchmark,1.0,3.0,0.0,8.8,1,1,0,Web Developer,Software & Web Development
PS2_6388,PS2_Benchmark,3.0,6.0,0.0,3.3000000000000003,1,0,1,Web Developer,Software & Web Development
PS2_6389,PS2_Benchmark,8.0,3.0,1.2,8.8,1,0,0,Web Developer,Software & Web Development
PS2_6390,PS2_Benchmark,2.0,8.0,1.2,1.1,1,0,0,Web Developer,Software & Web Development
PS2_6391,PS2_Benchmark,8.0,3.0,3.5999999999999996,5.5,1,1,0,Web Developer,Software & Web Development
PS2_6392,PS2_Benchmark,6.0,3.0,0.0,7.700000000000001,1,1,1,Web Developer,Software & Web Development
PS2_6393,PS2_Benchmark,3.0,3.0,1.2,9.9,0,1,0,Web Developer,Software & Web Development
PS2_6394,PS2_Benchmark,1.0,6.0,3.2,4.4,1,1,0,Web Developer,Software & Web Development
PS2_6395,PS2_Benchmark,8.0,3.0,8.0,6.6000000000000005,0,1,1,Web Developer,Software & Web Development
PS2_6396,PS2_Benchmark,5.0,8.0,6.8,6.6000000000000005,1,0,0,Web Developer,Software & Web Development
PS2_6397,PS2_Benchmark,6.0,5.0,1.2,2.2,1,1,1,Web Developer,Software & Web Development
PS2_6398,PS2_Benchmark,1.0,5.0,5.6,1.1,1,1,0,Web Developer,Software & Web Development
PS2_6399,PS2_Benchmark,1.0,1.0,4.4,8.8,1,0,1,Web Developer,Software & Web Development
PS2_6400,PS2_Benchmark,2.0,5.0,2.0,8.8,1,1,0,Web Developer,Software & Web Development
PS2_6401,PS2_Benchmark,3.0,4.0,8.0,3.3000000000000003,0,0,1,Web Developer,Software & Web Development
PS2_6402,PS2_Benchmark,3.0,2.0,5.6,3.3000000000000003,0,1,0,Web Developer,Software & Web Development
PS2_6403,PS2_Benchmark,9.0,3.0,9.2,3.3000000000000003,1,1,0,Web Developer,Software & Web Development
PS2_6404,PS2_Benchmark,6.0,1.0,8.0,7.700000000000001,0,1,0,Web Developer,Software & Web Development
PS2_6405,PS2_Benchmark,5.0,2.0,8.0,8.8,1,1,1,Web Developer,Software & Web Development
PS2_6406,PS2_Benchmark,6.0,8.0,6.8,3.3000000000000003,0,0,0,Web Developer,Software & Web Development
PS2_6407,PS2_Benchmark,4.0,7.0,2.4,2.2,0,1,0,Web Developer,Software & Web Development
PS2_6408,PS2_Benchmark,3.0,1.0,4.8,8.8,0,1,1,Web Developer,Software & Web Development
PS2_6409,PS2_Benchmark,3.0,5.0,3.2,6.6000000000000005,1,0,1,Web Developer,Software & Web Development
PS2_6410,PS2_Benchmark,4.0,9.0,3.2,4.4,1,0,0,Web Developer,Software & Web Development
PS2_6411,PS2_Benchmark,9.0,2.0,4.4,1.1,1,1,1,Web Developer,Software & Web Development
PS2_6412,PS2_Benchmark,8.0,1.0,8.0,8.8,0,1,0,Web Developer,Software & Web Development
PS2_6413,PS2_Benchmark,8.0,1.0,5.6,1.1,1,1,0,Web Developer,Software & Web Development
PS2_6414,PS2_Benchmark,8.0,8.0,9.2,1.1,0,1,1,Web Developer,Software & Web Development
PS2_6415,PS2_Benchmark,2.0,4.0,8.0,1.1,0,1,1,Web Developer,Software & Web Development
PS2_6416,PS2_Benchmark,9.0,6.0,2.0,9.9,0,1,1,Web Developer,Software & Web Development
PS2_6417,PS2_Benchmark,3.0,6.0,2.4,6.6000000000000005,1,1,1,Web Developer,Software & Web Development
PS2_6418,PS2_Benchmark,1.0,1.0,7.199999999999999,9.9,0,1,1,Web Developer,Software & Web Development
PS2_6419,PS2_Benchmark,7.0,2.0,4.8,9.9,1,0,0,Web Developer,Software & Web Development
PS2_6420,PS2_Benchmark,5.0,4.0,8.0,2.2,0,0,1,Web Developer,Software & Web Development
PS2_6421,PS2_Benchmark,4.0,1.0,5.6,2.2,1,1,1,Web Developer,Software & Web Development
PS2_6422,PS2_Benchmark,7.0,8.0,3.5999999999999996,9.9,1,0,0,Web Developer,Software & Web Development
PS2_6423,PS2_Benchmark,4.0,8.0,6.0,8.8,0,1,1,Web Developer,Software & Web Development
PS2_6424,PS2_Benchmark,8.0,6.0,8.0,9.9,0,1,0,Web Developer,Software & Web Development
PS2_6425,PS2_Benchmark,8.0,3.0,2.0,5.5,1,0,1,Web Developer,Software & Web Development
PS2_6426,PS2_Benchmark,4.0,1.0,6.8,5.5,0,1,0,Web Developer,Software & Web Development
PS2_6427,PS2_Benchmark,9.0,8.0,2.4,8.8,0,1,1,Web Developer,Software & Web Development
PS2_6428,PS2_Benchmark,6.0,5.0,6.0,5.5,1,1,0,Web Developer,Software & Web Development
PS2_6429,PS2_Benchmark,7.0,4.0,3.5999999999999996,8.8,0,0,0,Web Developer,Software & Web Development
PS2_6430,PS2_Benchmark,3.0,5.0,7.199999999999999,6.6000000000000005,1,1,1,Web Developer,Software & Web Development
PS2_6431,PS2_Benchmark,9.0,4.0,0.0,7.700000000000001,0,0,1,Web Developer,Software & Web Development
PS2_6432,PS2_Benchmark,1.0,5.0,0.0,5.5,1,1,1,Web Developer,Software & Web Development
PS2_6433,PS2_Benchmark,5.0,2.0,0.0,3.3000000000000003,1,1,0,Web Developer,Software & Web Development
PS2_6434,PS2_Benchmark,3.0,2.0,9.2,6.6000000000000005,0,0,0,Web Developer,Software & Web Development
PS2_6435,PS2_Benchmark,9.0,7.0,5.6,2.2,1,0,0,Web Developer,Software & Web Development
PS2_6436,PS2_Benchmark,7.0,2.0,3.5999999999999996,7.700000000000001,1,1,0,Web Developer,Software & Web Development
PS2_6437,PS2_Benchmark,3.0,1.0,3.2,4.4,0,0,1,Web Developer,Software & Web Development
PS2_6438,PS2_Benchmark,6.0,6.0,4.4,5.5,0,0,0,Web Developer,Software & Web Development
PS2_6439,PS2_Benchmark,3.0,1.0,0.0,4.4,1,0,1,Web Developer,Software & Web Development
PS2_6440,PS2_Benchmark,4.0,6.0,2.4,5.5,1,1,1,Web Developer,Software & Web Development
PS2_6441,PS2_Benchmark,5.0,3.0,3.2,1.1,0,0,0,Web Developer,Software & Web Development
PS2_6442,PS2_Benchmark,8.0,5.0,2.0,4.4,1,1,0,Web Developer,Software & Web Development
PS2_6443,PS2_Benchmark,3.0,4.0,2.0,7.700000000000001,1,1,1,Web Developer,Software & Web Development
PS2_6444,PS2_Benchmark,2.0,1.0,1.2,1.1,1,1,1,Web Developer,Software & Web Development
PS2_6445,PS2_Benchmark,1.0,9.0,5.6,1.1,1,0,0,Web Developer,Software & Web Development
PS2_6446,PS2_Benchmark,1.0,6.0,2.0,4.4,0,0,1,Web Developer,Software & Web Development
PS2_6447,PS2_Benchmark,3.0,4.0,2.4,8.8,1,0,0,Web Developer,Software & Web Development
PS2_6448,PS2_Benchmark,2.0,6.0,2.0,2.2,1,1,0,Web Developer,Software & Web Development
PS2_6449,PS2_Benchmark,8.0,4.0,9.2,6.6000000000000005,0,1,0,Web Developer,Software & Web Development
PS2_6450,PS2_Benchmark,1.0,9.0,0.0,7.700000000000001,0,0,1,Web Developer,Software & Web Development
PS2_6451,PS2_Benchmark,3.0,6.0,2.4,5.5,1,1,0,Web Developer,Software & Web Development
PS2_6452,PS2_Benchmark,7.0,9.0,8.0,4.4,0,1,1,Web Developer,Software & Web Development
PS2_6453,PS2_Benchmark,8.0,1.0,0.0,5.5,0,0,1,Web Developer,Software & Web Development
PS2_6454,PS2_Benchmark,7.0,7.0,5.6,4.4,1,0,0,Web Developer,Software & Web Development
PS2_6455,PS2_Benchmark,9.0,6.0,9.2,6.6000000000000005,1,1,1,Web Developer,Software & Web Development
PS2_6456,PS2_Benchmark,1.0,6.0,9.2,3.3000000000000003,0,0,0,Web Developer,Software & Web Development
PS2_6457,PS2_Benchmark,1.0,7.0,1.2,1.1,1,0,0,Web Developer,Software & Web Development
PS2_6458,PS2_Benchmark,2.0,8.0,2.0,5.5,1,1,0,Web Developer,Software & Web Development
PS2_6459,PS2_Benchmark,7.0,3.0,2.4,2.2,1,1,0,Web Developer,Software & Web Development
PS2_6460,PS2_Benchmark,7.0,8.0,1.2,3.3000000000000003,1,1,1,Web Developer,Software & Web Development
PS2_6461,PS2_Benchmark,9.0,2.0,3.5999999999999996,5.5,0,1,0,Web Developer,Software & Web Development
PS2_6462,PS2_Benchmark,4.0,5.0,3.5999999999999996,3.3000000000000003,1,0,1,Web Developer,Software & Web Development
PS2_6463,PS2_Benchmark,6.0,6.0,8.0,5.5,1,0,0,Web Developer,Software & Web Development
PS2_6464,PS2_Benchmark,4.0,8.0,4.4,9.9,0,1,1,Web Developer,Software & Web Development
PS2_6465,PS2_Benchmark,4.0,1.0,3.2,4.4,0,0,1,Web Developer,Software & Web Development
PS2_6466,PS2_Benchmark,2.0,5.0,1.2,2.2,1,0,0,Web Developer,Software & Web Development
PS2_6467,PS2_Benchmark,1.0,8.0,2.0,8.8,1,0,0,Web Developer,Software & Web Development
PS2_6468,PS2_Benchmark,1.0,8.0,3.5999999999999996,4.4,0,0,0,Web Developer,Software & Web Development
PS2_6469,PS2_Benchmark,6.0,3.0,2.4,6.6000000000000005,0,0,1,Web Developer,Software & Web Development
PS2_6470,PS2_Benchmark,6.0,7.0,6.8,2.2,0,1,0,Web Developer,Software & Web Development
PS2_6471,PS2_Benchmark,6.0,7.0,6.8,1.1,0,1,1,Web Developer,Software & Web Development
PS2_6472,PS2_Benchmark,4.0,5.0,2.0,9.9,1,0,0,Web Developer,Software & Web Development
PS2_6473,PS2_Benchmark,4.0,7.0,8.0,8.8,0,1,1,Web Developer,Software & Web Development
PS2_6474,PS2_Benchmark,9.0,2.0,2.0,5.5,0,0,0,Web Developer,Software & Web Development
PS2_6475,PS2_Benchmark,1.0,1.0,2.4,4.4,0,0,1,Web Developer,Software & Web Development
PS2_6476,PS2_Benchmark,9.0,6.0,3.2,6.6000000000000005,1,1,0,Web Developer,Software & Web Development
PS2_6477,PS2_Benchmark,8.0,8.0,1.2,1.1,0,1,0,Web Developer,Software & Web Development
PS2_6478,PS2_Benchmark,1.0,6.0,9.2,3.3000000000000003,1,0,0,Web Developer,Software & Web Development
PS2_6479,PS2_Benchmark,3.0,3.0,6.0,4.4,1,1,1,Web Developer,Software & Web Development
PS2_6480,PS2_Benchmark,2.0,4.0,6.0,1.1,1,1,0,Web Developer,Software & Web Development
PS2_6481,PS2_Benchmark,2.0,5.0,7.199999999999999,6.6000000000000005,1,1,0,Web Developer,Software & Web Development
PS2_6482,PS2_Benchmark,1.0,4.0,3.2,6.6000000000000005,1,0,1,Web Developer,Software & Web Development
PS2_6483,PS2_Benchmark,3.0,8.0,7.199999999999999,9.9,1,0,1,Web Developer,Software & Web Development
PS2_6484,PS2_Benchmark,4.0,3.0,2.0,4.4,1,0,1,Web Developer,Software & Web Development
PS2_6485,PS2_Benchmark,3.0,8.0,4.8,5.5,1,1,1,Web Developer,Software & Web Development
PS2_6486,PS2_Benchmark,5.0,7.0,2.4,6.6000000000000005,0,1,1,Web Developer,Software & Web Development
PS2_6487,PS2_Benchmark,9.0,4.0,7.199999999999999,2.2,1,0,0,Web Developer,Software & Web Development
PS2_6488,PS2_Benchmark,4.0,6.0,8.0,6.6000000000000005,1,1,1,Web Developer,Software & Web Development
PS2_6489,PS2_Benchmark,8.0,6.0,0.0,6.6000000000000005,1,1,0,Web Developer,Software & Web Development
PS2_6490,PS2_Benchmark,7.0,7.0,3.2,3.3000000000000003,0,0,1,Web Developer,Software & Web Development
PS2_6491,PS2_Benchmark,2.0,1.0,7.199999999999999,8.8,0,0,0,Web Developer,Software & Web Development
PS2_6492,PS2_Benchmark,9.0,4.0,3.5999999999999996,3.3000000000000003,1,1,1,Web Developer,Software & Web Development
PS2_6493,PS2_Benchmark,2.0,3.0,6.0,3.3000000000000003,0,1,0,Web Developer,Software & Web Development
PS2_6494,PS2_Benchmark,1.0,5.0,3.5999999999999996,3.3000000000000003,0,1,1,Web Developer,Software & Web Development
PS2_6495,PS2_Benchmark,2.0,5.0,4.8,6.6000000000000005,1,0,0,Web Developer,Software & Web Development
PS2_6496,PS2_Benchmark,3.0,7.0,1.2,7.700000000000001,0,0,0,Web Developer,Software & Web Development
PS2_6497,PS2_Benchmark,2.0,1.0,2.0,2.2,0,1,0,Web Developer,Software & Web Development
PS2_6498,PS2_Benchmark,9.0,1.0,6.0,7.700000000000001,1,1,0,Web Developer,Software & Web Development
PS2_6499,PS2_Benchmark,8.0,5.0,3.2,8.8,0,0,1,Web Developer,Software & Web Development
PS2_6500,PS2_Benchmark,6.0,3.0,6.8,9.9,1,1,0,Web Developer,Software & Web Development
PS2_6501,PS2_Benchmark,6.0,2.0,1.2,1.1,1,0,0,Web Developer,Software & Web Development
PS2_6502,PS2_Benchmark,4.0,8.0,2.0,3.3000000000000003,0,1,1,Web Developer,Software & Web Development
PS2_6503,PS2_Benchmark,2.0,2.0,4.8,2.2,1,0,0,Web Developer,Software & Web Development
PS2_6504,PS2_Benchmark,1.0,5.0,3.5999999999999996,5.5,1,0,0,Web Developer,Software & Web Development
PS2_6505,PS2_Benchmark,7.0,3.0,4.8,8.8,1,1,0,Web Developer,Software & Web Development
PS2_6506,PS2_Benchmark,1.0,6.0,5.6,5.5,0,0,1,Web Developer,Software & Web Development
PS2_6507,PS2_Benchmark,7.0,7.0,4.8,7.700000000000001,0,0,0,Web Developer,Software & Web Development
PS2_6508,PS2_Benchmark,8.0,3.0,3.5999999999999996,4.4,1,1,1,Web Developer,Software & Web Development
PS2_6509,PS2_Benchmark,5.0,5.0,7.199999999999999,7.700000000000001,0,0,0,Web Developer,Software & Web Development
PS2_6510,PS2_Benchmark,1.0,9.0,6.8,3.3000000000000003,1,1,0,Web Developer,Software & Web Development
PS2_6511,PS2_Benchmark,3.0,5.0,6.8,1.1,1,0,1,Web Developer,Software & Web Development
PS2_6512,PS2_Benchmark,8.0,4.0,6.0,1.1,0,0,1,Web Developer,Software & Web Development
PS2_6513,PS2_Benchmark,7.0,5.0,3.2,2.2,0,0,0,Web Developer,Software & Web Development
PS2_6514,PS2_Benchmark,3.0,8.0,2.4,1.1,0,0,0,Web Developer,Software & Web Development
PS2_6515,PS2_Benchmark,2.0,1.0,2.4,8.8,1,0,1,Web Developer,Software & Web Development
PS2_6516,PS2_Benchmark,2.0,5.0,3.5999999999999996,8.8,0,1,0,Web Developer,Software & Web Development
PS2_6517,PS2_Benchmark,8.0,4.0,8.0,1.1,1,0,0,Web Developer,Software & Web Development
PS2_6518,PS2_Benchmark,5.0,8.0,6.0,9.9,1,0,0,Web Developer,Software & Web Development
PS2_6519,PS2_Benchmark,9.0,8.0,1.2,6.6000000000000005,1,0,1,Web Developer,Software & Web Development
PS2_6520,PS2_Benchmark,5.0,6.0,1.2,4.4,0,0,1,Web Developer,Software & Web Development
PS2_6521,PS2_Benchmark,3.0,4.0,9.2,3.3000000000000003,1,1,0,Web Developer,Software & Web Development
PS2_6522,PS2_Benchmark,4.0,3.0,2.0,2.2,0,0,1,Web Developer,Software & Web Development
PS2_6523,PS2_Benchmark,2.0,2.0,6.0,9.9,0,1,0,Web Developer,Software & Web Development
PS2_6524,PS2_Benchmark,6.0,4.0,4.4,3.3000000000000003,0,1,0,Web Developer,Software & Web Development
PS2_6525,PS2_Benchmark,5.0,1.0,7.199999999999999,6.6000000000000005,0,0,0,Web Developer,Software & Web Development
PS2_6526,PS2_Benchmark,8.0,9.0,5.6,7.700000000000001,0,0,0,Web Developer,Software & Web Development
PS2_6527,PS2_Benchmark,5.0,7.0,6.8,7.700000000000001,0,1,0,Web Developer,Software & Web Development
PS2_6528,PS2_Benchmark,7.0,4.0,2.4,6.6000000000000005,1,1,0,Web Developer,Software & Web Development
PS2_6529,PS2_Benchmark,5.0,5.0,3.5999999999999996,4.4,1,0,0,Web Developer,Software & Web Development
PS2_6530,PS2_Benchmark,5.0,6.0,8.0,4.4,1,1,0,Web Developer,Software & Web Development
PS2_6531,PS2_Benchmark,5.0,8.0,6.0,7.700000000000001,0,0,0,Web Developer,Software & Web Development
PS2_6532,PS2_Benchmark,2.0,7.0,6.0,5.5,0,0,0,Web Developer,Software & Web Development
PS2_6533,PS2_Benchmark,4.0,2.0,5.6,8.8,0,1,1,Web Developer,Software & Web Development
PS2_6534,PS2_Benchmark,9.0,2.0,4.8,9.9,1,0,0,Web Developer,Software & Web Development
PS2_6535,PS2_Benchmark,9.0,2.0,0.0,6.6000000000000005,0,1,1,Web Developer,Software & Web Development
PS2_6536,PS2_Benchmark,3.0,9.0,2.4,2.2,0,1,0,Web Developer,Software & Web Development
PS2_6537,PS2_Benchmark,7.0,1.0,7.199999999999999,5.5,1,0,0,Web Developer,Software & Web Development
PS2_6538,PS2_Benchmark,3.0,6.0,4.8,5.5,1,1,1,Web Developer,Software & Web Development
PS2_6539,PS2_Benchmark,8.0,9.0,7.199999999999999,4.4,0,1,0,Web Developer,Software & Web Development
PS2_6540,PS2_Benchmark,5.0,9.0,7.199999999999999,2.2,1,1,0,Web Developer,Software & Web Development
PS2_6541,PS2_Benchmark,7.0,5.0,3.5999999999999996,7.700000000000001,0,0,0,Web Developer,Software & Web Development
PS2_6542,PS2_Benchmark,8.0,7.0,0.0,4.4,0,0,1,Web Developer,Software & Web Development
PS2_6543,PS2_Benchmark,4.0,7.0,8.0,9.9,0,0,1,Web Developer,Software & Web Development
PS2_6544,PS2_Benchmark,5.0,3.0,3.5999999999999996,2.2,0,0,0,Web Developer,Software & Web Development
PS2_6545,PS2_Benchmark,4.0,1.0,2.0,5.5,1,0,1,Web Developer,Software & Web Development
PS2_6546,PS2_Benchmark,8.0,6.0,1.2,8.8,1,1,1,Web Developer,Software & Web Development
PS2_6547,PS2_Benchmark,4.0,9.0,2.0,7.700000000000001,1,1,1,Web Developer,Software & Web Development
PS2_6548,PS2_Benchmark,4.0,4.0,6.0,8.8,1,1,0,Web Developer,Software & Web Development
PS2_6549,PS2_Benchmark,8.0,7.0,0.0,5.5,0,1,1,Web Developer,Software & Web Development
PS2_6550,PS2_Benchmark,6.0,3.0,1.2,7.700000000000001,0,1,1,Web Developer,Software & Web Development
PS2_6551,PS2_Benchmark,2.0,8.0,7.199999999999999,1.1,1,0,0,Web Developer,Software & Web Development
PS2_6552,PS2_Benchmark,2.0,8.0,3.2,7.700000000000001,0,0,0,Web Developer,Software & Web Development
PS2_6553,PS2_Benchmark,7.0,6.0,0.0,9.9,0,1,0,Web Developer,Software & Web Development
PS2_6554,PS2_Benchmark,1.0,5.0,7.199999999999999,7.700000000000001,1,1,1,Web Developer,Software & Web Development
PS2_6555,PS2_Benchmark,1.0,1.0,6.8,5.5,0,1,1,Web Developer,Software & Web Development
PS2_6556,PS2_Benchmark,9.0,8.0,4.8,3.3000000000000003,1,0,1,Web Developer,Software & Web Development
PS2_6557,PS2_Benchmark,2.0,6.0,6.8,9.9,1,0,1,Web Developer,Software & Web Development
PS2_6558,PS2_Benchmark,8.0,2.0,0.0,2.2,1,1,0,Web Developer,Software & Web Development
PS2_6559,PS2_Benchmark,9.0,7.0,0.0,2.2,1,1,0,Web Developer,Software & Web Development
PS2_6560,PS2_Benchmark,7.0,8.0,3.5999999999999996,6.6000000000000005,1,0,1,Web Developer,Software & Web Development
PS2_6561,PS2_Benchmark,8.0,6.0,6.0,6.6000000000000005,1,0,1,Web Developer,Software & Web Development
PS2_6562,PS2_Benchmark,1.0,4.0,0.0,7.700000000000001,0,1,1,Web Developer,Software & Web Development
PS2_6563,PS2_Benchmark,7.0,3.0,2.0,6.6000000000000005,0,0,1,Web Developer,Software & Web Development
PS2_6564,PS2_Benchmark,5.0,8.0,6.0,6.6000000000000005,0,0,1,Web Developer,Software & Web Development
PS2_6565,PS2_Benchmark,6.0,1.0,4.4,5.5,1,0,0,Web Developer,Software & Web Development
PS2_6566,PS2_Benchmark,2.0,9.0,2.4,6.6000000000000005,0,0,1,Web Developer,Software & Web Development
PS2_6567,PS2_Benchmark,8.0,4.0,3.5999999999999996,7.700000000000001,1,0,1,Web Developer,Software & Web Development
PS2_6568,PS2_Benchmark,5.0,2.0,4.4,9.9,0,1,0,Web Developer,Software & Web Development
PS2_6569,PS2_Benchmark,5.0,9.0,4.4,1.1,0,1,1,Web Developer,Software & Web Development
PS2_6570,PS2_Benchmark,2.0,7.0,4.4,6.6000000000000005,1,0,0,Web Developer,Software & Web Development
PS2_6571,PS2_Benchmark,6.0,7.0,2.0,7.700000000000001,0,1,1,Web Developer,Software & Web Development
PS2_6572,PS2_Benchmark,1.0,2.0,3.5999999999999996,6.6000000000000005,1,1,0,Web Developer,Software & Web Development
PS2_6573,PS2_Benchmark,3.0,8.0,1.2,4.4,0,1,1,Web Developer,Software & Web Development
PS2_6574,PS2_Benchmark,5.0,8.0,8.0,5.5,1,0,0,Web Developer,Software & Web Development
PS2_6575,PS2_Benchmark,6.0,3.0,1.2,9.9,1,0,1,Web Developer,Software & Web Development
PS2_6576,PS2_Benchmark,4.0,1.0,3.2,2.2,0,1,0,Web Developer,Software & Web Development
PS2_6577,PS2_Benchmark,5.0,5.0,6.8,4.4,1,0,1,Web Developer,Software & Web Development
PS2_6578,PS2_Benchmark,8.0,7.0,3.5999999999999996,3.3000000000000003,1,1,0,Web Developer,Software & Web Development
PS2_6579,PS2_Benchmark,4.0,6.0,4.4,3.3000000000000003,1,0,1,Web Developer,Software & Web Development
PS2_6580,PS2_Benchmark,1.0,9.0,3.2,2.2,1,1,0,Web Developer,Software & Web Development
PS2_6581,PS2_Benchmark,7.0,6.0,3.5999999999999996,9.9,0,1,0,Web Developer,Software & Web Development
PS2_6582,PS2_Benchmark,7.0,7.0,7.199999999999999,3.3000000000000003,1,1,1,Web Developer,Software & Web Development
PS2_6583,PS2_Benchmark,1.0,5.0,2.4,6.6000000000000005,1,0,1,Web Developer,Software & Web Development
PS2_6584,PS2_Benchmark,9.0,4.0,0.0,7.700000000000001,1,0,1,Web Developer,Software & Web Development
PS2_6585,PS2_Benchmark,1.0,3.0,5.6,1.1,0,0,0,Web Developer,Software & Web Development
PS2_6586,PS2_Benchmark,4.0,6.0,2.0,2.2,1,1,1,Web Developer,Software & Web Development
PS2_6587,PS2_Benchmark,4.0,4.0,4.4,2.2,1,1,0,Web Developer,Software & Web Development
PS2_6588,PS2_Benchmark,5.0,9.0,4.4,8.8,0,0,1,Web Developer,Software & Web Development
PS2_6589,PS2_Benchmark,1.0,8.0,2.4,5.5,0,0,0,Web Developer,Software & Web Development
PS2_6590,PS2_Benchmark,4.0,5.0,5.6,3.3000000000000003,0,0,1,Web Developer,Software & Web Development
PS2_6591,PS2_Benchmark,6.0,1.0,8.0,3.3000000000000003,0,1,1,Web Developer,Software & Web Development
PS2_6592,PS2_Benchmark,2.0,7.0,5.6,5.5,0,0,0,Web Developer,Software & Web Development
PS2_6593,PS2_Benchmark,8.0,4.0,3.2,8.8,1,1,1,Web Developer,Software & Web Development
PS2_6594,PS2_Benchmark,9.0,1.0,6.0,3.3000000000000003,0,0,0,Web Developer,Software & Web Development
PS2_6595,PS2_Benchmark,7.0,7.0,7.199999999999999,7.700000000000001,1,1,1,Web Developer,Software & Web Development
PS2_6596,PS2_Benchmark,7.0,4.0,6.0,9.9,0,1,0,Web Developer,Software & Web Development
PS2_6597,PS2_Benchmark,8.0,8.0,0.0,4.4,0,1,0,Web Developer,Software & Web Development
PS2_6598,PS2_Benchmark,9.0,9.0,3.5999999999999996,8.8,1,1,1,Web Developer,Software & Web Development
PS2_6599,PS2_Benchmark,9.0,2.0,2.0,6.6000000000000005,1,0,1,Web Developer,Software & Web Development
PS2_6600,PS2_Benchmark,7.0,9.0,2.4,8.8,1,0,1,Web Developer,Software & Web Development
PS2_6601,PS2_Benchmark,2.0,7.0,3.5999999999999996,4.4,0,1,0,Web Developer,Software & Web Development
PS2_6602,PS2_Benchmark,5.0,9.0,6.0,8.8,0,0,1,Web Developer,Software & Web Development
PS2_6603,PS2_Benchmark,4.0,6.0,2.0,1.1,1,1,1,Web Developer,Software & Web Development
PS2_6604,PS2_Benchmark,7.0,1.0,4.8,2.2,1,0,0,Web Developer,Software & Web Development
PS2_6605,PS2_Benchmark,8.0,5.0,6.8,7.700000000000001,0,0,0,Web Developer,Software & Web Development
PS2_6606,PS2_Benchmark,8.0,9.0,8.0,2.2,1,1,0,Web Developer,Software & Web Development
PS2_6607,PS2_Benchmark,8.0,7.0,7.199999999999999,4.4,1,1,0,Web Developer,Software & Web Development
PS2_6608,PS2_Benchmark,3.0,9.0,4.8,8.8,1,0,0,Web Developer,Software & Web Development
PS2_6609,PS2_Benchmark,2.0,7.0,0.0,5.5,1,0,0,Web Developer,Software & Web Development
PS2_6610,PS2_Benchmark,5.0,6.0,7.199999999999999,8.8,0,1,0,Web Developer,Software & Web Development
PS2_6611,PS2_Benchmark,1.0,4.0,0.0,2.2,1,1,1,Web Developer,Software & Web Development
PS2_6612,PS2_Benchmark,5.0,6.0,7.199999999999999,2.2,1,0,0,Web Developer,Software & Web Development
PS2_6613,PS2_Benchmark,3.0,5.0,5.6,5.5,1,1,1,Web Developer,Software & Web Development
PS2_6614,PS2_Benchmark,4.0,4.0,2.0,4.4,0,1,1,Web Developer,Software & Web Development
PS2_6615,PS2_Benchmark,2.0,4.0,4.4,5.5,0,1,1,Web Developer,Software & Web Development
PS2_6616,PS2_Benchmark,5.0,1.0,6.0,3.3000000000000003,1,1,1,Web Developer,Software & Web Development
PS2_6617,PS2_Benchmark,1.0,1.0,1.2,2.2,0,1,0,Web Developer,Software & Web Development
PS2_6618,PS2_Benchmark,5.0,2.0,6.0,6.6000000000000005,1,0,1,Web Developer,Software & Web Development
PS2_6619,PS2_Benchmark,3.0,9.0,3.5999999999999996,5.5,0,1,0,Web Developer,Software & Web Development
PS2_6620,PS2_Benchmark,5.0,2.0,6.0,7.700000000000001,1,1,1,Web Developer,Software & Web Development
PS2_6621,PS2_Benchmark,2.0,8.0,5.6,2.2,0,1,1,Web Developer,Software & Web Development
PS2_6622,PS2_Benchmark,7.0,1.0,5.6,4.4,1,0,0,Web Developer,Software & Web Development
PS2_6623,PS2_Benchmark,9.0,5.0,1.2,6.6000000000000005,0,0,0,Web Developer,Software & Web Development
PS2_6624,PS2_Benchmark,8.0,6.0,6.8,2.2,0,1,0,Web Developer,Software & Web Development
PS2_6625,PS2_Benchmark,9.0,7.0,3.5999999999999996,2.2,1,0,0,Web Developer,Software & Web Development
PS2_6626,PS2_Benchmark,8.0,9.0,3.5999999999999996,7.700000000000001,1,0,0,Web Developer,Software & Web Development
PS2_6627,PS2_Benchmark,1.0,3.0,3.2,7.700000000000001,0,1,1,Web Developer,Software & Web Development
PS2_6628,PS2_Benchmark,6.0,8.0,7.199999999999999,7.700000000000001,1,0,1,Web Developer,Software & Web Development
PS2_6629,PS2_Benchmark,4.0,8.0,7.199999999999999,7.700000000000001,0,1,1,Web Developer,Software & Web Development
PS2_6630,PS2_Benchmark,7.0,4.0,2.4,6.6000000000000005,1,0,1,Web Developer,Software & Web Development
PS2_6631,PS2_Benchmark,5.0,2.0,2.0,6.6000000000000005,0,1,1,Web Developer,Software & Web Development
PS2_6632,PS2_Benchmark,7.0,5.0,4.4,6.6000000000000005,0,0,1,Web Developer,Software & Web Development
PS2_6633,PS2_Benchmark,3.0,1.0,1.2,9.9,1,1,1,Web Developer,Software & Web Development
PS2_6634,PS2_Benchmark,2.0,4.0,9.2,7.700000000000001,1,0,0,Web Developer,Software & Web Development
PS2_6635,PS2_Benchmark,4.0,6.0,2.0,6.6000000000000005,0,1,1,Web Developer,Software & Web Development
PS2_6636,PS2_Benchmark,5.0,1.0,2.4,3.3000000000000003,1,0,0,Web Developer,Software & Web Development
PS2_6637,PS2_Benchmark,6.0,7.0,6.8,8.8,0,1,0,Web Developer,Software & Web Development
PS2_6638,PS2_Benchmark,2.0,7.0,6.0,8.8,1,1,0,Web Developer,Software & Web Development
PS2_6639,PS2_Benchmark,7.0,9.0,8.0,4.4,0,0,0,Web Developer,Software & Web Development
PS2_6640,PS2_Benchmark,1.0,9.0,1.2,3.3000000000000003,0,1,0,Web Developer,Software & Web Development
PS2_6641,PS2_Benchmark,9.0,3.0,3.2,1.1,1,1,0,Web Developer,Software & Web Development
PS2_6642,PS2_Benchmark,8.0,5.0,2.0,5.5,0,1,1,Web Developer,Software & Web Development
PS2_6643,PS2_Benchmark,1.0,2.0,3.2,1.1,1,0,1,Web Developer,Software & Web Development
PS2_6644,PS2_Benchmark,7.0,1.0,6.0,3.3000000000000003,0,1,0,Web Developer,Software & Web Development
PS2_6645,PS2_Benchmark,6.0,8.0,9.2,5.5,0,0,1,Web Developer,Software & Web Development
PS2_6646,PS2_Benchmark,9.0,4.0,3.2,7.700000000000001,0,0,0,Web Developer,Software & Web Development
PS2_6647,PS2_Benchmark,4.0,9.0,4.4,1.1,1,0,1,Web Developer,Software & Web Development
PS2_6648,PS2_Benchmark,5.0,6.0,3.5999999999999996,7.700000000000001,1,1,0,Web Developer,Software & Web Development
PS2_6649,PS2_Benchmark,2.0,3.0,9.2,1.1,0,0,1,Web Developer,Software & Web Development
PS2_6650,PS2_Benchmark,7.0,3.0,0.0,6.6000000000000005,1,0,1,Web Developer,Software & Web Development
PS2_6651,PS2_Benchmark,2.0,9.0,4.8,1.1,0,1,0,Web Developer,Software & Web Development
PS2_6652,PS2_Benchmark,2.0,2.0,2.0,9.9,1,1,1,Web Developer,Software & Web Development
PS2_6653,PS2_Benchmark,7.0,6.0,5.6,1.1,1,1,1,Web Developer,Software & Web Development
PS2_6654,PS2_Benchmark,8.0,9.0,2.4,7.700000000000001,1,1,1,Web Developer,Software & Web Development
PS2_6655,PS2_Benchmark,5.0,5.0,6.8,3.3000000000000003,0,0,1,Web Developer,Software & Web Development
PS2_6656,PS2_Benchmark,1.0,9.0,4.4,3.3000000000000003,1,1,0,Web Developer,Software & Web Development
PS2_6657,PS2_Benchmark,1.0,5.0,4.4,5.5,1,1,0,Web Developer,Software & Web Development
PS2_6658,PS2_Benchmark,8.0,3.0,6.0,3.3000000000000003,0,0,1,Web Developer,Software & Web Development
PS2_6659,PS2_Benchmark,8.0,9.0,7.199999999999999,4.4,0,1,1,Web Developer,Software & Web Development
PS2_6660,PS2_Benchmark,9.0,4.0,4.4,1.1,0,1,1,Web Developer,Software & Web Development
PS2_6661,PS2_Benchmark,6.0,6.0,7.199999999999999,9.9,1,1,1,Web Developer,Software & Web Development
PS2_6662,PS2_Benchmark,1.0,2.0,1.2,8.8,1,0,0,Web Developer,Software & Web Development
PS2_6663,PS2_Benchmark,6.0,3.0,5.6,9.9,1,0,1,Web Developer,Software & Web Development
PS2_6664,PS2_Benchmark,1.0,4.0,9.2,1.1,1,0,1,Web Developer,Software & Web Development
PS2_6665,PS2_Benchmark,9.0,4.0,9.2,8.8,1,0,0,Web Developer,Software & Web Development
PS2_6666,PS2_Benchmark,9.0,5.0,2.0,2.2,1,1,0,Web Developer,Software & Web Development
PS2_6667,PS2_Benchmark,2.0,1.0,3.2,3.3000000000000003,0,0,0,Web Developer,Software & Web Development
PS2_6668,PS2_Benchmark,6.0,1.0,0.0,5.5,1,1,0,Web Developer,Software & Web Development
PS2_6669,PS2_Benchmark,1.0,9.0,9.2,7.700000000000001,0,1,1,Web Developer,Software & Web Development
PS2_6670,PS2_Benchmark,8.0,6.0,6.8,3.3000000000000003,0,0,1,Web Developer,Software & Web Development
PS2_6671,PS2_Benchmark,6.0,4.0,4.4,9.9,0,1,0,Web Developer,Software & Web Development
PS2_6672,PS2_Benchmark,8.0,9.0,3.5999999999999996,5.5,0,0,1,Web Developer,Software & Web Development
PS2_6673,PS2_Benchmark,3.0,6.0,9.2,8.8,1,0,1,Web Developer,Software & Web Development
PS2_6674,PS2_Benchmark,4.0,8.0,1.2,8.8,0,0,0,Web Developer,Software & Web Development
PS2_6675,PS2_Benchmark,3.0,3.0,3.2,9.9,1,0,1,Web Developer,Software & Web Development
PS2_6676,PS2_Benchmark,3.0,5.0,8.0,8.8,0,1,1,Web Developer,Software & Web Development
PS2_6677,PS2_Benchmark,2.0,3.0,1.2,7.700000000000001,1,0,0,Web Developer,Software & Web Development
PS2_6678,PS2_Benchmark,4.0,6.0,6.8,2.2,0,1,1,Web Developer,Software & Web Development
PS2_6679,PS2_Benchmark,1.0,8.0,8.0,2.2,1,1,1,Web Developer,Software & Web Development
PS2_6680,PS2_Benchmark,7.0,1.0,8.0,7.700000000000001,1,0,0,Web Developer,Software & Web Development
PS2_6681,PS2_Benchmark,1.0,4.0,2.4,4.4,1,0,1,Web Developer,Software & Web Development
PS2_6682,PS2_Benchmark,8.0,2.0,4.8,2.2,0,0,0,Web Developer,Software & Web Development
PS2_6683,PS2_Benchmark,9.0,7.0,4.4,1.1,0,0,1,Web Developer,Software & Web Development
PS2_6684,PS2_Benchmark,2.0,3.0,8.0,1.1,1,0,0,Web Developer,Software & Web Development
PS2_6685,PS2_Benchmark,2.0,5.0,6.0,8.8,0,1,1,Web Developer,Software & Web Development
PS2_6686,PS2_Benchmark,6.0,7.0,7.199999999999999,5.5,1,1,0,Web Developer,Software & Web Development
PS2_6687,PS2_Benchmark,5.0,1.0,4.4,1.1,0,0,1,Web Developer,Software & Web Development
PS2_6688,PS2_Benchmark,7.0,8.0,4.8,9.9,1,0,0,Web Developer,Software & Web Development
PS2_6689,PS2_Benchmark,8.0,5.0,7.199999999999999,6.6000000000000005,0,0,1,Web Developer,Software & Web Development
PS2_6690,PS2_Benchmark,1.0,3.0,0.0,8.8,1,0,0,Web Developer,Software & Web Development
PS2_6691,PS2_Benchmark,8.0,7.0,5.6,6.6000000000000005,0,1,0,Web Developer,Software & Web Development
PS2_6692,PS2_Benchmark,4.0,7.0,2.0,3.3000000000000003,1,1,1,Web Developer,Software & Web Development
PS2_6693,PS2_Benchmark,5.0,8.0,2.0,5.5,1,0,0,Web Developer,Software & Web Development
PS2_6694,PS2_Benchmark,6.0,5.0,1.2,1.1,0,0,1,Web Developer,Software & Web Development
PS2_6695,PS2_Benchmark,3.0,7.0,0.0,6.6000000000000005,1,1,0,Web Developer,Software & Web Development
PS2_6696,PS2_Benchmark,1.0,5.0,8.0,2.2,1,0,0,Web Developer,Software & Web Development
PS2_6697,PS2_Benchmark,7.0,7.0,6.8,5.5,0,1,1,Web Developer,Software & Web Development
PS2_6698,PS2_Benchmark,5.0,1.0,3.2,8.8,1,1,1,Web Developer,Software & Web Development
PS2_6699,PS2_Benchmark,5.0,1.0,6.0,3.3000000000000003,0,1,1,Web Developer,Software & Web Development
PS2_6700,PS2_Benchmark,5.0,8.0,7.199999999999999,4.4,1,0,0,Web Developer,Software & Web Development
PS2_6701,PS2_Benchmark,7.0,3.0,2.0,8.8,1,1,1,Web Developer,Software & Web Development
PS2_6702,PS2_Benchmark,6.0,2.0,5.6,2.2,1,0,0,Web Developer,Software & Web Development
PS2_6703,PS2_Benchmark,3.0,5.0,8.0,8.8,1,0,1,Web Developer,Software & Web Development
PS2_6704,PS2_Benchmark,3.0,8.0,2.0,4.4,1,1,0,Web Developer,Software & Web Development
PS2_6705,PS2_Benchmark,6.0,7.0,1.2,8.8,1,0,0,Web Developer,Software & Web Development
PS2_6706,PS2_Benchmark,3.0,7.0,4.4,6.6000000000000005,0,0,1,Web Developer,Software & Web Development
PS2_6707,PS2_Benchmark,3.0,4.0,7.199999999999999,4.4,0,1,1,Web Developer,Software & Web Development
PS2_6708,PS2_Benchmark,2.0,4.0,3.5999999999999996,7.700000000000001,1,0,0,Web Developer,Software & Web Development
PS2_6709,PS2_Benchmark,3.0,8.0,5.6,8.8,1,1,1,Web Developer,Software & Web Development
PS2_6710,PS2_Benchmark,4.0,2.0,4.4,8.8,0,0,0,Web Developer,Software & Web Development
PS2_6711,PS2_Benchmark,1.0,9.0,1.2,4.4,1,0,0,Web Developer,Software & Web Development
PS2_6712,PS2_Benchmark,9.0,6.0,1.2,7.700000000000001,0,0,1,Web Developer,Software & Web Development
PS2_6713,PS2_Benchmark,2.0,2.0,6.8,4.4,1,0,0,Web Developer,Software & Web Development
PS2_6714,PS2_Benchmark,3.0,5.0,1.2,1.1,0,1,0,Web Developer,Software & Web Development
PS2_6715,PS2_Benchmark,6.0,7.0,4.4,2.2,0,1,1,Web Developer,Software & Web Development
PS2_6716,PS2_Benchmark,3.0,5.0,3.2,6.6000000000000005,1,0,1,Web Developer,Software & Web Development
PS2_6717,PS2_Benchmark,9.0,5.0,2.4,2.2,1,1,1,Web Developer,Software & Web Development
PS2_6718,PS2_Benchmark,2.0,4.0,4.4,3.3000000000000003,0,0,1,Web Developer,Software & Web Development
PS2_6719,PS2_Benchmark,1.0,1.0,4.8,7.700000000000001,1,1,1,Web Developer,Software & Web Development
PS2_6720,PS2_Benchmark,4.0,6.0,4.8,7.700000000000001,1,1,1,Web Developer,Software & Web Development
PS2_6721,PS2_Benchmark,2.0,2.0,5.6,6.6000000000000005,0,1,0,Web Developer,Software & Web Development
PS2_6722,PS2_Benchmark,9.0,5.0,9.2,1.1,0,0,0,Web Developer,Software & Web Development
PS2_6723,PS2_Benchmark,2.0,9.0,6.0,5.5,1,0,1,Web Developer,Software & Web Development
PS2_6724,PS2_Benchmark,1.0,5.0,7.199999999999999,2.2,1,1,0,Web Developer,Software & Web Development
PS2_6725,PS2_Benchmark,1.0,1.0,4.4,5.5,0,0,1,Web Developer,Software & Web Development
PS2_6726,PS2_Benchmark,3.0,4.0,3.2,4.4,1,1,1,Web Developer,Software & Web Development
PS2_6727,PS2_Benchmark,7.0,9.0,9.2,2.2,0,1,1,Web Developer,Software & Web Development
PS2_6728,PS2_Benchmark,8.0,9.0,6.0,8.8,0,0,1,Web Developer,Software & Web Development
PS2_6729,PS2_Benchmark,9.0,5.0,0.0,9.9,1,1,0,Web Developer,Software & Web Development
PS2_6730,PS2_Benchmark,1.0,9.0,3.5999999999999996,8.8,0,0,0,Web Developer,Software & Web Development
PS2_6731,PS2_Benchmark,5.0,4.0,8.0,7.700000000000001,1,1,1,Web Developer,Software & Web Development
PS2_6732,PS2_Benchmark,4.0,6.0,8.0,6.6000000000000005,0,0,1,Web Developer,Software & Web Development
PS2_6733,PS2_Benchmark,9.0,4.0,4.4,3.3000000000000003,1,1,1,Web Developer,Software & Web Development
PS2_6734,PS2_Benchmark,2.0,5.0,2.4,9.9,1,1,0,Web Developer,Software & Web Development
PS2_6735,PS2_Benchmark,2.0,5.0,3.5999999999999996,4.4,1,1,0,Web Developer,Software & Web Development
PS2_6736,PS2_Benchmark,5.0,7.0,6.8,2.2,1,0,1,Web Developer,Software & Web Development
PS2_6737,PS2_Benchmark,4.0,4.0,8.0,4.4,1,0,0,Web Developer,Software & Web Development
PS2_6738,PS2_Benchmark,5.0,3.0,8.0,7.700000000000001,1,1,1,Web Developer,Software & Web Development
PS2_6739,PS2_Benchmark,4.0,9.0,6.0,7.700000000000001,0,0,0,Web Developer,Software & Web Development
PS2_6740,PS2_Benchmark,1.0,1.0,9.2,4.4,1,0,0,Web Developer,Software & Web Development
PS2_6741,PS2_Benchmark,1.0,7.0,2.0,9.9,0,1,1,Web Developer,Software & Web Development
PS2_6742,PS2_Benchmark,7.0,9.0,3.5999999999999996,2.2,0,1,0,Web Developer,Software & Web Development
PS2_6743,PS2_Benchmark,3.0,9.0,3.5999999999999996,4.4,0,1,0,Web Developer,Software & Web Development
PS2_6744,PS2_Benchmark,4.0,2.0,2.0,7.700000000000001,1,1,0,Web Developer,Software & Web Development
PS2_6745,PS2_Benchmark,3.0,6.0,9.2,7.700000000000001,0,0,0,Web Developer,Software & Web Development
PS2_6746,PS2_Benchmark,3.0,8.0,4.4,7.700000000000001,0,1,0,Web Developer,Software & Web Development
PS2_6747,PS2_Benchmark,4.0,7.0,3.5999999999999996,3.3000000000000003,1,0,0,Web Developer,Software & Web Development
PS2_6748,PS2_Benchmark,3.0,6.0,1.2,2.2,1,1,1,Web Developer,Software & Web Development
PS2_6749,PS2_Benchmark,3.0,8.0,2.0,9.9,1,0,1,Web Developer,Software & Web Development
PS2_6750,PS2_Benchmark,1.0,2.0,8.0,7.700000000000001,1,0,0,Web Developer,Software & Web Development
PS2_6751,PS2_Benchmark,5.0,9.0,8.0,1.1,1,0,0,Web Developer,Software & Web Development
PS2_6752,PS2_Benchmark,6.0,7.0,6.8,8.8,0,1,0,Web Developer,Software & Web Development
PS2_6753,PS2_Benchmark,8.0,3.0,9.2,8.8,1,1,0,Web Developer,Software & Web Development
PS2_6754,PS2_Benchmark,4.0,3.0,6.8,5.5,1,0,1,Web Developer,Software & Web Development
PS2_6755,PS2_Benchmark,5.0,9.0,6.8,3.3000000000000003,0,0,0,Web Developer,Software & Web Development
PS2_6756,PS2_Benchmark,4.0,4.0,0.0,9.9,1,0,0,Web Developer,Software & Web Development
PS2_6757,PS2_Benchmark,6.0,3.0,1.2,5.5,0,0,0,Web Developer,Software & Web Development
PS2_6758,PS2_Benchmark,4.0,2.0,3.5999999999999996,7.700000000000001,0,1,0,Web Developer,Software & Web Development
PS2_6759,PS2_Benchmark,7.0,6.0,6.8,1.1,1,0,1,Web Developer,Software & Web Development
PS2_6760,PS2_Benchmark,2.0,9.0,1.2,4.4,1,1,1,Web Developer,Software & Web Development
PS2_6761,PS2_Benchmark,1.0,7.0,3.5999999999999996,1.1,0,0,0,Web Developer,Software & Web Development
PS2_6762,PS2_Benchmark,3.0,7.0,5.6,2.2,1,1,0,Web Developer,Software & Web Development
PS2_6763,PS2_Benchmark,8.0,4.0,4.8,3.3000000000000003,1,0,1,Web Developer,Software & Web Development
PS2_6764,PS2_Benchmark,5.0,8.0,5.6,7.700000000000001,0,0,0,Web Developer,Software & Web Development
PS2_6765,PS2_Benchmark,3.0,4.0,2.4,1.1,0,1,1,Web Developer,Software & Web Development
PS2_6766,PS2_Benchmark,7.0,8.0,4.4,4.4,1,0,0,Web Developer,Software & Web Development
PS2_6767,PS2_Benchmark,6.0,2.0,6.8,9.9,1,0,0,Web Developer,Software & Web Development
PS2_6768,PS2_Benchmark,2.0,3.0,7.199999999999999,1.1,1,1,1,Web Developer,Software & Web Development
PS2_6769,PS2_Benchmark,1.0,4.0,9.2,4.4,1,1,0,Web Developer,Software & Web Development
PS2_6770,PS2_Benchmark,1.0,3.0,6.8,6.6000000000000005,0,0,0,Web Developer,Software & Web Development
PS2_6771,PS2_Benchmark,6.0,6.0,6.0,4.4,1,1,1,Web Developer,Software & Web Development
PS2_6772,PS2_Benchmark,7.0,2.0,7.199999999999999,6.6000000000000005,0,1,0,Web Developer,Software & Web Development
PS2_6773,PS2_Benchmark,1.0,4.0,3.5999999999999996,6.6000000000000005,1,0,1,Web Developer,Software & Web Development
PS2_6774,PS2_Benchmark,4.0,8.0,2.0,6.6000000000000005,0,1,0,Web Developer,Software & Web Development
PS2_6775,PS2_Benchmark,3.0,3.0,2.0,1.1,1,1,1,Web Developer,Software & Web Development
PS2_6776,PS2_Benchmark,6.0,4.0,2.0,8.8,1,1,0,Web Developer,Software & Web Development
PS2_6777,PS2_Benchmark,3.0,5.0,4.4,2.2,0,1,1,Web Developer,Software & Web Development
PS2_6778,PS2_Benchmark,3.0,2.0,4.8,5.5,0,1,0,Web Developer,Software & Web Development
PS2_6779,PS2_Benchmark,2.0,9.0,9.2,2.2,1,0,1,Web Developer,Software & Web Development
PS2_6780,PS2_Benchmark,4.0,6.0,3.2,3.3000000000000003,0,1,1,Web Developer,Software & Web Development
PS2_6781,PS2_Benchmark,1.0,4.0,4.8,5.5,1,0,1,Web Developer,Software & Web Development
PS2_6782,PS2_Benchmark,6.0,9.0,2.0,3.3000000000000003,1,0,0,Web Developer,Software & Web Development
PS2_6783,PS2_Benchmark,7.0,6.0,6.8,3.3000000000000003,0,1,1,Web Developer,Software & Web Development
PS2_6784,PS2_Benchmark,8.0,8.0,6.0,5.5,0,0,0,Web Developer,Software & Web Development
PS2_6785,PS2_Benchmark,6.0,9.0,2.0,3.3000000000000003,1,0,1,Web Developer,Software & Web Development
PS2_6786,PS2_Benchmark,5.0,1.0,4.4,6.6000000000000005,1,1,0,Web Developer,Software & Web Development
PS2_6787,PS2_Benchmark,4.0,5.0,9.2,5.5,1,0,0,Web Developer,Software & Web Development
PS2_6788,PS2_Benchmark,1.0,1.0,3.5999999999999996,6.6000000000000005,0,0,1,Web Developer,Software & Web Development
PS2_6789,PS2_Benchmark,6.0,3.0,3.5999999999999996,1.1,1,0,0,Web Developer,Software & Web Development
PS2_6790,PS2_Benchmark,8.0,8.0,5.6,7.700000000000001,1,1,1,Web Developer,Software & Web Development
PS2_6791,PS2_Benchmark,6.0,6.0,8.0,8.8,0,0,1,Web Developer,Software & Web Development
PS2_6792,PS2_Benchmark,8.0,8.0,2.0,6.6000000000000005,0,0,0,Web Developer,Software & Web Development
PS2_6793,PS2_Benchmark,1.0,7.0,2.4,8.8,1,0,1,Web Developer,Software & Web Development
PS2_6794,PS2_Benchmark,5.0,9.0,9.2,1.1,1,1,1,Web Developer,Software & Web Development
PS2_6795,PS2_Benchmark,7.0,2.0,1.2,3.3000000000000003,1,1,1,Web Developer,Software & Web Development
PS2_6796,PS2_Benchmark,4.0,3.0,6.0,3.3000000000000003,1,1,0,Web Developer,Software & Web Development
PS2_6797,PS2_Benchmark,3.0,4.0,0.0,8.8,1,0,1,Web Developer,Software & Web Development
PS2_6798,PS2_Benchmark,7.0,2.0,1.2,3.3000000000000003,1,1,0,Web Developer,Software & Web Development
PS2_6799,PS2_Benchmark,1.0,7.0,6.8,9.9,0,0,0,Web Developer,Software & Web Development
PS2_6800,PS2_Benchmark,8.0,1.0,4.4,6.6000000000000005,1,0,0,Web Developer,Software & Web Development
PS2_6801,PS2_Benchmark,8.0,1.0,8.0,9.9,0,0,0,Web Developer,Software & Web Development
PS2_6802,PS2_Benchmark,1.0,2.0,4.8,3.3000000000000003,1,1,0,Web Developer,Software & Web Development
PS2_6803,PS2_Benchmark,1.0,8.0,6.0,9.9,0,0,1,Web Developer,Software & Web Development
PS2_6804,PS2_Benchmark,8.0,9.0,8.0,1.1,1,0,0,Web Developer,Software & Web Development
PS2_6805,PS2_Benchmark,3.0,2.0,5.6,7.700000000000001,1,1,0,Web Developer,Software & Web Development
PS2_6806,PS2_Benchmark,5.0,5.0,6.8,8.8,0,1,0,Web Developer,Software & Web Development
PS2_6807,PS2_Benchmark,2.0,1.0,4.4,1.1,1,0,0,Web Developer,Software & Web Development
PS2_6808,PS2_Benchmark,5.0,8.0,7.199999999999999,8.8,0,1,0,Web Developer,Software & Web Development
PS2_6809,PS2_Benchmark,6.0,3.0,9.2,1.1,1,0,1,Web Developer,Software & Web Development
PS2_6810,PS2_Benchmark,6.0,6.0,9.2,9.9,0,0,0,Web Developer,Software & Web Development
PS2_6811,PS2_Benchmark,6.0,4.0,4.8,7.700000000000001,0,0,0,Web Developer,Software & Web Development
PS2_6812,PS2_Benchmark,3.0,6.0,7.199999999999999,9.9,0,1,1,Web Developer,Software & Web Development
PS2_6813,PS2_Benchmark,8.0,2.0,2.4,3.3000000000000003,1,1,1,Web Developer,Software & Web Development
PS2_6814,PS2_Benchmark,6.0,3.0,0.0,1.1,1,0,1,Web Developer,Software & Web Development
PS2_6815,PS2_Benchmark,4.0,6.0,4.4,7.700000000000001,0,0,0,Web Developer,Software & Web Development
PS2_6816,PS2_Benchmark,1.0,2.0,6.0,8.8,0,1,0,Web Developer,Software & Web Development
PS2_6817,PS2_Benchmark,2.0,3.0,9.2,5.5,0,1,0,Web Developer,Software & Web Development
PS2_6818,PS2_Benchmark,4.0,5.0,6.0,3.3000000000000003,0,1,1,Web Developer,Software & Web Development
PS2_6819,PS2_Benchmark,7.0,6.0,3.2,6.6000000000000005,1,1,1,Web Developer,Software & Web Development
PS2_6820,PS2_Benchmark,2.0,1.0,4.4,8.8,0,1,0,Web Developer,Software & Web Development
PS2_6821,PS2_Benchmark,6.0,4.0,7.199999999999999,7.700000000000001,0,0,1,Web Developer,Software & Web Development
PS2_6822,PS2_Benchmark,9.0,6.0,1.2,7.700000000000001,1,1,0,Web Developer,Software & Web Development
PS2_6823,PS2_Benchmark,7.0,6.0,9.2,6.6000000000000005,0,1,0,Web Developer,Software & Web Development
PS2_6824,PS2_Benchmark,4.0,4.0,6.0,9.9,1,1,1,Web Developer,Software & Web Development
PS2_6825,PS2_Benchmark,9.0,5.0,1.2,4.4,1,0,0,Web Developer,Software & Web Development
PS2_6826,PS2_Benchmark,8.0,3.0,5.6,2.2,0,1,1,Web Developer,Software & Web Development
PS2_6827,PS2_Benchmark,4.0,3.0,3.5999999999999996,7.700000000000001,0,1,1,Web Developer,Software & Web Development
PS2_6828,PS2_Benchmark,5.0,3.0,3.2,3.3000000000000003,0,0,1,Web Developer,Software & Web Development
PS2_6829,PS2_Benchmark,4.0,3.0,4.8,3.3000000000000003,1,1,0,Web Developer,Software & Web Development
PS2_6830,PS2_Benchmark,7.0,8.0,4.8,7.700000000000001,1,1,1,Web Developer,Software & Web Development
PS2_6831,PS2_Benchmark,5.0,9.0,2.0,8.8,1,0,0,Web Developer,Software & Web Development
PS2_6832,PS2_Benchmark,3.0,6.0,9.2,5.5,0,0,1,Web Developer,Software & Web Development
PS2_6833,PS2_Benchmark,7.0,9.0,5.6,6.6000000000000005,0,1,0,Web Developer,Software & Web Development
PS2_6834,PS2_Benchmark,9.0,5.0,3.5999999999999996,7.700000000000001,1,1,1,Web Developer,Software & Web Development
PS2_6835,PS2_Benchmark,5.0,7.0,3.5999999999999996,3.3000000000000003,0,1,1,Web Developer,Software & Web Development
PS2_6836,PS2_Benchmark,5.0,8.0,8.0,3.3000000000000003,0,0,0,Web Developer,Software & Web Development
PS2_6837,PS2_Benchmark,3.0,8.0,7.199999999999999,9.9,1,0,1,Web Developer,Software & Web Development
PS2_6838,PS2_Benchmark,5.0,7.0,3.5999999999999996,2.2,0,0,1,Web Developer,Software & Web Development
PS2_6839,PS2_Benchmark,7.0,3.0,6.8,9.9,1,1,1,Web Developer,Software & Web Development
PS2_6840,PS2_Benchmark,6.0,7.0,9.2,6.6000000000000005,0,1,1,Web Developer,Software & Web Development
PS2_6841,PS2_Benchmark,3.0,6.0,1.2,7.700000000000001,1,1,0,Web Developer,Software & Web Development
PS2_6842,PS2_Benchmark,3.0,3.0,9.2,4.4,0,1,0,Web Developer,Software & Web Development
PS2_6843,PS2_Benchmark,3.0,3.0,7.199999999999999,1.1,0,1,1,Web Developer,Software & Web Development
PS2_6844,PS2_Benchmark,2.0,6.0,6.8,7.700000000000001,0,0,1,Web Developer,Software & Web Development
PS2_6845,PS2_Benchmark,3.0,1.0,2.0,5.5,1,0,0,Web Developer,Software & Web Development
PS2_6846,PS2_Benchmark,5.0,4.0,2.4,9.9,0,0,0,Web Developer,Software & Web Development
PS2_6847,PS2_Benchmark,3.0,6.0,1.2,3.3000000000000003,0,1,0,Web Developer,Software & Web Development
PS2_6848,PS2_Benchmark,8.0,5.0,4.4,8.8,1,0,0,Web Developer,Software & Web Development
PS2_6849,PS2_Benchmark,4.0,9.0,3.2,6.6000000000000005,1,1,0,Web Developer,Software & Web Development
PS2_6850,PS2_Benchmark,2.0,3.0,6.8,6.6000000000000005,0,1,1,Web Developer,Software & Web Development
PS2_6851,PS2_Benchmark,6.0,1.0,5.6,3.3000000000000003,0,0,0,Web Developer,Software & Web Development
PS2_6852,PS2_Benchmark,4.0,7.0,7.199999999999999,1.1,0,1,1,Web Developer,Software & Web Development
PS2_6853,PS2_Benchmark,3.0,3.0,0.0,1.1,1,1,1,Web Developer,Software & Web Development
PS2_6854,PS2_Benchmark,6.0,8.0,4.4,2.2,1,1,1,Web Developer,Software & Web Development
PS2_6855,PS2_Benchmark,7.0,9.0,4.4,3.3000000000000003,0,0,1,Web Developer,Software & Web Development
PS2_6856,PS2_Benchmark,4.0,5.0,4.8,3.3000000000000003,0,0,1,Web Developer,Software & Web Development
PS2_6857,PS2_Benchmark,6.0,8.0,5.6,5.5,1,0,1,Web Developer,Software & Web Development
PS2_6858,PS2_Benchmark,5.0,1.0,2.0,8.8,0,1,0,Web Developer,Software & Web Development
PS2_6859,PS2_Benchmark,8.0,9.0,5.6,1.1,1,1,1,Web Developer,Software & Web Development
PS2_6860,PS2_Benchmark,6.0,7.0,1.2,9.9,0,0,1,Web Developer,Software & Web Development
PS2_6861,PS2_Benchmark,3.0,3.0,6.0,1.1,1,1,0,Web Developer,Software & Web Development
PS2_6862,PS2_Benchmark,5.0,3.0,6.8,3.3000000000000003,1,1,1,Web Developer,Software & Web Development
PS2_6863,PS2_Benchmark,7.0,1.0,5.6,3.3000000000000003,1,0,1,Web Developer,Software & Web Development
PS2_6864,PS2_Benchmark,2.0,8.0,9.2,7.700000000000001,0,0,1,Web Developer,Software & Web Development
PS2_6865,PS2_Benchmark,4.0,2.0,8.0,1.1,1,1,1,Web Developer,Software & Web Development
PS2_6866,PS2_Benchmark,7.0,7.0,6.8,4.4,0,1,1,Web Developer,Software & Web Development
PS2_6867,PS2_Benchmark,2.0,5.0,4.4,7.700000000000001,0,1,1,Web Developer,Software & Web Development
PS2_6868,PS2_Benchmark,4.0,9.0,8.0,1.1,1,0,0,Web Developer,Software & Web Development
PS2_6869,PS2_Benchmark,9.0,1.0,2.4,4.4,0,1,1,Web Developer,Software & Web Development
PS2_6870,PS2_Benchmark,3.0,6.0,5.6,1.1,1,0,0,Web Developer,Software & Web Development
PS2_6871,PS2_Benchmark,7.0,8.0,2.0,1.1,1,1,1,Web Developer,Software & Web Development
PS2_6872,PS2_Benchmark,4.0,5.0,0.0,6.6000000000000005,1,1,0,Web Developer,Software & Web Development
PS2_6873,PS2_Benchmark,2.0,7.0,4.8,7.700000000000001,1,0,1,Web Developer,Software & Web Development
PS2_6874,PS2_Benchmark,4.0,4.0,5.6,1.1,1,1,0,Web Developer,Software & Web Development
PS2_6875,PS2_Benchmark,7.0,5.0,4.4,4.4,1,1,0,Web Developer,Software & Web Development
PS2_6876,PS2_Benchmark,7.0,7.0,4.4,8.8,0,1,0,Web Developer,Software & Web Development
PS2_6877,PS2_Benchmark,6.0,2.0,4.8,1.1,0,0,1,Web Developer,Software & Web Development
PS2_6878,PS2_Benchmark,8.0,4.0,9.2,6.6000000000000005,1,1,1,Web Developer,Software & Web Development
PS2_6879,PS2_Benchmark,6.0,4.0,6.0,1.1,0,1,1,Web Developer,Software & Web Development
PS2_6880,PS2_Benchmark,7.0,1.0,4.8,8.8,0,1,0,Web Developer,Software & Web Development
PS2_6881,PS2_Benchmark,8.0,6.0,5.6,5.5,0,1,0,Web Developer,Software & Web Development
PS2_6882,PS2_Benchmark,9.0,2.0,8.0,8.8,0,1,1,Web Developer,Software & Web Development
PS2_6883,PS2_Benchmark,7.0,6.0,9.2,6.6000000000000005,1,1,0,Web Developer,Software & Web Development
PS2_6884,PS2_Benchmark,3.0,6.0,2.0,6.6000000000000005,0,1,0,Web Developer,Software & Web Development
PS2_6885,PS2_Benchmark,7.0,7.0,6.8,3.3000000000000003,1,0,0,Web Developer,Software & Web Development
PS2_6886,PS2_Benchmark,6.0,1.0,6.0,8.8,0,0,1,Web Developer,Software & Web Development
PS2_6887,PS2_Benchmark,6.0,7.0,1.2,7.700000000000001,0,1,1,Web Developer,Software & Web Development
PS2_6888,PS2_Benchmark,8.0,8.0,2.4,6.6000000000000005,0,0,1,Web Developer,Software & Web Development
PS2_6889,PS2_Benchmark,5.0,5.0,4.8,3.3000000000000003,1,0,0,Web Developer,Software & Web Development
PS2_6890,PS2_Benchmark,1.0,4.0,3.5999999999999996,2.2,1,0,1,Web Developer,Software & Web Development
PS2_6891,PS2_Benchmark,8.0,6.0,3.5999999999999996,5.5,0,0,0,Web Developer,Software & Web Development
PS2_6892,PS2_Benchmark,2.0,6.0,2.0,5.5,1,0,0,Web Developer,Software & Web Development
PS2_6893,PS2_Benchmark,4.0,3.0,2.0,5.5,1,0,0,Web Developer,Software & Web Development
PS2_6894,PS2_Benchmark,9.0,9.0,3.5999999999999996,9.9,1,1,0,Web Developer,Software & Web Development
PS2_6895,PS2_Benchmark,5.0,9.0,7.199999999999999,8.8,0,1,1,Web Developer,Software & Web Development
PS2_6896,PS2_Benchmark,9.0,3.0,1.2,4.4,1,1,0,Web Developer,Software & Web Development
PS2_6897,PS2_Benchmark,7.0,6.0,6.0,2.2,1,0,0,Web Developer,Software & Web Development
PS2_6898,PS2_Benchmark,6.0,1.0,6.0,8.8,0,0,0,Web Developer,Software & Web Development
PS2_6899,PS2_Benchmark,5.0,6.0,1.2,7.700000000000001,1,1,1,Web Developer,Software & Web Development
PS2_6900,PS2_Benchmark,1.0,4.0,7.199999999999999,6.6000000000000005,0,0,1,Web Developer,Software & Web Development
PS2_6901,PS2_Benchmark,5.0,2.0,9.2,5.5,0,1,0,Web Developer,Software & Web Development
